1,0.000376,0.000017,0.000359,0.000190,0.000107
2,0.000659,0.000026,0.000612,0.000351,0.000206
3,0.000407,0.000018,0.000381,0.000218,0.000118
4,0.000637,0.000025,0.000582,0.000352,0.000204
5,0.000340,0.000015,0.000316,0.000173,0.000109
6,0.000582,0.000023,0.000528,0.000316,0.000166
7,0.000345,0.000015,0.000317,0.000178,0.000107
8,0.000598,0.000022,0.000536,0.000333,0.000187
9,0.000365,0.000016,0.000338,0.000176,0.000113
10,0.000607,0.000024,0.000552,0.000314,0.000208
11,0.000418,0.000017,0.000383,0.000194,0.000211
12,0.000657,0.000023,0.000592,0.000321,0.000272
13,0.000362,0.000016,0.000336,0.000179,0.000120
14,0.000614,0.000023,0.000558,0.000319,0.000195
15,0.000347,0.000017,0.000320,0.000178,0.000127
16,0.000674,0.000024,0.000592,0.000313,0.000363
17,0.000400,0.000017,0.000360,0.000167,0.000217
18,0.000671,0.000023,0.000581,0.000300,0.000339
19,0.000374,0.000017,0.000343,0.000159,0.000131
20,0.000600,0.000022,0.000530,0.000272,0.000199
21,0.000344,0.000014,0.000307,0.000158,0.000096
22,0.000605,0.000021,0.000522,0.000288,0.000189
23,0.000379,0.000016,0.000338,0.000164,0.000143
24,0.000686,0.000026,0.000602,0.000286,0.000250
25,0.000325,0.000014,0.000288,0.000153,0.000098
26,0.000554,0.000020,0.000473,0.000255,0.000164
27,0.000339,0.000014,0.000290,0.000160,0.000080
28,0.000633,0.000020,0.000514,0.000317,0.000204
29,0.000350,0.000015,0.000301,0.000185,0.000073
30,0.000633,0.000023,0.000520,0.000298,0.000133
31,0.000347,0.000015,0.000292,0.000154,0.000106
32,0.000708,0.000023,0.000537,0.000328,0.000320
33,0.000435,0.000016,0.000325,0.000195,0.000216
34,0.000748,0.000025,0.000545,0.000335,0.000294
35,0.000371,0.000016,0.000292,0.000180,0.000069
36,0.000616,0.000022,0.000466,0.000348,0.000111
37,0.000445,0.000019,0.000342,0.000205,0.000154
38,0.000748,0.000028,0.000556,0.000377,0.000196
39,0.000425,0.000016,0.000301,0.000184,0.000150
40,0.000744,0.000026,0.000495,0.000346,0.000230
41,0.000451,0.000017,0.000305,0.000218,0.000152
42,0.000841,0.000029,0.000529,0.000415,0.000288
43,0.000409,0.000017,0.000300,0.000227,0.000091
44,0.000766,0.000026,0.000488,0.000419,0.000190
45,0.000513,0.000019,0.000347,0.000243,0.000140
46,0.000853,0.000028,0.000511,0.000430,0.000225
47,0.000430,0.000015,0.000269,0.000215,0.000098
48,0.000769,0.000025,0.000467,0.000400,0.000139
49,0.000635,0.000021,0.000385,0.000280,0.000177
50,0.000890,0.000027,0.000513,0.000463,0.000210
51,0.000436,0.000014,0.000264,0.000226,0.000073
52,0.000818,0.000023,0.000464,0.000428,0.000108
53,0.000683,0.000020,0.000381,0.000319,0.000099
54,0.001020,0.000027,0.000527,0.000505,0.000159
55,0.000497,0.000014,0.000266,0.000267,0.000082
56,0.000888,0.000023,0.000436,0.000478,0.000150
57,0.001073,0.000023,0.000424,0.000561,0.000330
58,0.001561,0.000034,0.000596,0.000918,0.000367
59,0.000592,0.000018,0.000291,0.000354,0.000068
60,0.001344,0.000032,0.000499,0.000860,0.000162
61,0.000765,0.000016,0.000277,0.000458,0.000090
62,0.001369,0.000025,0.000458,0.000829,0.000142
63,0.000567,0.000014,0.000239,0.000319,0.000060
64,0.001247,0.000023,0.000409,0.000728,0.000126
65,0.000683,0.000018,0.000277,0.000403,0.000064
66,0.001233,0.000027,0.000429,0.000821,0.000108
67,0.000626,0.000013,0.000221,0.000385,0.000055
68,0.001237,0.000023,0.000369,0.000749,0.000096
69,0.001843,0.000024,0.000486,0.000763,0.000073
70,0.002463,0.000037,0.000693,0.000818,0.000136
71,0.000717,0.000015,0.000238,0.000453,0.000127
72,0.001260,0.000020,0.000341,0.000855,0.000162
73,0.000659,0.000014,0.000199,0.000394,0.000053
74,0.001192,0.000021,0.000319,0.000764,0.000079
75,0.000768,0.000012,0.000202,0.000484,0.000069
76,0.001382,0.000019,0.000317,0.000914,0.000121
77,0.000868,0.000016,0.000196,0.000469,0.000068
78,0.001767,0.000032,0.000337,0.000920,0.000142
79,0.000694,0.000016,0.000187,0.000388,0.000036
80,0.001355,0.000019,0.000277,0.000905,0.000071
81,0.000728,0.000011,0.000190,0.000413,0.000042
82,0.001470,0.000018,0.000279,0.000914,0.000072
83,0.000715,0.000012,0.000183,0.000445,0.000034
84,0.001370,0.000019,0.000270,0.000853,0.000069
85,0.000728,0.000011,0.000171,0.000464,0.000051
86,0.001270,0.000017,0.000268,0.000843,0.000071
87,0.000830,0.000015,0.000225,0.000262,0.000047
88,0.001134,0.000017,0.000292,0.000570,0.000061
89,0.000758,0.000014,0.000204,0.000292,0.000041
90,0.001854,0.000027,0.000411,0.000557,0.000088
91,0.000681,0.000011,0.000177,0.000363,0.000034
92,0.001323,0.000014,0.000245,0.000814,0.000062
93,0.000931,0.000013,0.000177,0.000453,0.000066
94,0.001429,0.000016,0.000268,0.000746,0.000089
95,0.000745,0.000010,0.000160,0.000470,0.000046
96,0.001520,0.000015,0.000238,0.000956,0.000069
97,0.000835,0.000011,0.000166,0.000439,0.000038
98,0.001589,0.000018,0.000251,0.000900,0.000053
99,0.000840,0.000010,0.000154,0.000474,0.000053
100,0.001478,0.000014,0.000232,0.000894,0.000082
101,0.000882,0.000011,0.000164,0.000473,0.000038
102,0.001362,0.000016,0.000298,0.000475,0.000054
103,0.000834,0.000011,0.000157,0.000456,0.000047
104,0.001688,0.000017,0.000259,0.000926,0.000054
105,0.001172,0.000017,0.000203,0.000631,0.000155
106,0.002007,0.000020,0.000281,0.001126,0.000163
107,0.000719,0.000011,0.000157,0.000423,0.000047
108,0.001559,0.000015,0.000246,0.000949,0.000079
109,0.000716,0.000010,0.000150,0.000445,0.000029
110,0.001495,0.000014,0.000227,0.000925,0.000043
111,0.000873,0.000009,0.000153,0.000510,0.000059
112,0.001432,0.000017,0.000252,0.000779,0.000056
113,0.000887,0.000009,0.000145,0.000502,0.000039
114,0.001681,0.000014,0.000242,0.000934,0.000052
115,0.000758,0.000008,0.000143,0.000458,0.000025
116,0.001429,0.000012,0.000207,0.000910,0.000042
117,0.000781,0.000008,0.000134,0.000445,0.000035
118,0.001361,0.000012,0.000207,0.000819,0.000049
119,0.000656,0.000011,0.000148,0.000338,0.000030
120,0.001367,0.000021,0.000259,0.000602,0.000042
121,0.000715,0.000008,0.000138,0.000437,0.000040
122,0.001344,0.000013,0.000205,0.000874,0.000049
123,0.000665,0.000009,0.000141,0.000436,0.000023
124,0.001244,0.000014,0.000220,0.000815,0.000054
125,0.000696,0.000008,0.000135,0.000457,0.000027
126,0.001422,0.000013,0.000196,0.000963,0.000040
127,0.000640,0.000008,0.000134,0.000392,0.000029
128,0.001214,0.000014,0.000217,0.000717,0.000048
129,0.000706,0.000008,0.000130,0.000470,0.000033
130,0.001438,0.000013,0.000202,0.000994,0.000051
131,0.000770,0.000009,0.000127,0.000542,0.000037
132,0.001255,0.000013,0.000197,0.000895,0.000050
133,0.000595,0.000008,0.000131,0.000382,0.000023
134,0.001411,0.000015,0.000253,0.000546,0.000044
135,0.000827,0.000010,0.000134,0.000586,0.000033
136,0.001656,0.000019,0.000213,0.001105,0.000048
137,0.000633,0.000008,0.000129,0.000502,0.000028
138,0.001415,0.000017,0.000199,0.001074,0.000035
139,0.000874,0.000013,0.000142,0.000497,0.000035
140,0.001628,0.000020,0.000210,0.001090,0.000052
141,0.000969,0.000012,0.000182,0.000294,0.000032
142,0.001110,0.000012,0.000206,0.000780,0.000045
143,0.001066,0.000010,0.000149,0.000719,0.000059
144,0.001625,0.000013,0.000198,0.001265,0.000056
145,0.000616,0.000009,0.000132,0.000489,0.000045
146,0.001209,0.000012,0.000190,0.001015,0.000067
147,0.000585,0.000010,0.000135,0.000408,0.000025
148,0.001097,0.000015,0.000199,0.000884,0.000043
149,0.000815,0.000008,0.000131,0.000554,0.000038
150,0.001358,0.000012,0.000187,0.001058,0.000067
151,0.000631,0.000009,0.000128,0.000558,0.000023
152,0.001381,0.000024,0.000262,0.000638,0.000037
153,0.000792,0.000009,0.000145,0.000581,0.000044
154,0.001469,0.000014,0.000233,0.001134,0.000077
155,0.000737,0.000008,0.000123,0.000568,0.000025
156,0.001514,0.000011,0.000191,0.001240,0.000047
157,0.000743,0.000008,0.000124,0.000625,0.000025
158,0.001628,0.000013,0.000198,0.001303,0.000058
159,0.000769,0.000009,0.000132,0.000624,0.000039
160,0.001481,0.000014,0.000187,0.001244,0.000057
161,0.000723,0.000008,0.000128,0.000633,0.000018
162,0.001285,0.000012,0.000188,0.001293,0.000029
163,0.000906,0.000008,0.000136,0.000642,0.000071
164,0.001524,0.000013,0.000189,0.001182,0.000075
165,0.000533,0.000009,0.000123,0.000445,0.000021
166,0.001017,0.000016,0.000197,0.000848,0.000042
167,0.000594,0.000007,0.000110,0.000498,0.000023
168,0.001140,0.000011,0.000170,0.000994,0.000045
169,0.000728,0.000008,0.000121,0.000560,0.000058
170,0.001055,0.000013,0.000173,0.000987,0.000066
171,0.000554,0.000009,0.000126,0.000419,0.000029
172,0.001027,0.000011,0.000173,0.000961,0.000036
173,0.000562,0.000007,0.000117,0.000495,0.000021
174,0.001145,0.000010,0.000167,0.001035,0.000038
175,0.000576,0.000007,0.000110,0.000515,0.000030
176,0.001085,0.000012,0.000188,0.000758,0.000045
177,0.000706,0.000009,0.000116,0.000568,0.000034
178,0.001030,0.000011,0.000173,0.000917,0.000044
179,0.000709,0.000008,0.000133,0.000320,0.000029
180,0.001101,0.000012,0.000191,0.000763,0.000041
181,0.000912,0.000011,0.000124,0.000667,0.000049
182,0.001436,0.000017,0.000184,0.001200,0.000056
183,0.000781,0.000011,0.000121,0.000649,0.000024
184,0.001484,0.000021,0.000194,0.001250,0.000040
185,0.000738,0.000010,0.000117,0.000640,0.000024
186,0.001469,0.000018,0.000189,0.001282,0.000052
187,0.000571,0.000010,0.000129,0.000395,0.000048
188,0.000902,0.000014,0.000178,0.000838,0.000064
189,0.000588,0.000008,0.000117,0.000509,0.000022
190,0.001040,0.000013,0.000168,0.001022,0.000039
191,0.000970,0.000016,0.000164,0.000291,0.000047
192,0.002416,0.000033,0.000334,0.000726,0.000067
193,0.000709,0.000013,0.000143,0.000298,0.000029
194,0.000952,0.000017,0.000187,0.000899,0.000049
195,0.000795,0.000008,0.000119,0.000687,0.000021
196,0.001203,0.000011,0.000173,0.001154,0.000046
197,0.000796,0.000010,0.000127,0.000717,0.000043
198,0.001600,0.000021,0.000212,0.001415,0.000055
199,0.000683,0.000009,0.000119,0.000723,0.000028
200,0.001474,0.000018,0.000198,0.001446,0.000041
201,0.000800,0.000009,0.000124,0.000718,0.000026
202,0.001381,0.000013,0.000183,0.001381,0.000045
203,0.002042,0.000018,0.000267,0.001053,0.000044
204,0.001768,0.000019,0.000272,0.000779,0.000056
205,0.000663,0.000011,0.000140,0.000463,0.000046
206,0.001137,0.000013,0.000190,0.001098,0.000068
207,0.000739,0.000007,0.000119,0.000659,0.000048
208,0.001380,0.000011,0.000179,0.001261,0.000070
209,0.000488,0.000009,0.000123,0.000497,0.000042
210,0.001067,0.000011,0.000166,0.001132,0.000048
211,0.000617,0.000008,0.000122,0.000593,0.000030
212,0.001138,0.000012,0.000176,0.001248,0.000044
213,0.000505,0.000007,0.000114,0.000519,0.000024
214,0.001101,0.000010,0.000163,0.001123,0.000047
215,0.000587,0.000007,0.000109,0.000549,0.000030
216,0.000833,0.000012,0.000164,0.000838,0.000047
217,0.000570,0.000007,0.000108,0.000573,0.000037
218,0.000944,0.000009,0.000151,0.001023,0.000047
219,0.000548,0.000008,0.000115,0.000472,0.000026
220,0.000904,0.000010,0.000153,0.001036,0.000038
221,0.001462,0.000013,0.000188,0.000625,0.000037
222,0.001430,0.000013,0.000213,0.000577,0.000042
223,0.000513,0.000007,0.000114,0.000328,0.000021
224,0.000896,0.000014,0.000160,0.000851,0.000033
225,0.000434,0.000007,0.000110,0.000344,0.000022
226,0.001754,0.000017,0.000246,0.000779,0.000075
227,0.000818,0.000014,0.000122,0.000601,0.000033
228,0.001134,0.000020,0.000178,0.001127,0.000046
229,0.000825,0.000014,0.000127,0.000569,0.000026
230,0.001531,0.000024,0.000205,0.001150,0.000056
231,0.000764,0.000011,0.000116,0.000622,0.000032
232,0.001429,0.000018,0.000197,0.001178,0.000087
233,0.000563,0.000007,0.000107,0.000636,0.000032
234,0.001157,0.000011,0.000161,0.001202,0.000039
235,0.000830,0.000010,0.000124,0.000558,0.000069
236,0.001274,0.000018,0.000185,0.001015,0.000083
237,0.000591,0.000015,0.000136,0.000262,0.000032
238,0.001155,0.000032,0.000244,0.000533,0.000072
239,0.000486,0.000010,0.000111,0.000475,0.000026
240,0.000774,0.000022,0.000180,0.000819,0.000035
241,0.000441,0.000007,0.000102,0.000422,0.000021
242,0.000930,0.000010,0.000147,0.000940,0.000040
243,0.000735,0.000010,0.000118,0.000530,0.000022
244,0.001251,0.000016,0.000186,0.000975,0.000039
245,0.000564,0.000008,0.000106,0.000520,0.000025
246,0.001158,0.000018,0.000170,0.000966,0.000030
247,0.000851,0.000008,0.000140,0.000313,0.000057
248,0.000898,0.000012,0.000168,0.000542,0.000054
249,0.000685,0.000012,0.000112,0.000458,0.000024
250,0.000818,0.000012,0.000150,0.000659,0.000042
251,0.000661,0.000010,0.000103,0.000479,0.000023
252,0.000912,0.000012,0.000152,0.000770,0.000041
253,0.000712,0.000008,0.000119,0.000278,0.000033
254,0.000964,0.000010,0.000163,0.000634,0.000045
255,0.001280,0.000012,0.000161,0.000561,0.000046
256,0.001213,0.000013,0.000188,0.000560,0.000062
257,0.000832,0.000013,0.000138,0.000255,0.000037
258,0.001348,0.000019,0.000213,0.000454,0.000050
259,0.000563,0.000006,0.000106,0.000634,0.000035
260,0.001139,0.000011,0.000164,0.001206,0.000057
261,0.000685,0.000007,0.000119,0.000493,0.000033
262,0.001054,0.000011,0.000179,0.000696,0.000044
263,0.001022,0.000010,0.000142,0.000618,0.000029
264,0.001860,0.000015,0.000239,0.001152,0.000046
265,0.000839,0.000013,0.000126,0.000607,0.000026
266,0.001538,0.000024,0.000209,0.001196,0.000035
267,0.000771,0.000007,0.000112,0.000753,0.000043
268,0.001359,0.000011,0.000170,0.001474,0.000057
269,0.000369,0.000011,0.000109,0.000364,0.000022
270,0.000799,0.000016,0.000164,0.000869,0.000031
271,0.000646,0.000013,0.000119,0.000461,0.000038
272,0.001060,0.000024,0.000193,0.000785,0.000048
273,0.002025,0.000015,0.000218,0.001153,0.000036
274,0.002408,0.000026,0.000290,0.001146,0.000055
275,0.000742,0.000007,0.000105,0.000513,0.000025
276,0.001273,0.000012,0.000168,0.000886,0.000049
277,0.000610,0.000010,0.000105,0.000433,0.000019
278,0.001102,0.000016,0.000162,0.000820,0.000025
279,0.000608,0.000009,0.000104,0.000412,0.000019
280,0.001000,0.000014,0.000153,0.000757,0.000027
281,0.000686,0.000011,0.000109,0.000476,0.000025
282,0.001122,0.000015,0.000159,0.000889,0.000034
283,0.000640,0.000009,0.000103,0.000463,0.000020
284,0.001172,0.000015,0.000163,0.000905,0.000032
285,0.000433,0.000008,0.000101,0.000279,0.000032
286,0.000752,0.000011,0.000149,0.000584,0.000043
287,0.000510,0.000010,0.000110,0.000304,0.000021
288,0.000834,0.000018,0.000170,0.000593,0.000041
289,0.000450,0.000008,0.000103,0.000281,0.000024
290,0.001457,0.000019,0.000207,0.000574,0.000036
291,0.000418,0.000006,0.000097,0.000264,0.000034
292,0.001250,0.000014,0.000186,0.000630,0.000060
293,0.000643,0.000007,0.000105,0.000361,0.000033
294,0.000970,0.000012,0.000150,0.000689,0.000039
295,0.000804,0.000014,0.000116,0.000466,0.000022
296,0.001062,0.000014,0.000198,0.001074,0.000044
297,0.000760,0.000011,0.000120,0.000437,0.000025
298,0.001999,0.000024,0.000255,0.000779,0.000042
299,0.000946,0.000013,0.000127,0.000489,0.000050
300,0.001508,0.000018,0.000193,0.000993,0.000070
301,0.000703,0.000008,0.000104,0.000625,0.000035
302,0.001315,0.000015,0.000167,0.001196,0.000054
303,0.000399,0.000011,0.000109,0.000403,0.000029
304,0.000721,0.000016,0.000155,0.001015,0.000044
305,0.000588,0.000013,0.000119,0.000487,0.000039
306,0.001060,0.000026,0.000209,0.000871,0.000061
307,0.000681,0.000012,0.000122,0.000273,0.000029
308,0.001017,0.000023,0.000194,0.000566,0.000044
309,0.000553,0.000009,0.000107,0.000217,0.000033
310,0.000729,0.000012,0.000152,0.000493,0.000051
311,0.000631,0.000007,0.000114,0.000558,0.000030
312,0.000600,0.000010,0.000144,0.000568,0.000038
313,0.000757,0.000016,0.000121,0.000396,0.000021
314,0.000931,0.000021,0.000172,0.000539,0.000043
315,0.000760,0.000013,0.000111,0.000417,0.000033
316,0.000940,0.000019,0.000160,0.000559,0.000040
317,0.000838,0.000014,0.000119,0.000474,0.000045
318,0.001009,0.000017,0.000158,0.000567,0.000044
319,0.000408,0.000006,0.000095,0.000253,0.000022
320,0.000583,0.000008,0.000140,0.000373,0.000040
321,0.000389,0.000006,0.000095,0.000390,0.000021
322,0.000771,0.000011,0.000140,0.000962,0.000039
323,0.000655,0.000008,0.000104,0.000590,0.000068
324,0.000872,0.000014,0.000152,0.001086,0.000074
325,0.000584,0.000012,0.000119,0.000279,0.000058
326,0.000945,0.000022,0.000189,0.000697,0.000089
327,0.000753,0.000008,0.000113,0.000444,0.000025
328,0.000926,0.000013,0.000155,0.000967,0.000037
329,0.000384,0.000006,0.000092,0.000395,0.000022
330,0.000724,0.000009,0.000138,0.001028,0.000038
331,0.001397,0.000010,0.000163,0.000884,0.000038
332,0.001230,0.000010,0.000180,0.000614,0.000048
333,0.000414,0.000008,0.000097,0.000355,0.000038
334,0.000662,0.000011,0.000139,0.000640,0.000045
335,0.000550,0.000008,0.000101,0.000341,0.000025
336,0.000838,0.000013,0.000148,0.000684,0.000037
337,0.000424,0.000007,0.000097,0.000337,0.000029
338,0.001096,0.000018,0.000169,0.000855,0.000057
339,0.000522,0.000008,0.000095,0.000375,0.000020
340,0.000754,0.000011,0.000137,0.000715,0.000033
341,0.000633,0.000006,0.000102,0.000468,0.000039
342,0.001201,0.000010,0.000155,0.000756,0.000071
343,0.000425,0.000008,0.000094,0.000493,0.000023
344,0.000759,0.000014,0.000142,0.000883,0.000034
345,0.000791,0.000011,0.000125,0.000250,0.000026
346,0.001235,0.000021,0.000194,0.000465,0.000034
347,0.000512,0.000009,0.000106,0.000282,0.000032
348,0.001023,0.000016,0.000172,0.000403,0.000047
349,0.000659,0.000008,0.000108,0.000351,0.000028
350,0.000631,0.000009,0.000137,0.000267,0.000034
351,0.000732,0.000012,0.000110,0.000435,0.000035
352,0.000635,0.000014,0.000144,0.000428,0.000038
353,0.000709,0.000015,0.000117,0.000510,0.000020
354,0.000980,0.000019,0.000167,0.000711,0.000031
355,0.000789,0.000008,0.000121,0.000419,0.000060
356,0.001422,0.000017,0.000179,0.000944,0.000070
357,0.000961,0.000008,0.000134,0.000632,0.000024
358,0.001073,0.000010,0.000173,0.000511,0.000042
359,0.000627,0.000006,0.000097,0.000598,0.000024
360,0.001287,0.000010,0.000158,0.001226,0.000037
361,0.000480,0.000008,0.000098,0.000475,0.000027
362,0.000944,0.000014,0.000156,0.000963,0.000061
363,0.000501,0.000010,0.000112,0.000188,0.000028
364,0.000760,0.000019,0.000170,0.000412,0.000042
365,0.000497,0.000008,0.000103,0.000249,0.000038
366,0.000770,0.000015,0.000161,0.000304,0.000048
367,0.000543,0.000006,0.000097,0.000273,0.000029
368,0.000968,0.000010,0.000149,0.000679,0.000037
369,0.000538,0.000009,0.000100,0.000317,0.000020
370,0.001020,0.000013,0.000161,0.000526,0.000035
371,0.000819,0.000015,0.000123,0.000451,0.000054
372,0.001178,0.000023,0.000173,0.000768,0.000051
373,0.000580,0.000009,0.000096,0.000412,0.000020
374,0.000925,0.000016,0.000145,0.000725,0.000032
375,0.000621,0.000006,0.000106,0.000278,0.000045
376,0.001799,0.000012,0.000206,0.000720,0.000047
377,0.000492,0.000006,0.000094,0.000438,0.000020
378,0.000800,0.000010,0.000137,0.000887,0.000028
379,0.000475,0.000010,0.000104,0.000319,0.000031
380,0.000788,0.000016,0.000157,0.000695,0.000037
381,0.000589,0.000009,0.000109,0.000383,0.000031
382,0.000979,0.000017,0.000172,0.000442,0.000068
383,0.000538,0.000006,0.000095,0.000493,0.000047
384,0.000925,0.000009,0.000139,0.000985,0.000062
385,0.000332,0.000006,0.000094,0.000224,0.000028
386,0.000928,0.000010,0.000150,0.000776,0.000036
387,0.000742,0.000008,0.000107,0.000395,0.000017
388,0.001081,0.000012,0.000155,0.000707,0.000050
389,0.001224,0.000009,0.000155,0.001175,0.000043
390,0.001004,0.000011,0.000172,0.000924,0.000052
391,0.000677,0.000008,0.000096,0.000436,0.000021
392,0.001113,0.000010,0.000142,0.000678,0.000044
393,0.000465,0.000005,0.000084,0.000405,0.000028
394,0.000702,0.000009,0.000131,0.000557,0.000039
395,0.000402,0.000008,0.000093,0.000218,0.000023
396,0.000666,0.000013,0.000144,0.000371,0.000041
397,0.000393,0.000006,0.000088,0.000340,0.000027
398,0.000783,0.000011,0.000133,0.000592,0.000040
399,0.000417,0.000005,0.000087,0.000231,0.000024
400,0.000765,0.000009,0.000137,0.000390,0.000040
401,0.000701,0.000007,0.000098,0.000328,0.000028
402,0.000942,0.000010,0.000139,0.000481,0.000035
403,0.000297,0.000005,0.000081,0.000172,0.000020
404,0.000554,0.000010,0.000122,0.000426,0.000029
405,0.000407,0.000006,0.000089,0.000229,0.000022
406,0.000699,0.000011,0.000134,0.000460,0.000036
407,0.000394,0.000006,0.000089,0.000198,0.000025
408,0.000795,0.000009,0.000141,0.000265,0.000037
409,0.000455,0.000006,0.000093,0.000281,0.000027
410,0.000765,0.000009,0.000142,0.000708,0.000047
411,0.000570,0.000008,0.000095,0.000414,0.000024
412,0.001289,0.000015,0.000168,0.000846,0.000081
413,0.000466,0.000007,0.000088,0.000427,0.000019
414,0.000587,0.000010,0.000131,0.000499,0.000041
415,0.000528,0.000008,0.000100,0.000238,0.000024
416,0.001976,0.000014,0.000215,0.001051,0.000048
417,0.000641,0.000007,0.000098,0.000416,0.000031
418,0.000842,0.000011,0.000144,0.000770,0.000048
419,0.000416,0.000005,0.000088,0.000378,0.000024
420,0.000912,0.000008,0.000137,0.000920,0.000038
421,0.000657,0.000009,0.000103,0.000609,0.000023
422,0.001033,0.000013,0.000150,0.001104,0.000032
423,0.000848,0.000009,0.000116,0.000558,0.000041
424,0.001317,0.000014,0.000163,0.001033,0.000043
425,0.000336,0.000005,0.000085,0.000175,0.000024
426,0.000592,0.000008,0.000123,0.000448,0.000032
427,0.000467,0.000007,0.000095,0.000469,0.000020
428,0.000771,0.000012,0.000152,0.000582,0.000040
429,0.000863,0.000009,0.000119,0.000817,0.000029
430,0.001245,0.000013,0.000174,0.001228,0.000047
431,0.000506,0.000006,0.000089,0.000398,0.000026
432,0.000681,0.000008,0.000125,0.000527,0.000051
433,0.000633,0.000007,0.000098,0.000344,0.000026
434,0.001161,0.000010,0.000170,0.000360,0.000065
435,0.000873,0.000008,0.000136,0.000448,0.000045
436,0.001250,0.000011,0.000192,0.000563,0.000063
437,0.000579,0.000006,0.000092,0.000421,0.000029
438,0.001025,0.000012,0.000143,0.000868,0.000040
439,0.000358,0.000005,0.000089,0.000250,0.000024
440,0.000702,0.000010,0.000135,0.000749,0.000033
441,0.000597,0.000006,0.000096,0.000453,0.000044
442,0.001029,0.000011,0.000147,0.001074,0.000050
443,0.000815,0.000009,0.000117,0.000292,0.000035
444,0.001206,0.000014,0.000175,0.000536,0.000052
445,0.000855,0.000010,0.000128,0.000305,0.000058
446,0.001185,0.000017,0.000183,0.000463,0.000069
447,0.001104,0.000009,0.000134,0.000746,0.000033
448,0.001157,0.000013,0.000165,0.000597,0.000042
449,0.000741,0.000007,0.000110,0.000236,0.000026
450,0.001399,0.000013,0.000180,0.000555,0.000032
451,0.000800,0.000013,0.000118,0.000530,0.000019
452,0.001423,0.000025,0.000197,0.000992,0.000042
453,0.000502,0.000006,0.000100,0.000296,0.000034
454,0.000940,0.000010,0.000147,0.000355,0.000036
455,0.000691,0.000007,0.000094,0.000437,0.000026
456,0.001312,0.000011,0.000150,0.000907,0.000039
457,0.000558,0.000008,0.000094,0.000359,0.000030
458,0.000939,0.000011,0.000139,0.000666,0.000043
459,0.000440,0.000009,0.000100,0.000228,0.000021
460,0.000911,0.000018,0.000164,0.000506,0.000037
461,0.000456,0.000007,0.000092,0.000193,0.000024
462,0.001113,0.000015,0.000171,0.000374,0.000046
463,0.000378,0.000005,0.000081,0.000217,0.000020
464,0.000690,0.000008,0.000125,0.000323,0.000031
465,0.000599,0.000009,0.000093,0.000381,0.000021
466,0.001100,0.000018,0.000158,0.000715,0.000030
467,0.000780,0.000009,0.000102,0.000401,0.000029
468,0.001316,0.000015,0.000161,0.000653,0.000054
469,0.000574,0.000008,0.000094,0.000468,0.000017
470,0.000904,0.000011,0.000135,0.000835,0.000030
471,0.000448,0.000008,0.000089,0.000297,0.000018
472,0.000810,0.000014,0.000146,0.000548,0.000039
473,0.000736,0.000010,0.000111,0.000238,0.000032
474,0.001712,0.000019,0.000203,0.000593,0.000061
475,0.001511,0.000009,0.000152,0.001005,0.000049
476,0.002367,0.000016,0.000237,0.001499,0.000074
477,0.000491,0.000006,0.000091,0.000167,0.000028
478,0.000791,0.000009,0.000135,0.000357,0.000042
479,0.000607,0.000010,0.000096,0.000418,0.000022
480,0.001167,0.000018,0.000160,0.000667,0.000036
481,0.000569,0.000007,0.000099,0.000309,0.000018
482,0.001317,0.000014,0.000168,0.000708,0.000073
483,0.000858,0.000007,0.000106,0.000493,0.000054
484,0.001503,0.000012,0.000166,0.000897,0.000068
485,0.000659,0.000006,0.000101,0.000384,0.000028
486,0.001069,0.000010,0.000148,0.000707,0.000037
487,0.000527,0.000008,0.000091,0.000396,0.000021
488,0.001010,0.000015,0.000153,0.000653,0.000033
489,0.000374,0.000008,0.000089,0.000245,0.000028
490,0.000777,0.000015,0.000153,0.000518,0.000063
491,0.001300,0.000009,0.000140,0.001110,0.000037
492,0.001798,0.000013,0.000196,0.001646,0.000051
493,0.000599,0.000006,0.000094,0.000525,0.000020
494,0.000872,0.000009,0.000135,0.000644,0.000039
495,0.000315,0.000005,0.000081,0.000163,0.000017
496,0.000644,0.000010,0.000125,0.000295,0.000033
497,0.000581,0.000009,0.000095,0.000371,0.000022
498,0.000982,0.000014,0.000151,0.000628,0.000034
499,0.000590,0.000012,0.000096,0.000384,0.000026
500,0.000917,0.000015,0.000144,0.000584,0.000042
501,0.000475,0.000007,0.000084,0.000420,0.000019
502,0.000955,0.000015,0.000142,0.000962,0.000027
503,0.000580,0.000006,0.000090,0.000749,0.000030
504,0.000934,0.000008,0.000132,0.001311,0.000034
505,0.000390,0.000007,0.000089,0.000667,0.000025
506,0.000660,0.000013,0.000136,0.001281,0.000039
507,0.000400,0.000010,0.000094,0.000397,0.000022
508,0.001331,0.000019,0.000184,0.000459,0.000052
509,0.000337,0.000008,0.000085,0.000322,0.000020
510,0.000723,0.000013,0.000142,0.000344,0.000040
511,0.000439,0.000005,0.000084,0.000457,0.000020
512,0.001135,0.000009,0.000154,0.000701,0.000040
513,0.000604,0.000008,0.000089,0.000445,0.000032
514,0.001014,0.000012,0.000137,0.000670,0.000045
515,0.000424,0.000005,0.000085,0.000147,0.000019
516,0.000840,0.000009,0.000128,0.000409,0.000030
517,0.000619,0.000007,0.000089,0.000324,0.000029
518,0.000921,0.000010,0.000129,0.000436,0.000040
519,0.000473,0.000005,0.000079,0.000260,0.000025
520,0.000701,0.000007,0.000120,0.000285,0.000039
521,0.000443,0.000006,0.000085,0.000141,0.000028
522,0.000871,0.000009,0.000129,0.000426,0.000042
523,0.000462,0.000006,0.000086,0.000214,0.000027
524,0.000605,0.000009,0.000123,0.000260,0.000039
525,0.000801,0.000006,0.000098,0.000294,0.000058
526,0.001074,0.000009,0.000136,0.000456,0.000068
527,0.000403,0.000006,0.000079,0.000239,0.000021
528,0.000613,0.000009,0.000120,0.000290,0.000043
529,0.000532,0.000006,0.000087,0.000164,0.000027
530,0.001027,0.000009,0.000139,0.000306,0.000042
531,0.000439,0.000007,0.000083,0.000286,0.000024
532,0.000662,0.000013,0.000123,0.000529,0.000029
533,0.000395,0.000007,0.000079,0.000246,0.000027
534,0.000567,0.000010,0.000117,0.000341,0.000030
535,0.000830,0.000007,0.000105,0.000540,0.000018
536,0.001776,0.000011,0.000187,0.001077,0.000034
537,0.000612,0.000006,0.000099,0.000269,0.000022
538,0.000734,0.000008,0.000134,0.000350,0.000031
539,0.000732,0.000007,0.000099,0.000780,0.000031
540,0.001127,0.000010,0.000150,0.001480,0.000052
541,0.000406,0.000007,0.000096,0.000361,0.000024
542,0.000756,0.000013,0.000152,0.000979,0.000052
543,0.000588,0.000006,0.000095,0.000282,0.000019
544,0.001007,0.000009,0.000138,0.000820,0.000024
545,0.000485,0.000005,0.000085,0.000278,0.000019
546,0.000819,0.000009,0.000132,0.000731,0.000028
547,0.000316,0.000005,0.000080,0.000227,0.000027
548,0.000676,0.000008,0.000124,0.000358,0.000046
549,0.000428,0.000005,0.000079,0.000245,0.000024
550,0.000603,0.000008,0.000129,0.000709,0.000041
551,0.000443,0.000006,0.000079,0.000224,0.000024
552,0.000766,0.000010,0.000124,0.000469,0.000044
553,0.000403,0.000005,0.000081,0.000166,0.000026
554,0.000933,0.000008,0.000141,0.000788,0.000042
555,0.000482,0.000006,0.000079,0.000440,0.000018
556,0.000710,0.000010,0.000121,0.000722,0.000026
557,0.000441,0.000005,0.000087,0.000181,0.000023
558,0.000572,0.000007,0.000119,0.000388,0.000033
559,0.000449,0.000006,0.000090,0.000526,0.000034
560,0.000846,0.000011,0.000149,0.000699,0.000067
561,0.000653,0.000006,0.000103,0.000312,0.000026
562,0.000762,0.000008,0.000136,0.000452,0.000069
563,0.000476,0.000006,0.000085,0.000613,0.000016
564,0.000939,0.000011,0.000138,0.001083,0.000024
565,0.000661,0.000006,0.000096,0.000200,0.000047
566,0.001066,0.000008,0.000135,0.000529,0.000050
567,0.000635,0.000007,0.000090,0.000543,0.000040
568,0.001233,0.000011,0.000139,0.000829,0.000056
569,0.000411,0.000005,0.000082,0.000303,0.000022
570,0.000990,0.000009,0.000135,0.000467,0.000050
571,0.000486,0.000006,0.000081,0.000279,0.000020
572,0.001352,0.000010,0.000159,0.000963,0.000039
573,0.000550,0.000007,0.000090,0.000256,0.000031
574,0.001465,0.000012,0.000170,0.001283,0.000052
575,0.000380,0.000006,0.000082,0.000133,0.000019
576,0.000652,0.000009,0.000125,0.000296,0.000039
577,0.000440,0.000007,0.000089,0.000444,0.000025
578,0.000775,0.000009,0.000126,0.000850,0.000039
579,0.000533,0.000007,0.000087,0.000536,0.000020
580,0.000960,0.000011,0.000143,0.001137,0.000031
581,0.000747,0.000007,0.000099,0.000519,0.000044
582,0.001260,0.000011,0.000148,0.001055,0.000050
583,0.000547,0.000005,0.000084,0.000341,0.000037
584,0.000865,0.000008,0.000122,0.000702,0.000042
585,0.000377,0.000005,0.000078,0.000203,0.000031
586,0.000623,0.000009,0.000114,0.000448,0.000042
587,0.000398,0.000005,0.000080,0.000143,0.000034
588,0.000629,0.000008,0.000120,0.000259,0.000054
589,0.000408,0.000005,0.000080,0.000204,0.000036
590,0.001021,0.000009,0.000139,0.000857,0.000052
591,0.000364,0.000005,0.000079,0.000221,0.000026
592,0.000588,0.000008,0.000117,0.000361,0.000033
593,0.000453,0.000005,0.000080,0.000203,0.000013
594,0.000847,0.000009,0.000128,0.000492,0.000027
595,0.000529,0.000006,0.000085,0.000204,0.000048
596,0.000891,0.000009,0.000132,0.000510,0.000058
597,0.000569,0.000007,0.000086,0.000524,0.000026
598,0.000780,0.000009,0.000139,0.000664,0.000043
599,0.000539,0.000006,0.000087,0.000716,0.000048
600,0.001031,0.000009,0.000144,0.001362,0.000083
601,0.000754,0.000007,0.000104,0.000735,0.000028
602,0.001279,0.000009,0.000170,0.001577,0.000048
603,0.000580,0.000006,0.000088,0.000561,0.000039
604,0.001106,0.000008,0.000143,0.001018,0.000050
605,0.000454,0.000005,0.000083,0.000279,0.000035
606,0.000695,0.000008,0.000125,0.000315,0.000045
607,0.000540,0.000006,0.000094,0.000460,0.000031
608,0.000713,0.000008,0.000129,0.000472,0.000042
609,0.000613,0.000005,0.000093,0.000508,0.000039
610,0.000950,0.000009,0.000145,0.000842,0.000066
611,0.000536,0.000005,0.000085,0.000307,0.000035
612,0.000825,0.000007,0.000128,0.000466,0.000048
613,0.000546,0.000006,0.000089,0.000264,0.000032
614,0.000611,0.000008,0.000118,0.000274,0.000035
615,0.000473,0.000006,0.000088,0.000191,0.000027
616,0.000742,0.000011,0.000128,0.000375,0.000034
617,0.000436,0.000005,0.000085,0.000208,0.000020
618,0.000729,0.000009,0.000127,0.000539,0.000044
619,0.000411,0.000006,0.000087,0.000220,0.000042
620,0.000657,0.000009,0.000127,0.000774,0.000073
621,0.000375,0.000006,0.000080,0.000349,0.000024
622,0.000645,0.000008,0.000118,0.000847,0.000042
623,0.000422,0.000006,0.000083,0.000156,0.000023
624,0.000937,0.000010,0.000138,0.000930,0.000045
625,0.000489,0.000006,0.000082,0.000228,0.000030
626,0.001063,0.000012,0.000139,0.000406,0.000035
627,0.000442,0.000007,0.000086,0.000209,0.000022
628,0.000588,0.000010,0.000122,0.000279,0.000035
629,0.000614,0.000006,0.000086,0.000491,0.000027
630,0.001222,0.000010,0.000145,0.000781,0.000046
631,0.000676,0.000006,0.000093,0.000255,0.000030
632,0.001168,0.000011,0.000143,0.000726,0.000047
633,0.000417,0.000006,0.000087,0.000160,0.000031
634,0.000671,0.000010,0.000121,0.000563,0.000050
635,0.000378,0.000005,0.000081,0.000163,0.000021
636,0.001054,0.000010,0.000154,0.001063,0.000053
637,0.000583,0.000006,0.000081,0.000355,0.000018
638,0.000880,0.000009,0.000128,0.000327,0.000034
639,0.000824,0.000007,0.000104,0.000676,0.000042
640,0.001102,0.000012,0.000154,0.000659,0.000050
641,0.000412,0.000007,0.000088,0.000226,0.000031
642,0.000607,0.000009,0.000125,0.000473,0.000052
643,0.000422,0.000006,0.000082,0.000119,0.000039
644,0.000870,0.000010,0.000131,0.000253,0.000059
645,0.000521,0.000006,0.000089,0.000457,0.000025
646,0.000842,0.000010,0.000132,0.001092,0.000040
647,0.000504,0.000006,0.000082,0.000543,0.000026
648,0.000982,0.000011,0.000139,0.000690,0.000061
649,0.000406,0.000006,0.000080,0.000172,0.000021
650,0.000648,0.000009,0.000120,0.000387,0.000037
651,0.000464,0.000005,0.000085,0.000676,0.000018
652,0.000900,0.000009,0.000133,0.000631,0.000031
653,0.000521,0.000006,0.000084,0.000215,0.000023
654,0.001073,0.000011,0.000136,0.000479,0.000043
655,0.000579,0.000006,0.000085,0.000199,0.000030
656,0.000844,0.000008,0.000126,0.000490,0.000049
657,0.000417,0.000005,0.000079,0.000178,0.000017
658,0.000757,0.000011,0.000123,0.000718,0.000027
659,0.000505,0.000006,0.000082,0.000564,0.000036
660,0.000890,0.000009,0.000130,0.000507,0.000044
661,0.000864,0.000007,0.000107,0.000251,0.000032
662,0.001237,0.000011,0.000150,0.000373,0.000043
663,0.000478,0.000006,0.000081,0.000629,0.000023
664,0.000916,0.000010,0.000127,0.000923,0.000035
665,0.000419,0.000006,0.000078,0.000533,0.000019
666,0.000807,0.000009,0.000128,0.000439,0.000044
667,0.000356,0.000005,0.000075,0.000232,0.000020
668,0.000607,0.000009,0.000116,0.000348,0.000035
669,0.000457,0.000006,0.000083,0.000185,0.000024
670,0.000815,0.000010,0.000125,0.000374,0.000043
671,0.000402,0.000005,0.000078,0.000317,0.000019
672,0.000685,0.000008,0.000119,0.000478,0.000028
673,0.000664,0.000007,0.000085,0.000403,0.000023
674,0.000846,0.000010,0.000119,0.000385,0.000033
675,0.000608,0.000006,0.000090,0.000892,0.000029
676,0.000645,0.000008,0.000118,0.000891,0.000034
677,0.000734,0.000008,0.000104,0.001105,0.000036
678,0.000651,0.000011,0.000127,0.000581,0.000037
679,0.000620,0.000006,0.000097,0.000831,0.000033
680,0.001304,0.000011,0.000160,0.001230,0.000047
681,0.000492,0.000005,0.000083,0.000817,0.000048
682,0.000948,0.000009,0.000143,0.001687,0.000071
683,0.000434,0.000005,0.000080,0.000178,0.000022
684,0.000650,0.000009,0.000119,0.000243,0.000032
685,0.000465,0.000009,0.000084,0.000262,0.000028
686,0.000774,0.000012,0.000127,0.000287,0.000042
687,0.000607,0.000007,0.000093,0.000419,0.000033
688,0.001466,0.000012,0.000171,0.001768,0.000047
689,0.000357,0.000006,0.000079,0.000202,0.000023
690,0.000608,0.000009,0.000119,0.000288,0.000051
691,0.000552,0.000006,0.000089,0.000742,0.000027
692,0.000995,0.000013,0.000143,0.001625,0.000046
693,0.000681,0.000011,0.000100,0.000836,0.000040
694,0.001263,0.000018,0.000170,0.001846,0.000060
695,0.000505,0.000007,0.000083,0.000491,0.000026
696,0.001081,0.000010,0.000141,0.000938,0.000046
697,0.000396,0.000006,0.000074,0.000303,0.000019
698,0.000665,0.000009,0.000113,0.000519,0.000031
699,0.000412,0.000006,0.000082,0.000217,0.000019
700,0.000848,0.000010,0.000137,0.000655,0.000044
701,0.000550,0.000007,0.000088,0.000522,0.000020
702,0.001653,0.000011,0.000179,0.002085,0.000036
703,0.000323,0.000005,0.000072,0.000172,0.000018
704,0.000577,0.000009,0.000111,0.000415,0.000031
705,0.000445,0.000006,0.000083,0.000403,0.000028
706,0.000884,0.000011,0.000138,0.000839,0.000057
707,0.000403,0.000006,0.000081,0.000647,0.000019
708,0.000826,0.000008,0.000133,0.001126,0.000064
709,0.000384,0.000005,0.000075,0.000296,0.000026
710,0.000723,0.000008,0.000112,0.000598,0.000042
711,0.000488,0.000006,0.000079,0.000298,0.000039
712,0.000916,0.000012,0.000128,0.000678,0.000049
713,0.000465,0.000007,0.000079,0.000345,0.000026
714,0.000811,0.000012,0.000121,0.000541,0.000044
715,0.000916,0.000009,0.000106,0.000811,0.000041
716,0.001032,0.000011,0.000142,0.000879,0.000071
717,0.000920,0.000006,0.000101,0.000674,0.000027
718,0.001345,0.000009,0.000156,0.000917,0.000061
719,0.000497,0.000007,0.000078,0.000303,0.000026
720,0.000682,0.000009,0.000114,0.000491,0.000036
721,0.000608,0.000007,0.000085,0.000473,0.000034
722,0.000922,0.000012,0.000137,0.000305,0.000038
723,0.000576,0.000007,0.000089,0.000541,0.000034
724,0.000892,0.000010,0.000143,0.000847,0.000048
725,0.000419,0.000006,0.000079,0.000572,0.000024
726,0.000779,0.000010,0.000130,0.000878,0.000048
727,0.000532,0.000006,0.000081,0.000354,0.000025
728,0.000643,0.000009,0.000118,0.000242,0.000032
729,0.000467,0.000006,0.000076,0.000334,0.000018
730,0.000988,0.000012,0.000131,0.000659,0.000033
731,0.000418,0.000005,0.000076,0.000290,0.000022
732,0.000755,0.000009,0.000117,0.000524,0.000028
733,0.000608,0.000009,0.000088,0.000438,0.000029
734,0.001744,0.000018,0.000184,0.001900,0.000055
735,0.000747,0.000006,0.000099,0.000506,0.000017
736,0.000887,0.000009,0.000131,0.000328,0.000022
737,0.000746,0.000009,0.000093,0.000514,0.000026
738,0.001603,0.000018,0.000167,0.001018,0.000059
739,0.000551,0.000007,0.000082,0.000485,0.000021
740,0.000822,0.000010,0.000123,0.000969,0.000027
741,0.000526,0.000007,0.000087,0.000510,0.000025
742,0.000845,0.000009,0.000123,0.000885,0.000030
743,0.000792,0.000007,0.000091,0.000340,0.000019
744,0.001539,0.000016,0.000163,0.000758,0.000025
745,0.000696,0.000007,0.000090,0.000237,0.000019
746,0.001042,0.000010,0.000133,0.000362,0.000040
747,0.000564,0.000006,0.000080,0.000166,0.000019
748,0.000932,0.000009,0.000125,0.000309,0.000026
749,0.000773,0.000005,0.000094,0.000610,0.000026
750,0.001069,0.000008,0.000133,0.000593,0.000035
751,0.000665,0.000007,0.000085,0.000201,0.000028
752,0.001225,0.000011,0.000138,0.000513,0.000051
753,0.000630,0.000006,0.000090,0.000609,0.000022
754,0.000885,0.000008,0.000123,0.000522,0.000028
755,0.000475,0.000005,0.000077,0.000475,0.000026
756,0.000814,0.000008,0.000124,0.000884,0.000030
757,0.000504,0.000005,0.000080,0.000565,0.000027
758,0.000909,0.000009,0.000127,0.000915,0.000041
759,0.000595,0.000007,0.000085,0.000517,0.000035
760,0.001168,0.000011,0.000140,0.000731,0.000050
761,0.000468,0.000005,0.000073,0.000301,0.000021
762,0.000836,0.000009,0.000114,0.000601,0.000037
763,0.000354,0.000004,0.000069,0.000186,0.000022
764,0.000814,0.000007,0.000125,0.000781,0.000038
765,0.000344,0.000005,0.000069,0.000193,0.000020
766,0.000659,0.000008,0.000108,0.000352,0.000030
767,0.000365,0.000005,0.000073,0.000151,0.000016
768,0.000503,0.000007,0.000104,0.000230,0.000026
769,0.000488,0.000006,0.000075,0.000417,0.000023
770,0.000553,0.000008,0.000106,0.000360,0.000031
771,0.000403,0.000005,0.000073,0.000504,0.000017
772,0.001113,0.000011,0.000133,0.000803,0.000062
773,0.000453,0.000006,0.000077,0.000271,0.000024
774,0.000708,0.000009,0.000122,0.000391,0.000031
775,0.000415,0.000005,0.000073,0.000381,0.000020
776,0.000699,0.000008,0.000111,0.000728,0.000038
777,0.001050,0.000014,0.000128,0.001801,0.000028
778,0.001173,0.000015,0.000148,0.001545,0.000037
779,0.000432,0.000005,0.000074,0.000241,0.000025
780,0.000697,0.000009,0.000116,0.000670,0.000043
781,0.000445,0.000005,0.000083,0.000187,0.000037
782,0.000694,0.000007,0.000113,0.000409,0.000053
783,0.000439,0.000005,0.000074,0.000400,0.000020
784,0.000753,0.000008,0.000114,0.000741,0.000034
785,0.000521,0.000006,0.000087,0.000171,0.000027
786,0.000737,0.000008,0.000115,0.000455,0.000037
787,0.000902,0.000008,0.000108,0.000657,0.000022
788,0.000843,0.000010,0.000125,0.000408,0.000026
789,0.000384,0.000006,0.000072,0.000467,0.000018
790,0.000621,0.000009,0.000108,0.000912,0.000030
791,0.000554,0.000005,0.000075,0.000253,0.000032
792,0.001119,0.000010,0.000128,0.000592,0.000046
793,0.000435,0.000005,0.000073,0.000145,0.000028
794,0.000596,0.000008,0.000105,0.000392,0.000043
795,0.000841,0.000006,0.000093,0.000399,0.000019
796,0.001822,0.000011,0.000172,0.001327,0.000036
797,0.000555,0.000006,0.000081,0.000165,0.000030
798,0.000671,0.000008,0.000113,0.000368,0.000032
799,0.000476,0.000006,0.000086,0.000610,0.000025
800,0.000878,0.000009,0.000144,0.001050,0.000036
801,0.000507,0.000005,0.000079,0.000561,0.000022
802,0.000977,0.000009,0.000122,0.001177,0.000025
803,0.000717,0.000007,0.000092,0.000469,0.000039
804,0.000993,0.000010,0.000127,0.000538,0.000046
805,0.000442,0.000005,0.000070,0.000241,0.000017
806,0.000671,0.000008,0.000113,0.000372,0.000028
807,0.000413,0.000005,0.000072,0.000214,0.000027
808,0.000615,0.000008,0.000110,0.000400,0.000034
809,0.001050,0.000007,0.000112,0.001265,0.000039
810,0.001066,0.000009,0.000134,0.001155,0.000042
811,0.000488,0.000005,0.000076,0.000429,0.000017
812,0.001031,0.000009,0.000128,0.000538,0.000029
813,0.000432,0.000005,0.000077,0.000442,0.000020
814,0.000771,0.000008,0.000122,0.000892,0.000034
815,0.000594,0.000006,0.000082,0.000709,0.000033
816,0.000968,0.000009,0.000125,0.001380,0.000037
817,0.000670,0.000006,0.000080,0.000456,0.000049
818,0.000760,0.000008,0.000115,0.000278,0.000049
819,0.000356,0.000005,0.000070,0.000407,0.000015
820,0.000623,0.000007,0.000112,0.000346,0.000031
821,0.000337,0.000004,0.000066,0.000281,0.000016
822,0.000611,0.000007,0.000099,0.000644,0.000026
823,0.000908,0.000006,0.000104,0.001418,0.000021
824,0.000896,0.000007,0.000127,0.001230,0.000035
825,0.000447,0.000005,0.000072,0.000146,0.000041
826,0.000550,0.000006,0.000100,0.000256,0.000049
827,0.000529,0.000006,0.000082,0.000493,0.000038
828,0.000786,0.000009,0.000118,0.000443,0.000066
829,0.000463,0.000005,0.000074,0.000415,0.000040
830,0.000693,0.000007,0.000109,0.000666,0.000064
831,0.000796,0.000007,0.000087,0.000560,0.000015
832,0.001039,0.000009,0.000119,0.000883,0.000038
833,0.000646,0.000006,0.000098,0.000855,0.000044
834,0.000821,0.000008,0.000127,0.000875,0.000049
835,0.000385,0.000007,0.000075,0.000134,0.000038
836,0.000626,0.000009,0.000113,0.000229,0.000068
837,0.000322,0.000005,0.000067,0.000140,0.000023
838,0.000588,0.000009,0.000101,0.000444,0.000033
839,0.000372,0.000006,0.000068,0.000386,0.000015
840,0.000802,0.000010,0.000110,0.000640,0.000029
841,0.000471,0.000007,0.000074,0.000315,0.000020
842,0.000915,0.000009,0.000113,0.000404,0.000028
843,0.000562,0.000005,0.000071,0.000253,0.000024
844,0.000883,0.000008,0.000106,0.000387,0.000037
845,0.000451,0.000006,0.000073,0.000209,0.000033
846,0.001897,0.000017,0.000194,0.002830,0.000039
847,0.000842,0.000007,0.000096,0.000380,0.000045
848,0.001755,0.000013,0.000164,0.000672,0.000070
849,0.000835,0.000008,0.000102,0.000734,0.000032
850,0.001274,0.000011,0.000149,0.001410,0.000043
851,0.000679,0.000006,0.000094,0.000763,0.000027
852,0.000939,0.000009,0.000127,0.001308,0.000032
853,0.000544,0.000005,0.000075,0.000599,0.000018
854,0.001003,0.000008,0.000122,0.001010,0.000026
855,0.000423,0.000005,0.000067,0.000278,0.000025
856,0.000954,0.000009,0.000114,0.000641,0.000045
857,0.000448,0.000006,0.000068,0.000281,0.000022
858,0.000780,0.000008,0.000113,0.000635,0.000039
859,0.000524,0.000005,0.000078,0.000862,0.000026
860,0.000809,0.000007,0.000122,0.001286,0.000043
861,0.000330,0.000005,0.000064,0.000239,0.000018
862,0.000639,0.000010,0.000120,0.001354,0.000034
863,0.000459,0.000006,0.000072,0.000304,0.000019
864,0.000762,0.000009,0.000108,0.000552,0.000032
865,0.000691,0.000006,0.000086,0.000597,0.000027
866,0.001283,0.000011,0.000146,0.000804,0.000059
867,0.000473,0.000007,0.000080,0.000517,0.000042
868,0.000733,0.000010,0.000119,0.001358,0.000055
869,0.000414,0.000006,0.000079,0.000439,0.000022
870,0.000561,0.000009,0.000113,0.001154,0.000038
871,0.000332,0.000005,0.000068,0.000265,0.000017
872,0.000568,0.000007,0.000104,0.000670,0.000027
873,0.000380,0.000005,0.000069,0.000350,0.000021
874,0.000956,0.000013,0.000129,0.000430,0.000048
875,0.000481,0.000006,0.000081,0.000588,0.000017
876,0.000781,0.000011,0.000117,0.000504,0.000037
877,0.000319,0.000006,0.000067,0.000278,0.000019
878,0.000541,0.000010,0.000104,0.000556,0.000033
879,0.000366,0.000007,0.000067,0.000187,0.000020
880,0.000820,0.000010,0.000118,0.001048,0.000051
881,0.000588,0.000006,0.000089,0.000646,0.000021
882,0.000847,0.000008,0.000123,0.000934,0.000030
883,0.000628,0.000006,0.000084,0.000422,0.000025
884,0.000959,0.000009,0.000122,0.000824,0.000033
885,0.000342,0.000005,0.000067,0.000309,0.000021
886,0.000581,0.000008,0.000105,0.000325,0.000033
887,0.000371,0.000005,0.000073,0.000235,0.000021
888,0.000773,0.000009,0.000118,0.000335,0.000041
889,0.000327,0.000005,0.000066,0.000279,0.000016
890,0.000613,0.000008,0.000106,0.000507,0.000026
891,0.000498,0.000005,0.000069,0.000386,0.000019
892,0.000692,0.000008,0.000102,0.000571,0.000026
893,0.000600,0.000007,0.000092,0.000995,0.000020
894,0.000633,0.000009,0.000115,0.000638,0.000026
895,0.000411,0.000005,0.000071,0.000239,0.000020
896,0.000803,0.000011,0.000115,0.000337,0.000037
897,0.000403,0.000006,0.000072,0.000481,0.000015
898,0.000751,0.000011,0.000116,0.000841,0.000034
899,0.000429,0.000005,0.000071,0.000144,0.000020
900,0.000710,0.000009,0.000112,0.000422,0.000028
901,0.000366,0.000007,0.000069,0.000372,0.000016
902,0.001139,0.000013,0.000129,0.000526,0.000079
903,0.000579,0.000007,0.000074,0.000361,0.000028
904,0.000616,0.000009,0.000108,0.000608,0.000043
905,0.000417,0.000006,0.000070,0.000538,0.000025
906,0.000869,0.000011,0.000127,0.000890,0.000059
907,0.000414,0.000006,0.000070,0.000396,0.000034
908,0.000832,0.000009,0.000110,0.000907,0.000040
909,0.000444,0.000006,0.000071,0.000444,0.000027
910,0.000968,0.000013,0.000123,0.001021,0.000043
911,0.000750,0.000007,0.000089,0.000327,0.000019
912,0.001440,0.000012,0.000152,0.000627,0.000035
913,0.000406,0.000005,0.000072,0.000167,0.000023
914,0.000743,0.000008,0.000112,0.000262,0.000041
915,0.000508,0.000006,0.000071,0.000519,0.000019
916,0.000928,0.000008,0.000116,0.000535,0.000045
917,0.000539,0.000006,0.000074,0.000553,0.000020
918,0.000957,0.000010,0.000119,0.000944,0.000037
919,0.000593,0.000005,0.000074,0.000468,0.000026
920,0.001097,0.000008,0.000127,0.000843,0.000052
921,0.000588,0.000005,0.000079,0.000554,0.000020
922,0.000849,0.000008,0.000119,0.000552,0.000032
923,0.000442,0.000006,0.000079,0.000235,0.000026
924,0.000929,0.000010,0.000132,0.000779,0.000046
925,0.000449,0.000005,0.000074,0.000593,0.000041
926,0.000876,0.000010,0.000129,0.001175,0.000066
927,0.000422,0.000005,0.000064,0.000318,0.000016
928,0.000614,0.000008,0.000096,0.000406,0.000042
929,0.000358,0.000007,0.000063,0.000254,0.000016
930,0.000614,0.000012,0.000100,0.000514,0.000029
931,0.000963,0.000010,0.000101,0.001535,0.000024
932,0.001235,0.000011,0.000141,0.001910,0.000031
933,0.000435,0.000005,0.000072,0.000417,0.000023
934,0.000962,0.000008,0.000126,0.001304,0.000050
935,0.000493,0.000007,0.000081,0.000512,0.000030
936,0.000906,0.000012,0.000141,0.000901,0.000061
937,0.000452,0.000006,0.000075,0.000653,0.000018
938,0.000991,0.000012,0.000144,0.001626,0.000024
939,0.000507,0.000005,0.000072,0.000759,0.000030
940,0.000981,0.000008,0.000117,0.001384,0.000031
941,0.000561,0.000009,0.000074,0.000633,0.000017
942,0.000994,0.000011,0.000116,0.001106,0.000028
943,0.000595,0.000008,0.000091,0.000931,0.000044
944,0.000796,0.000010,0.000120,0.000960,0.000053
945,0.000585,0.000006,0.000076,0.000907,0.000024
946,0.000813,0.000009,0.000108,0.000604,0.000045
947,0.000474,0.000005,0.000073,0.000458,0.000019
948,0.000863,0.000008,0.000117,0.001027,0.000030
949,0.000730,0.000006,0.000081,0.000302,0.000034
950,0.000962,0.000009,0.000113,0.000494,0.000036
951,0.000415,0.000005,0.000075,0.000316,0.000020
952,0.000748,0.000008,0.000122,0.001077,0.000029
953,0.000529,0.000008,0.000082,0.000535,0.000018
954,0.000821,0.000012,0.000124,0.000626,0.000032
955,0.000470,0.000006,0.000072,0.000652,0.000019
956,0.000752,0.000009,0.000106,0.001116,0.000031
957,0.000378,0.000007,0.000065,0.000571,0.000022
958,0.000834,0.000013,0.000119,0.001147,0.000045
959,0.000435,0.000005,0.000063,0.000291,0.000016
960,0.000913,0.000013,0.000120,0.000350,0.000028
961,0.000477,0.000005,0.000072,0.000618,0.000014
962,0.000769,0.000007,0.000113,0.000754,0.000024
963,0.000435,0.000005,0.000071,0.000616,0.000017
964,0.000615,0.000008,0.000103,0.000643,0.000033
965,0.000334,0.000004,0.000062,0.000229,0.000021
966,0.000642,0.000008,0.000103,0.000261,0.000030
967,0.000531,0.000008,0.000077,0.000681,0.000027
968,0.001512,0.000022,0.000167,0.001044,0.000035
969,0.000443,0.000006,0.000073,0.000812,0.000013
970,0.000722,0.000009,0.000110,0.000986,0.000023
971,0.000569,0.000007,0.000081,0.000580,0.000027
972,0.001047,0.000010,0.000120,0.000860,0.000041
973,0.000478,0.000005,0.000067,0.000407,0.000021
974,0.000821,0.000008,0.000104,0.000679,0.000037
975,0.000600,0.000006,0.000067,0.000405,0.000021
976,0.000876,0.000008,0.000104,0.000350,0.000033
977,0.000331,0.000006,0.000062,0.000178,0.000015
978,0.000545,0.000008,0.000094,0.000380,0.000029
979,0.000398,0.000005,0.000067,0.000338,0.000026
980,0.000605,0.000007,0.000099,0.000807,0.000036
981,0.000765,0.000006,0.000082,0.000548,0.000022
982,0.000930,0.000008,0.000114,0.000479,0.000040
983,0.001166,0.000009,0.000108,0.001345,0.000020
984,0.001414,0.000011,0.000136,0.001170,0.000028
985,0.000304,0.000004,0.000058,0.000297,0.000018
986,0.000514,0.000007,0.000091,0.000568,0.000044
987,0.000373,0.000005,0.000067,0.000540,0.000031
988,0.000622,0.000010,0.000108,0.001118,0.000046
989,0.000525,0.000005,0.000066,0.000473,0.000023
990,0.000875,0.000009,0.000108,0.000858,0.000038
991,0.000465,0.000005,0.000075,0.000295,0.000018
992,0.000828,0.000008,0.000117,0.000396,0.000044
993,0.000365,0.000004,0.000058,0.000223,0.000021
994,0.000739,0.000008,0.000094,0.000542,0.000030
995,0.000772,0.000006,0.000079,0.000683,0.000032
996,0.000774,0.000007,0.000100,0.000618,0.000048
997,0.000472,0.000005,0.000075,0.000729,0.000031
998,0.000780,0.000007,0.000122,0.001165,0.000047
999,0.000409,0.000005,0.000063,0.000265,0.000019
1000,0.000779,0.000007,0.000100,0.000352,0.000029
1001,0.000847,0.000007,0.000086,0.000301,0.000080
1002,0.001052,0.000010,0.000114,0.000681,0.000089
1003,0.000887,0.000010,0.000107,0.000585,0.000037
1004,0.001465,0.000014,0.000158,0.001112,0.000042
1005,0.000462,0.000006,0.000074,0.000405,0.000032
1006,0.000713,0.000009,0.000107,0.000726,0.000037
1007,0.000537,0.000005,0.000067,0.000188,0.000019
1008,0.001049,0.000009,0.000113,0.000330,0.000033
1009,0.000461,0.000006,0.000066,0.000349,0.000020
1010,0.001061,0.000013,0.000125,0.000731,0.000064
1011,0.000329,0.000005,0.000061,0.000382,0.000021
1012,0.000666,0.000008,0.000099,0.000354,0.000026
1013,0.000500,0.000007,0.000070,0.000245,0.000023
1014,0.001242,0.000012,0.000136,0.001104,0.000038
1015,0.000601,0.000006,0.000067,0.000200,0.000015
1016,0.000961,0.000009,0.000099,0.000290,0.000024
1017,0.000515,0.000005,0.000066,0.000334,0.000022
1018,0.000643,0.000007,0.000091,0.000302,0.000026
1019,0.000351,0.000005,0.000060,0.000421,0.000016
1020,0.000726,0.000008,0.000097,0.000920,0.000026
1021,0.000638,0.000006,0.000078,0.000660,0.000024
1022,0.000894,0.000009,0.000111,0.001094,0.000029
1023,0.000560,0.000006,0.000076,0.000580,0.000022
1024,0.000783,0.000008,0.000101,0.000622,0.000025
1025,0.000418,0.000004,0.000061,0.000452,0.000019
1026,0.001087,0.000009,0.000104,0.000655,0.000031
1027,0.000349,0.000004,0.000059,0.000202,0.000017
1028,0.000582,0.000006,0.000088,0.000412,0.000023
1029,0.000387,0.000005,0.000058,0.000297,0.000018
1030,0.000497,0.000007,0.000087,0.000222,0.000046
1031,0.000727,0.000008,0.000083,0.000725,0.000024
1032,0.000972,0.000010,0.000109,0.000637,0.000030
1033,0.000460,0.000005,0.000060,0.000229,0.000023
1034,0.000715,0.000009,0.000088,0.000252,0.000027
1035,0.000336,0.000004,0.000056,0.000271,0.000018
1036,0.000577,0.000007,0.000088,0.000522,0.000041
1037,0.000712,0.000006,0.000078,0.000915,0.000027
1038,0.000814,0.000008,0.000100,0.000712,0.000037
1039,0.000368,0.000005,0.000062,0.000295,0.000016
1040,0.000666,0.000007,0.000101,0.000347,0.000030
1041,0.000506,0.000005,0.000073,0.000200,0.000017
1042,0.000813,0.000008,0.000110,0.000569,0.000028
1043,0.000397,0.000005,0.000063,0.000543,0.000015
1044,0.000628,0.000008,0.000101,0.000764,0.000064
1045,0.000476,0.000005,0.000064,0.000583,0.000017
1046,0.000773,0.000008,0.000099,0.001235,0.000025
1047,0.000747,0.000010,0.000102,0.000504,0.000026
1048,0.001159,0.000015,0.000154,0.001070,0.000029
1049,0.000478,0.000005,0.000063,0.000166,0.000022
1050,0.000864,0.000009,0.000099,0.000345,0.000041
1051,0.000386,0.000005,0.000064,0.000271,0.000015
1052,0.000863,0.000010,0.000108,0.000359,0.000044
1053,0.000400,0.000005,0.000064,0.000350,0.000020
1054,0.000593,0.000009,0.000094,0.000305,0.000026
1055,0.000396,0.000005,0.000063,0.000177,0.000022
1056,0.000618,0.000008,0.000093,0.000473,0.000030
1057,0.000331,0.000007,0.000064,0.000408,0.000021
1058,0.000553,0.000011,0.000097,0.000701,0.000035
1059,0.000401,0.000005,0.000066,0.000260,0.000024
1060,0.000629,0.000008,0.000100,0.000469,0.000034
1061,0.000334,0.000006,0.000059,0.000402,0.000023
1062,0.000537,0.000009,0.000095,0.000735,0.000043
1063,0.000589,0.000006,0.000077,0.000378,0.000024
1064,0.000713,0.000008,0.000103,0.000328,0.000035
1065,0.000366,0.000004,0.000059,0.000152,0.000021
1066,0.001059,0.000010,0.000120,0.001541,0.000044
1067,0.000495,0.000006,0.000074,0.000449,0.000037
1068,0.000729,0.000009,0.000112,0.000775,0.000049
1069,0.000527,0.000005,0.000072,0.000508,0.000021
1070,0.000831,0.000008,0.000105,0.000677,0.000055
1071,0.000449,0.000004,0.000063,0.000225,0.000019
1072,0.000895,0.000008,0.000114,0.000373,0.000064
1073,0.000383,0.000006,0.000061,0.000226,0.000020
1074,0.000602,0.000008,0.000093,0.000331,0.000027
1075,0.000620,0.000010,0.000087,0.000275,0.000026
1076,0.000873,0.000012,0.000120,0.000364,0.000031
1077,0.000455,0.000005,0.000066,0.000262,0.000035
1078,0.000800,0.000009,0.000104,0.000498,0.000064
1079,0.000402,0.000005,0.000063,0.000175,0.000035
1080,0.000641,0.000009,0.000105,0.000682,0.000054
1081,0.000625,0.000006,0.000077,0.000240,0.000023
1082,0.000951,0.000009,0.000114,0.000808,0.000039
1083,0.000385,0.000005,0.000062,0.000412,0.000018
1084,0.000708,0.000009,0.000104,0.000782,0.000044
1085,0.000380,0.000005,0.000058,0.000194,0.000020
1086,0.000723,0.000010,0.000100,0.000532,0.000038
1087,0.000480,0.000005,0.000063,0.000207,0.000032
1088,0.000748,0.000008,0.000103,0.000362,0.000044
1089,0.001367,0.000012,0.000116,0.001742,0.000024
1090,0.001979,0.000015,0.000176,0.002333,0.000046
1091,0.000534,0.000005,0.000085,0.000317,0.000087
1092,0.000869,0.000008,0.000126,0.000497,0.000118
1093,0.001224,0.000022,0.000127,0.001519,0.000023
1094,0.001422,0.000024,0.000149,0.001470,0.000033
1095,0.000523,0.000007,0.000073,0.000398,0.000030
1096,0.001082,0.000011,0.000121,0.000534,0.000037
1097,0.000550,0.000009,0.000086,0.000678,0.000026
1098,0.001095,0.000015,0.000143,0.001337,0.000046
1099,0.000830,0.000014,0.000100,0.000508,0.000024
1100,0.001577,0.000025,0.000179,0.001003,0.000031
1101,0.000591,0.000006,0.000070,0.000389,0.000028
1102,0.001117,0.000012,0.000117,0.000871,0.000048
1103,0.000411,0.000005,0.000066,0.000166,0.000013
1104,0.000867,0.000009,0.000107,0.000348,0.000039
1105,0.000961,0.000009,0.000085,0.000426,0.000044
1106,0.001537,0.000014,0.000137,0.000674,0.000059
1107,0.000614,0.000007,0.000072,0.000302,0.000037
1108,0.001579,0.000017,0.000149,0.001185,0.000046
1109,0.000996,0.000011,0.000091,0.000451,0.000030
1110,0.002093,0.000021,0.000180,0.000909,0.000037
1111,0.000448,0.000005,0.000063,0.000301,0.000028
1112,0.000716,0.000008,0.000101,0.000407,0.000040
1113,0.000723,0.000008,0.000085,0.000379,0.000035
1114,0.001178,0.000011,0.000114,0.000482,0.000039
1115,0.000548,0.000006,0.000069,0.000406,0.000017
1116,0.001064,0.000011,0.000111,0.000853,0.000033
1117,0.000582,0.000006,0.000069,0.000285,0.000026
1118,0.001048,0.000010,0.000110,0.000564,0.000040
1119,0.000441,0.000005,0.000059,0.000383,0.000013
1120,0.000894,0.000009,0.000103,0.000536,0.000041
1121,0.000382,0.000007,0.000065,0.000415,0.000021
1122,0.000676,0.000010,0.000110,0.000794,0.000046
1123,0.000486,0.000006,0.000065,0.000218,0.000037
1124,0.001066,0.000010,0.000107,0.000372,0.000052
1125,0.000680,0.000006,0.000062,0.000261,0.000022
1126,0.001368,0.000011,0.000108,0.000532,0.000035
1127,0.000370,0.000004,0.000059,0.000237,0.000020
1128,0.000710,0.000006,0.000104,0.000469,0.000032
1129,0.000540,0.000007,0.000075,0.000321,0.000017
1130,0.000906,0.000009,0.000117,0.000466,0.000023
1131,0.000418,0.000006,0.000060,0.000151,0.000021
1132,0.000622,0.000008,0.000085,0.000475,0.000029
1133,0.000761,0.000009,0.000072,0.000258,0.000043
1134,0.001224,0.000011,0.000105,0.000462,0.000052
1135,0.000439,0.000005,0.000063,0.000457,0.000027
1136,0.000723,0.000013,0.000106,0.000608,0.000049
1137,0.000799,0.000007,0.000075,0.000347,0.000018
1138,0.001381,0.000011,0.000121,0.000649,0.000024
1139,0.000510,0.000006,0.000071,0.000682,0.000040
1140,0.000944,0.000010,0.000127,0.001287,0.000045
1141,0.000519,0.000006,0.000060,0.000424,0.000019
1142,0.000883,0.000010,0.000096,0.000994,0.000028
1143,0.000628,0.000006,0.000065,0.000214,0.000020
1144,0.001111,0.000011,0.000122,0.000876,0.000046
1145,0.000562,0.000006,0.000071,0.000331,0.000027
1146,0.001052,0.000010,0.000106,0.000347,0.000029
1147,0.000367,0.000004,0.000056,0.000233,0.000019
1148,0.000705,0.000007,0.000089,0.000304,0.000024
1149,0.000732,0.000007,0.000073,0.000239,0.000022
1150,0.001216,0.000011,0.000112,0.000461,0.000031
1151,0.000489,0.000006,0.000060,0.000286,0.000022
1152,0.000994,0.000010,0.000094,0.000541,0.000028
1153,0.000767,0.000007,0.000073,0.000460,0.000015
1154,0.001027,0.000011,0.000106,0.000731,0.000028
1155,0.000363,0.000005,0.000056,0.000384,0.000022
1156,0.000597,0.000007,0.000091,0.000784,0.000026
1157,0.000738,0.000006,0.000069,0.000252,0.000018
1158,0.001011,0.000010,0.000100,0.000341,0.000025
1159,0.001015,0.000014,0.000105,0.001262,0.000058
1160,0.001321,0.000017,0.000136,0.001254,0.000081
1161,0.001300,0.000011,0.000096,0.001119,0.000034
1162,0.001345,0.000014,0.000123,0.001035,0.000044
1163,0.000590,0.000008,0.000077,0.000495,0.000044
1164,0.001016,0.000012,0.000127,0.000964,0.000074
1165,0.000584,0.000007,0.000063,0.000399,0.000018
1166,0.001043,0.000012,0.000101,0.000775,0.000037
1167,0.000477,0.000007,0.000063,0.000222,0.000021
1168,0.000845,0.000010,0.000091,0.000464,0.000038
1169,0.000474,0.000007,0.000065,0.000292,0.000023
1170,0.000690,0.000009,0.000093,0.000306,0.000036
1171,0.000578,0.000007,0.000061,0.000359,0.000020
1172,0.000954,0.000012,0.000095,0.000571,0.000048
1173,0.000472,0.000007,0.000069,0.000427,0.000027
1174,0.000988,0.000021,0.000142,0.001113,0.000066
1175,0.000510,0.000010,0.000074,0.000450,0.000029
1176,0.001030,0.000016,0.000135,0.000841,0.000045
1177,0.000674,0.000008,0.000094,0.000346,0.000019
1178,0.001653,0.000021,0.000209,0.000893,0.000025
1179,0.000426,0.000014,0.000072,0.000390,0.000014
1180,0.000729,0.000021,0.000121,0.000674,0.000025
1181,0.000367,0.000013,0.000064,0.000305,0.000018
1182,0.000828,0.000019,0.000110,0.000548,0.000037
1183,0.000477,0.000011,0.000061,0.000383,0.000017
1184,0.000728,0.000015,0.000095,0.000724,0.000024
1185,0.000460,0.000006,0.000060,0.000268,0.000016
1186,0.001062,0.000025,0.000131,0.001388,0.000051
1187,0.000555,0.000007,0.000062,0.000340,0.000021
1188,0.000835,0.000011,0.000099,0.000574,0.000039
1189,0.000617,0.000007,0.000066,0.000298,0.000015
1190,0.001003,0.000011,0.000104,0.000555,0.000028
1191,0.000392,0.000007,0.000055,0.000295,0.000029
1192,0.000678,0.000014,0.000095,0.000641,0.000039
1193,0.000306,0.000006,0.000049,0.000247,0.000014
1194,0.000665,0.000010,0.000084,0.000537,0.000022
1195,0.000343,0.000007,0.000055,0.000244,0.000018
1196,0.000518,0.000012,0.000082,0.000498,0.000031
1197,0.000430,0.000007,0.000055,0.000335,0.000023
1198,0.000638,0.000012,0.000096,0.000530,0.000038
1199,0.000429,0.000007,0.000061,0.000264,0.000018
1200,0.001014,0.000012,0.000117,0.000536,0.000026
1201,0.000589,0.000012,0.000075,0.000434,0.000025
1202,0.001054,0.000015,0.000111,0.000814,0.000046
1203,0.000463,0.000008,0.000065,0.000562,0.000029
1204,0.001452,0.000037,0.000204,0.001641,0.000103
1205,0.000446,0.000006,0.000058,0.000645,0.000012
1206,0.000911,0.000018,0.000113,0.000986,0.000026
1207,0.000440,0.000007,0.000065,0.000330,0.000029
1208,0.000691,0.000009,0.000094,0.000603,0.000042
1209,0.000629,0.000014,0.000073,0.000448,0.000042
1210,0.000782,0.000018,0.000108,0.000593,0.000059
1211,0.000530,0.000006,0.000063,0.000420,0.000026
1212,0.001159,0.000011,0.000111,0.000695,0.000048
1213,0.000708,0.000008,0.000064,0.000439,0.000023
1214,0.001124,0.000025,0.000125,0.000701,0.000038
1215,0.000506,0.000006,0.000059,0.000436,0.000020
1216,0.000822,0.000010,0.000100,0.000733,0.000047
1217,0.000489,0.000005,0.000055,0.000434,0.000015
1218,0.000862,0.000015,0.000105,0.001702,0.000051
1219,0.000376,0.000006,0.000054,0.000279,0.000035
1220,0.000731,0.000010,0.000081,0.000549,0.000041
1221,0.000362,0.000007,0.000054,0.000158,0.000013
1222,0.000632,0.000012,0.000091,0.000769,0.000022
1223,0.000488,0.000009,0.000067,0.000540,0.000024
1224,0.000907,0.000015,0.000105,0.001097,0.000036
1225,0.000679,0.000012,0.000084,0.001065,0.000038
1226,0.001090,0.000020,0.000133,0.001555,0.000051
1227,0.000433,0.000006,0.000055,0.000430,0.000013
1228,0.000888,0.000012,0.000094,0.000435,0.000046
1229,0.000624,0.000006,0.000064,0.000515,0.000018
1230,0.000821,0.000009,0.000091,0.000557,0.000020
1231,0.000606,0.000009,0.000070,0.000876,0.000012
1232,0.001045,0.000014,0.000112,0.001393,0.000020
1233,0.000615,0.000012,0.000070,0.000418,0.000014
1234,0.001066,0.000017,0.000110,0.000719,0.000023
1235,0.000522,0.000009,0.000065,0.000502,0.000024
1236,0.000772,0.000013,0.000101,0.001091,0.000042
1237,0.000626,0.000009,0.000074,0.001203,0.000057
1238,0.002015,0.000020,0.000140,0.003108,0.000073
1239,0.000687,0.000008,0.000061,0.000457,0.000016
1240,0.002133,0.000031,0.000171,0.003331,0.000035
1241,0.000685,0.000012,0.000075,0.000709,0.000034
1242,0.001016,0.000020,0.000130,0.001673,0.000053
1243,0.000585,0.000012,0.000089,0.001204,0.000030
1244,0.000988,0.000019,0.000145,0.002051,0.000057
1245,0.000701,0.000010,0.000068,0.000781,0.000041
1246,0.001268,0.000016,0.000114,0.001407,0.000079
1247,0.000778,0.000007,0.000060,0.000246,0.000023
1248,0.001010,0.000017,0.000107,0.000953,0.000033
1249,0.000655,0.000008,0.000070,0.000541,0.000017
1250,0.001204,0.000014,0.000124,0.001015,0.000029
1251,0.000505,0.000008,0.000062,0.000538,0.000017
1252,0.000866,0.000012,0.000099,0.000890,0.000023
1253,0.000619,0.000010,0.000098,0.000861,0.000021
1254,0.000921,0.000016,0.000142,0.001476,0.000027
1255,0.000474,0.000008,0.000079,0.000973,0.000020
1256,0.000795,0.000014,0.000140,0.001528,0.000027
1257,0.000624,0.000007,0.000068,0.000910,0.000021
1258,0.000950,0.000010,0.000103,0.000915,0.000037
1259,0.000589,0.000011,0.000065,0.000728,0.000025
1260,0.001099,0.000017,0.000104,0.001147,0.000036
1261,0.000349,0.000007,0.000051,0.000237,0.000012
1262,0.000711,0.000016,0.000092,0.001139,0.000034
1263,0.000743,0.000014,0.000073,0.001681,0.000014
1264,0.001479,0.000030,0.000136,0.003459,0.000028
1265,0.000532,0.000017,0.000091,0.000565,0.000015
1266,0.000768,0.000024,0.000125,0.000660,0.000023
1267,0.000481,0.000011,0.000061,0.000766,0.000017
1268,0.000699,0.000017,0.000096,0.000779,0.000032
1269,0.000565,0.000014,0.000073,0.001276,0.000022
1270,0.001106,0.000027,0.000136,0.002393,0.000053
1271,0.000922,0.000012,0.000122,0.001667,0.000033
1272,0.001441,0.000019,0.000177,0.002619,0.000051
1273,0.001006,0.000016,0.000119,0.001703,0.000041
1274,0.001579,0.000024,0.000189,0.002669,0.000083
1275,0.000750,0.000011,0.000103,0.001076,0.000033
1276,0.001237,0.000017,0.000187,0.001864,0.000054
1277,0.000430,0.000014,0.000081,0.000673,0.000020
1278,0.000773,0.000024,0.000137,0.001410,0.000035
1279,0.000946,0.000029,0.000109,0.001101,0.000042
1280,0.001495,0.000031,0.000148,0.001295,0.000058
1281,0.000686,0.000017,0.000109,0.001536,0.000035
1282,0.001045,0.000023,0.000203,0.003224,0.000046
1283,0.000443,0.000012,0.000073,0.000869,0.000036
1284,0.000762,0.000021,0.000128,0.001760,0.000073
1285,0.000678,0.000010,0.000073,0.000992,0.000040
1286,0.000957,0.000016,0.000118,0.001535,0.000063
1287,0.000495,0.000009,0.000063,0.000750,0.000028
1288,0.000948,0.000013,0.000099,0.001318,0.000053
1289,0.000598,0.000008,0.000059,0.000794,0.000024
1290,0.000988,0.000013,0.000097,0.001360,0.000044
1291,0.000475,0.000011,0.000073,0.000669,0.000012
1292,0.000792,0.000017,0.000118,0.000994,0.000020
1293,0.000503,0.000010,0.000075,0.000755,0.000015
1294,0.000826,0.000014,0.000113,0.001136,0.000033
1295,0.000444,0.000015,0.000054,0.000394,0.000015
1296,0.000929,0.000018,0.000099,0.000629,0.000044
1297,0.000599,0.000013,0.000073,0.000647,0.000017
1298,0.000826,0.000015,0.000098,0.000654,0.000022
1299,0.000524,0.000015,0.000060,0.001068,0.000011
1300,0.000836,0.000018,0.000086,0.001346,0.000016
1301,0.000538,0.000017,0.000060,0.000850,0.000015
1302,0.001181,0.000025,0.000106,0.001516,0.000035
1303,0.000457,0.000009,0.000053,0.000664,0.000011
1304,0.000887,0.000014,0.000088,0.001270,0.000015
1305,0.000409,0.000025,0.000063,0.000849,0.000014
1306,0.000715,0.000029,0.000103,0.001513,0.000020
1307,0.000511,0.000008,0.000052,0.000209,0.000012
1308,0.000578,0.000013,0.000076,0.000547,0.000017
1309,0.000370,0.000007,0.000050,0.000258,0.000011
1310,0.000684,0.000010,0.000082,0.000462,0.000018
1311,0.000357,0.000006,0.000050,0.000401,0.000012
1312,0.000920,0.000012,0.000096,0.000725,0.000019
1313,0.000835,0.000013,0.000074,0.000966,0.000014
1314,0.001042,0.000019,0.000096,0.000733,0.000027
1315,0.000640,0.000011,0.000097,0.001717,0.000016
1316,0.001120,0.000017,0.000159,0.003022,0.000026
1317,0.000412,0.000009,0.000058,0.000861,0.000021
1318,0.000847,0.000020,0.000094,0.001253,0.000036
1319,0.000382,0.000010,0.000050,0.000538,0.000012
1320,0.000808,0.000024,0.000101,0.001183,0.000029
1321,0.000509,0.000008,0.000068,0.000443,0.000038
1322,0.000817,0.000012,0.000095,0.000845,0.000046
1323,0.000612,0.000010,0.000066,0.000617,0.000019
1324,0.000980,0.000014,0.000101,0.001210,0.000027
1325,0.000420,0.000006,0.000054,0.000603,0.000012
1326,0.000794,0.000019,0.000107,0.001768,0.000039
1327,0.000531,0.000011,0.000068,0.000816,0.000016
1328,0.000855,0.000021,0.000108,0.001354,0.000023
1329,0.000507,0.000014,0.000061,0.000647,0.000029
1330,0.000768,0.000023,0.000099,0.001224,0.000039
1331,0.000453,0.000009,0.000056,0.000506,0.000013
1332,0.000770,0.000017,0.000103,0.001239,0.000019
1333,0.000715,0.000009,0.000065,0.000293,0.000030
1334,0.001119,0.000018,0.000111,0.000676,0.000045
1335,0.000509,0.000010,0.000065,0.000308,0.000034
1336,0.000902,0.000020,0.000116,0.000497,0.000051
1337,0.000485,0.000014,0.000061,0.000560,0.000026
1338,0.001128,0.000029,0.000127,0.001322,0.000039
1339,0.001010,0.000019,0.000072,0.000639,0.000016
1340,0.001932,0.000033,0.000132,0.001322,0.000027
1341,0.001211,0.000019,0.000097,0.001180,0.000027
1342,0.002535,0.000031,0.000187,0.002848,0.000067
1343,0.000663,0.000022,0.000066,0.000364,0.000017
1344,0.001204,0.000043,0.000120,0.000904,0.000032
1345,0.000631,0.000020,0.000096,0.001244,0.000017
1346,0.001187,0.000040,0.000170,0.002303,0.000032
1347,0.000595,0.000011,0.000070,0.000896,0.000020
1348,0.001122,0.000018,0.000124,0.001813,0.000033
1349,0.000496,0.000007,0.000058,0.000492,0.000023
1350,0.000978,0.000014,0.000103,0.001345,0.000039
1351,0.000719,0.000008,0.000063,0.000965,0.000017
1352,0.001279,0.000012,0.000099,0.001385,0.000028
1353,0.000693,0.000015,0.000058,0.000862,0.000023
1354,0.001031,0.000024,0.000097,0.001654,0.000041
1355,0.000560,0.000019,0.000060,0.000495,0.000042
1356,0.000909,0.000028,0.000095,0.000968,0.000059
1357,0.000585,0.000025,0.000068,0.000909,0.000018
1358,0.001143,0.000046,0.000122,0.001704,0.000038
1359,0.000505,0.000020,0.000073,0.000742,0.000016
1360,0.000981,0.000034,0.000135,0.001431,0.000036
1361,0.000593,0.000013,0.000066,0.000587,0.000016
1362,0.000997,0.000027,0.000120,0.001834,0.000021
1363,0.000704,0.000010,0.000071,0.000678,0.000034
1364,0.001353,0.000019,0.000130,0.000890,0.000069
1365,0.000548,0.000010,0.000063,0.000349,0.000024
1366,0.000952,0.000015,0.000104,0.000670,0.000046
1367,0.000392,0.000010,0.000053,0.000392,0.000016
1368,0.000570,0.000017,0.000083,0.000705,0.000027
1369,0.000601,0.000024,0.000071,0.000717,0.000012
1370,0.000741,0.000029,0.000105,0.001114,0.000024
1371,0.000579,0.000012,0.000060,0.000960,0.000027
1372,0.001234,0.000023,0.000109,0.001815,0.000030
1373,0.000683,0.000013,0.000061,0.000824,0.000016
1374,0.001238,0.000022,0.000110,0.001730,0.000036
1375,0.000542,0.000013,0.000059,0.000540,0.000017
1376,0.000990,0.000024,0.000101,0.001592,0.000035
1377,0.000554,0.000015,0.000065,0.000443,0.000032
1378,0.001089,0.000030,0.000114,0.001395,0.000047
1379,0.000631,0.000013,0.000058,0.000559,0.000018
1380,0.001099,0.000022,0.000090,0.000648,0.000024
1381,0.000606,0.000015,0.000090,0.001004,0.000033
1382,0.001110,0.000024,0.000151,0.001766,0.000043
1383,0.000345,0.000016,0.000054,0.000673,0.000019
1384,0.000586,0.000028,0.000093,0.001313,0.000023
1385,0.000877,0.000018,0.000083,0.000890,0.000036
1386,0.000947,0.000023,0.000104,0.001339,0.000040
1387,0.000621,0.000005,0.000050,0.000574,0.000014
1388,0.001009,0.000015,0.000089,0.001242,0.000020
1389,0.000388,0.000008,0.000046,0.000433,0.000019
1390,0.000661,0.000014,0.000072,0.000694,0.000030
1391,0.000459,0.000011,0.000049,0.000325,0.000019
1392,0.000905,0.000022,0.000088,0.000395,0.000021
1393,0.000689,0.000013,0.000065,0.001129,0.000020
1394,0.001004,0.000021,0.000095,0.001554,0.000025
1395,0.000492,0.000016,0.000048,0.000416,0.000010
1396,0.000852,0.000027,0.000080,0.000825,0.000018
1397,0.000371,0.000014,0.000049,0.000219,0.000016
1398,0.000610,0.000021,0.000074,0.000355,0.000027
1399,0.000692,0.000017,0.000057,0.000463,0.000029
1400,0.001382,0.000033,0.000100,0.001186,0.000034
1401,0.000848,0.000015,0.000060,0.000672,0.000021
1402,0.001832,0.000031,0.000117,0.001541,0.000029
1403,0.000557,0.000009,0.000049,0.000365,0.000014
1404,0.000830,0.000014,0.000078,0.000524,0.000019
1405,0.000558,0.000007,0.000048,0.000444,0.000006
1406,0.000848,0.000011,0.000074,0.000715,0.000011
1407,0.000638,0.000006,0.000061,0.000874,0.000013
1408,0.000805,0.000008,0.000079,0.000848,0.000019
1409,0.000766,0.000008,0.000051,0.000511,0.000017
1410,0.001357,0.000013,0.000086,0.001029,0.000028
1411,0.000556,0.000007,0.000051,0.000597,0.000013
1412,0.000761,0.000010,0.000070,0.000435,0.000017
1413,0.000805,0.000010,0.000058,0.000524,0.000038
1414,0.000923,0.000012,0.000077,0.000517,0.000039
1415,0.000453,0.000009,0.000048,0.000541,0.000015
1416,0.000703,0.000012,0.000079,0.000908,0.000021
1417,0.000477,0.000007,0.000049,0.000428,0.000017
1418,0.000674,0.000011,0.000075,0.000570,0.000020
1419,0.000462,0.000007,0.000047,0.000333,0.000012
1420,0.000820,0.000010,0.000070,0.000495,0.000021
1421,0.000398,0.000007,0.000044,0.000257,0.000009
1422,0.001009,0.000014,0.000087,0.000846,0.000016
1423,0.000512,0.000007,0.000049,0.000539,0.000018
1424,0.000723,0.000011,0.000075,0.000609,0.000025
1425,0.000490,0.000008,0.000043,0.000255,0.000016
1426,0.000757,0.000014,0.000067,0.000434,0.000021
1427,0.000612,0.000014,0.000061,0.000826,0.000013
1428,0.000761,0.000016,0.000080,0.001145,0.000016
1429,0.000365,0.000009,0.000041,0.000407,0.000015
1430,0.000636,0.000013,0.000068,0.000717,0.000018
1431,0.000445,0.000009,0.000052,0.000357,0.000016
1432,0.000724,0.000014,0.000075,0.000674,0.000028
1433,0.000370,0.000006,0.000040,0.000210,0.000017
1434,0.000617,0.000019,0.000067,0.000359,0.000040
1435,0.000431,0.000009,0.000045,0.000324,0.000017
1436,0.000734,0.000013,0.000066,0.000436,0.000022
1437,0.000476,0.000010,0.000046,0.000399,0.000022
1438,0.000689,0.000014,0.000068,0.000522,0.000029
1439,0.000304,0.000006,0.000036,0.000234,0.000011
1440,0.000758,0.000012,0.000059,0.000283,0.000022
1441,0.000413,0.000008,0.000037,0.000274,0.000014
1442,0.001094,0.000014,0.000068,0.000336,0.000030
1443,0.000470,0.000007,0.000048,0.000501,0.000020
1444,0.000726,0.000011,0.000073,0.000828,0.000031
1445,0.000434,0.000007,0.000050,0.000673,0.000021
1446,0.000802,0.000012,0.000087,0.001054,0.000037
1447,0.000648,0.000009,0.000052,0.000410,0.000015
1448,0.001054,0.000018,0.000081,0.000905,0.000025
1449,0.000485,0.000016,0.000049,0.000347,0.000013
1450,0.000786,0.000028,0.000083,0.000682,0.000024
1451,0.000450,0.000014,0.000047,0.000381,0.000012
1452,0.000762,0.000022,0.000072,0.000495,0.000021
1453,0.000516,0.000014,0.000048,0.000319,0.000013
1454,0.000910,0.000020,0.000080,0.000690,0.000021
1455,0.000500,0.000014,0.000044,0.000207,0.000011
1456,0.000790,0.000023,0.000070,0.000405,0.000017
1457,0.000371,0.000009,0.000040,0.000496,0.000009
1458,0.000746,0.000015,0.000069,0.000776,0.000033
1459,0.000524,0.000007,0.000043,0.000467,0.000011
1460,0.000993,0.000011,0.000069,0.000898,0.000015
1461,0.000704,0.000006,0.000051,0.000415,0.000025
1462,0.000911,0.000010,0.000071,0.000737,0.000037
1463,0.000395,0.000006,0.000041,0.000487,0.000015
1464,0.000620,0.000010,0.000063,0.000857,0.000026
1465,0.000535,0.000010,0.000042,0.000248,0.000013
1466,0.000954,0.000014,0.000069,0.000457,0.000022
1467,0.000466,0.000011,0.000042,0.000413,0.000017
1468,0.000835,0.000014,0.000063,0.000460,0.000026
1469,0.000414,0.000009,0.000041,0.000454,0.000009
1470,0.000544,0.000012,0.000058,0.000290,0.000020
1471,0.000331,0.000009,0.000039,0.000352,0.000007
1472,0.000641,0.000013,0.000063,0.000519,0.000013
1473,0.000427,0.000012,0.000043,0.000160,0.000013
1474,0.001071,0.000024,0.000093,0.001421,0.000018
1475,0.000337,0.000008,0.000037,0.000167,0.000012
1476,0.000769,0.000015,0.000067,0.000613,0.000015
1477,0.000599,0.000013,0.000046,0.000296,0.000014
1478,0.000930,0.000019,0.000072,0.000667,0.000017
1479,0.000429,0.000011,0.000045,0.000611,0.000013
1480,0.000875,0.000018,0.000074,0.001039,0.000016
1481,0.000461,0.000013,0.000047,0.000390,0.000010
1482,0.000807,0.000025,0.000085,0.000972,0.000020
1483,0.000470,0.000010,0.000042,0.000494,0.000013
1484,0.000834,0.000014,0.000068,0.000808,0.000018
1485,0.000444,0.000012,0.000042,0.000382,0.000017
1486,0.000704,0.000018,0.000065,0.000435,0.000030
1487,0.000676,0.000019,0.000049,0.000310,0.000019
1488,0.001763,0.000035,0.000100,0.000626,0.000059
1489,0.000419,0.000016,0.000051,0.000462,0.000014
1490,0.000794,0.000028,0.000080,0.000685,0.000033
1491,0.000622,0.000017,0.000048,0.000260,0.000011
1492,0.001357,0.000030,0.000090,0.000673,0.000028
1493,0.000948,0.000020,0.000056,0.000287,0.000014
1494,0.001573,0.000033,0.000096,0.000621,0.000021
1495,0.001154,0.000021,0.000064,0.000592,0.000019
1496,0.001767,0.000028,0.000099,0.000985,0.000044
1497,0.000430,0.000009,0.000047,0.000509,0.000024
1498,0.000697,0.000015,0.000079,0.000848,0.000047
1499,0.000408,0.000009,0.000051,0.000652,0.000021
1500,0.000773,0.000014,0.000079,0.001077,0.000030
1501,0.000494,0.000008,0.000051,0.000568,0.000013
1502,0.000828,0.000012,0.000078,0.000860,0.000028
1503,0.000544,0.000015,0.000046,0.000441,0.000015
1504,0.000888,0.000018,0.000074,0.000785,0.000018
1505,0.000729,0.000018,0.000044,0.000307,0.000018
1506,0.001146,0.000031,0.000065,0.000462,0.000020
1507,0.000538,0.000012,0.000052,0.000499,0.000012
1508,0.000940,0.000026,0.000076,0.000734,0.000022
1509,0.000466,0.000011,0.000046,0.000379,0.000012
1510,0.000955,0.000027,0.000080,0.000771,0.000041
1511,0.000747,0.000022,0.000073,0.000709,0.000040
1512,0.002071,0.000121,0.000217,0.001919,0.000068
1513,0.000493,0.000013,0.000046,0.000256,0.000011
1514,0.001080,0.000023,0.000084,0.000568,0.000017
1515,0.000521,0.000019,0.000044,0.000338,0.000011
1516,0.001175,0.000029,0.000072,0.000714,0.000020
1517,0.000457,0.000016,0.000040,0.000322,0.000012
1518,0.000768,0.000040,0.000076,0.000636,0.000021
1519,0.000407,0.000013,0.000049,0.000367,0.000020
1520,0.000612,0.000022,0.000076,0.000659,0.000033
1521,0.000320,0.000010,0.000042,0.000347,0.000019
1522,0.000830,0.000020,0.000083,0.001591,0.000033
1523,0.000618,0.000023,0.000074,0.000763,0.000041
1524,0.000923,0.000041,0.000103,0.001136,0.000050
1525,0.000468,0.000033,0.000056,0.000696,0.000023
1526,0.000663,0.000041,0.000077,0.001129,0.000030
1527,0.000569,0.000012,0.000046,0.000498,0.000022
1528,0.001128,0.000018,0.000088,0.001094,0.000053
1529,0.000721,0.000014,0.000053,0.000964,0.000027
1530,0.001174,0.000021,0.000081,0.001123,0.000037
1531,0.000397,0.000012,0.000040,0.000295,0.000011
1532,0.000563,0.000015,0.000060,0.000415,0.000017
1533,0.000597,0.000013,0.000049,0.000613,0.000012
1534,0.001078,0.000017,0.000070,0.000467,0.000016
1535,0.000470,0.000014,0.000045,0.000470,0.000021
1536,0.001147,0.000039,0.000088,0.001051,0.000026
1537,0.000502,0.000011,0.000056,0.000890,0.000035
1538,0.001009,0.000017,0.000094,0.001171,0.000060
1539,0.000363,0.000009,0.000040,0.000193,0.000019
1540,0.000809,0.000016,0.000067,0.000385,0.000032
1541,0.000530,0.000011,0.000056,0.000794,0.000015
1542,0.000804,0.000016,0.000083,0.000726,0.000032
1543,0.000745,0.000025,0.000069,0.000763,0.000011
1544,0.001314,0.000032,0.000106,0.001920,0.000023
1545,0.000602,0.000009,0.000053,0.000472,0.000016
1546,0.001167,0.000025,0.000104,0.001545,0.000028
1547,0.000421,0.000024,0.000051,0.000575,0.000010
1548,0.000742,0.000038,0.000085,0.000941,0.000014
1549,0.000416,0.000019,0.000045,0.000490,0.000010
1550,0.000736,0.000036,0.000081,0.000977,0.000014
1551,0.001142,0.000045,0.000121,0.001762,0.000035
1552,0.001189,0.000048,0.000138,0.001918,0.000043
1553,0.000720,0.000030,0.000083,0.000920,0.000053
1554,0.001369,0.000055,0.000152,0.001862,0.000097
1555,0.000985,0.000054,0.000115,0.000995,0.000034
1556,0.001925,0.000092,0.000219,0.001969,0.000081
1557,0.000600,0.000063,0.000099,0.001151,0.000035
1558,0.001194,0.000132,0.000206,0.002484,0.000067
1559,0.000798,0.000051,0.000084,0.000820,0.000040
1560,0.001702,0.000092,0.000158,0.001745,0.000067
1561,0.001082,0.000039,0.000135,0.001263,0.000033
1562,0.002035,0.000081,0.000259,0.002478,0.000066
1563,0.001177,0.000022,0.000075,0.000771,0.000024
1564,0.002127,0.000036,0.000131,0.001382,0.000050
1565,0.000844,0.000022,0.000133,0.001307,0.000018
1566,0.001592,0.000034,0.000221,0.002502,0.000023
1567,0.000383,0.000013,0.000049,0.000441,0.000017
1568,0.000668,0.000021,0.000083,0.000934,0.000048
1569,0.000654,0.000016,0.000066,0.000770,0.000021
1570,0.001132,0.000026,0.000093,0.001036,0.000038
1571,0.000613,0.000014,0.000060,0.000739,0.000031
1572,0.001357,0.000028,0.000104,0.001291,0.000051
1573,0.000612,0.000016,0.000058,0.000725,0.000021
1574,0.001276,0.000025,0.000088,0.000876,0.000027
1575,0.000559,0.000014,0.000048,0.000240,0.000014
1576,0.001241,0.000024,0.000082,0.000458,0.000026
1577,0.000510,0.000011,0.000044,0.000186,0.000012
1578,0.000986,0.000022,0.000078,0.000381,0.000022
1579,0.000677,0.000013,0.000049,0.000263,0.000016
1580,0.001249,0.000023,0.000086,0.000491,0.000033
1581,0.000545,0.000011,0.000045,0.000333,0.000022
1582,0.000908,0.000017,0.000077,0.000613,0.000032
1583,0.000565,0.000011,0.000048,0.000383,0.000025
1584,0.001080,0.000019,0.000080,0.000661,0.000040
1585,0.000563,0.000011,0.000042,0.000304,0.000020
1586,0.001122,0.000019,0.000075,0.000616,0.000030
1587,0.000422,0.000016,0.000049,0.000404,0.000020
1588,0.000761,0.000029,0.000086,0.000712,0.000034
1589,0.000459,0.000008,0.000045,0.000485,0.000011
1590,0.000813,0.000018,0.000072,0.001115,0.000020
1591,0.000402,0.000012,0.000040,0.000275,0.000009
1592,0.000748,0.000022,0.000071,0.000571,0.000015
1593,0.000390,0.000012,0.000047,0.000442,0.000011
1594,0.000633,0.000017,0.000075,0.000636,0.000016
1595,0.000386,0.000017,0.000056,0.000587,0.000012
1596,0.000838,0.000021,0.000080,0.000701,0.000016
1597,0.000455,0.000026,0.000051,0.000410,0.000013
1598,0.000809,0.000032,0.000092,0.000771,0.000014
1599,0.000644,0.000013,0.000062,0.000416,0.000022
1600,0.001060,0.000027,0.000128,0.000829,0.000037
1601,0.000681,0.000022,0.000092,0.000859,0.000037
1602,0.001061,0.000039,0.000157,0.001491,0.000054
1603,0.000684,0.000027,0.000061,0.000513,0.000026
1604,0.001133,0.000053,0.000103,0.000916,0.000027
1605,0.000575,0.000012,0.000065,0.000786,0.000019
1606,0.001362,0.000023,0.000134,0.001666,0.000037
1607,0.001085,0.000018,0.000082,0.000997,0.000018
1608,0.002447,0.000031,0.000166,0.002224,0.000034
1609,0.001153,0.000020,0.000063,0.001087,0.000021
1610,0.002841,0.000051,0.000150,0.003322,0.000048
1611,0.000951,0.000030,0.000057,0.000802,0.000020
1612,0.001811,0.000054,0.000108,0.001280,0.000036
1613,0.000485,0.000020,0.000047,0.000544,0.000012
1614,0.000846,0.000037,0.000086,0.001347,0.000030
1615,0.000492,0.000019,0.000051,0.000343,0.000010
1616,0.000866,0.000027,0.000083,0.000681,0.000024
1617,0.000619,0.000012,0.000050,0.000738,0.000014
1618,0.001142,0.000020,0.000083,0.001425,0.000025
1619,0.000725,0.000015,0.000060,0.000938,0.000011
1620,0.001242,0.000020,0.000091,0.001349,0.000019
1621,0.000802,0.000015,0.000062,0.000606,0.000010
1622,0.001401,0.000026,0.000109,0.000786,0.000020
1623,0.000706,0.000011,0.000060,0.000297,0.000028
1624,0.001436,0.000022,0.000118,0.000634,0.000059
1625,0.000546,0.000010,0.000056,0.000426,0.000018
1626,0.001049,0.000019,0.000112,0.000957,0.000030
1627,0.000468,0.000012,0.000046,0.000421,0.000015
1628,0.000811,0.000021,0.000075,0.000718,0.000025
1629,0.000375,0.000015,0.000047,0.000451,0.000009
1630,0.001146,0.000021,0.000094,0.000802,0.000016
1631,0.000398,0.000007,0.000043,0.000409,0.000010
1632,0.000941,0.000011,0.000076,0.000799,0.000014
1633,0.000498,0.000007,0.000044,0.000624,0.000009
1634,0.000887,0.000011,0.000079,0.001242,0.000020
1635,0.000397,0.000010,0.000041,0.000335,0.000011
1636,0.000836,0.000015,0.000081,0.000664,0.000023
1637,0.000394,0.000010,0.000045,0.000388,0.000016
1638,0.001258,0.000029,0.000091,0.001865,0.000032
1639,0.000648,0.000007,0.000044,0.000357,0.000015
1640,0.000997,0.000016,0.000089,0.000806,0.000020
1641,0.000503,0.000009,0.000052,0.000513,0.000013
1642,0.001048,0.000018,0.000104,0.000989,0.000018
1643,0.000539,0.000011,0.000044,0.000438,0.000011
1644,0.000979,0.000021,0.000080,0.000865,0.000015
1645,0.000527,0.000023,0.000056,0.000769,0.000018
1646,0.000708,0.000033,0.000081,0.000983,0.000018
1647,0.000802,0.000015,0.000057,0.000415,0.000018
1648,0.000899,0.000023,0.000081,0.000737,0.000021
1649,0.000396,0.000015,0.000043,0.000639,0.000013
1650,0.000790,0.000028,0.000081,0.001093,0.000024
1651,0.000647,0.000015,0.000054,0.000342,0.000012
1652,0.001183,0.000023,0.000096,0.000729,0.000019
1653,0.000739,0.000016,0.000054,0.000718,0.000006
1654,0.001982,0.000041,0.000117,0.002397,0.000014
1655,0.000352,0.000007,0.000036,0.000176,0.000007
1656,0.000637,0.000013,0.000061,0.000300,0.000009
1657,0.000474,0.000015,0.000044,0.000495,0.000007
1658,0.000739,0.000019,0.000063,0.000464,0.000011
1659,0.000356,0.000016,0.000039,0.000263,0.000005
1660,0.000594,0.000030,0.000067,0.000490,0.000009
1661,0.000651,0.000028,0.000062,0.000527,0.000011
1662,0.000960,0.000038,0.000086,0.000730,0.000025
1663,0.000432,0.000014,0.000042,0.000345,0.000022
1664,0.000756,0.000021,0.000069,0.000567,0.000034
1665,0.000642,0.000011,0.000051,0.000693,0.000018
1666,0.001900,0.000026,0.000097,0.001151,0.000025
1667,0.001395,0.000014,0.000065,0.000709,0.000047
1668,0.002367,0.000024,0.000108,0.001518,0.000058
1669,0.000736,0.000012,0.000047,0.000389,0.000012
1670,0.001621,0.000021,0.000087,0.000949,0.000022
1671,0.000610,0.000009,0.000043,0.000441,0.000008
1672,0.001006,0.000015,0.000071,0.000845,0.000013
1673,0.000575,0.000010,0.000043,0.000490,0.000006
1674,0.000869,0.000015,0.000078,0.000680,0.000010
1675,0.000692,0.000017,0.000071,0.000734,0.000012
1676,0.001295,0.000025,0.000129,0.001054,0.000018
1677,0.000902,0.000013,0.000066,0.000496,0.000010
1678,0.001378,0.000022,0.000122,0.000882,0.000015
1679,0.000555,0.000008,0.000047,0.000275,0.000010
1680,0.001120,0.000019,0.000100,0.001027,0.000021
1681,0.000483,0.000009,0.000039,0.000335,0.000009
1682,0.000970,0.000015,0.000068,0.000518,0.000022
1683,0.000457,0.000011,0.000040,0.000255,0.000013
1684,0.000835,0.000020,0.000069,0.000503,0.000019
1685,0.000376,0.000012,0.000042,0.000367,0.000015
1686,0.000863,0.000017,0.000066,0.000607,0.000021
1687,0.000562,0.000008,0.000042,0.000405,0.000010
1688,0.001003,0.000017,0.000076,0.000611,0.000018
1689,0.000410,0.000010,0.000056,0.000665,0.000010
1690,0.000745,0.000021,0.000108,0.001315,0.000014
1691,0.000649,0.000011,0.000060,0.000565,0.000011
1692,0.001301,0.000019,0.000110,0.001180,0.000029
1693,0.000676,0.000011,0.000063,0.000713,0.000012
1694,0.001502,0.000026,0.000117,0.001101,0.000029
1695,0.000606,0.000010,0.000067,0.000486,0.000033
1696,0.001128,0.000018,0.000125,0.001036,0.000043
1697,0.000463,0.000015,0.000044,0.000380,0.000010
1698,0.000783,0.000023,0.000073,0.000796,0.000016
1699,0.000404,0.000011,0.000046,0.000431,0.000014
1700,0.001026,0.000022,0.000092,0.000956,0.000031
1701,0.000365,0.000010,0.000042,0.000338,0.000011
1702,0.000765,0.000016,0.000070,0.000767,0.000021
1703,0.000910,0.000014,0.000059,0.001234,0.000023
1704,0.001456,0.000020,0.000095,0.001739,0.000052
1705,0.000882,0.000014,0.000044,0.000377,0.000015
1706,0.001114,0.000020,0.000071,0.000527,0.000022
1707,0.000524,0.000011,0.000040,0.000447,0.000015
1708,0.001325,0.000025,0.000071,0.001385,0.000037
1709,0.000675,0.000014,0.000044,0.000529,0.000009
1710,0.001153,0.000022,0.000072,0.000807,0.000018
1711,0.000459,0.000008,0.000039,0.000647,0.000016
1712,0.000785,0.000019,0.000070,0.001365,0.000026
1713,0.001607,0.000029,0.000098,0.002213,0.000014
1714,0.001577,0.000035,0.000117,0.002391,0.000017
1715,0.000538,0.000007,0.000034,0.000292,0.000009
1716,0.001025,0.000013,0.000060,0.000752,0.000011
1717,0.000445,0.000008,0.000038,0.000451,0.000007
1718,0.000814,0.000012,0.000058,0.000968,0.000009
1719,0.000482,0.000008,0.000036,0.000409,0.000010
1720,0.000774,0.000012,0.000057,0.000697,0.000012
1721,0.000520,0.000008,0.000041,0.000448,0.000010
1722,0.000739,0.000011,0.000058,0.000618,0.000017
1723,0.000392,0.000006,0.000037,0.000416,0.000008
1724,0.000562,0.000011,0.000065,0.000893,0.000016
1725,0.000402,0.000007,0.000036,0.000521,0.000009
1726,0.000665,0.000012,0.000058,0.000814,0.000014
1727,0.000376,0.000007,0.000035,0.000378,0.000010
1728,0.000649,0.000010,0.000054,0.000603,0.000017
1729,0.000444,0.000007,0.000036,0.000367,0.000018
1730,0.000601,0.000010,0.000056,0.000390,0.000028
1731,0.000620,0.000008,0.000043,0.000496,0.000016
1732,0.000728,0.000010,0.000056,0.000434,0.000023
1733,0.000533,0.000008,0.000039,0.000217,0.000011
1734,0.000963,0.000013,0.000064,0.000439,0.000018
1735,0.000345,0.000006,0.000037,0.000511,0.000007
1736,0.000630,0.000011,0.000070,0.001200,0.000020
1737,0.000419,0.000006,0.000034,0.000360,0.000010
1738,0.000646,0.000010,0.000060,0.000929,0.000014
1739,0.000389,0.000005,0.000035,0.000380,0.000006
1740,0.000616,0.000009,0.000055,0.000750,0.000010
1741,0.000305,0.000005,0.000031,0.000191,0.000008
1742,0.000501,0.000008,0.000051,0.000452,0.000011
1743,0.000309,0.000007,0.000031,0.000240,0.000007
1744,0.000843,0.000010,0.000056,0.000578,0.000015
1745,0.000527,0.000008,0.000041,0.000359,0.000015
1746,0.000688,0.000009,0.000059,0.000528,0.000017
1747,0.000413,0.000009,0.000031,0.000340,0.000010
1748,0.000701,0.000012,0.000049,0.000534,0.000020
1749,0.000372,0.000011,0.000039,0.000619,0.000012
1750,0.000750,0.000013,0.000055,0.000834,0.000013
1751,0.000336,0.000010,0.000035,0.000261,0.000010
1752,0.000513,0.000012,0.000050,0.000495,0.000015
1753,0.000372,0.000005,0.000032,0.000291,0.000010
1754,0.000604,0.000008,0.000050,0.000472,0.000018
1755,0.000710,0.000009,0.000050,0.000391,0.000016
1756,0.000766,0.000011,0.000065,0.000545,0.000032
1757,0.000361,0.000005,0.000030,0.000469,0.000008
1758,0.000658,0.000009,0.000051,0.000948,0.000016
1759,0.000479,0.000005,0.000032,0.000351,0.000008
1760,0.000856,0.000009,0.000051,0.000740,0.000009
1761,0.000507,0.000013,0.000045,0.000461,0.000009
1762,0.000861,0.000016,0.000066,0.000890,0.000016
1763,0.000377,0.000007,0.000033,0.000187,0.000007
1764,0.000563,0.000011,0.000053,0.000624,0.000012
1765,0.000358,0.000006,0.000031,0.000320,0.000007
1766,0.000495,0.000010,0.000046,0.000332,0.000017
1767,0.000405,0.000005,0.000030,0.000200,0.000007
1768,0.000612,0.000007,0.000046,0.000353,0.000014
1769,0.000605,0.000012,0.000036,0.000482,0.000012
1770,0.001011,0.000017,0.000058,0.000898,0.000018
1771,0.000326,0.000005,0.000032,0.000229,0.000009
1772,0.000608,0.000007,0.000050,0.000300,0.000016
1773,0.000363,0.000006,0.000031,0.000267,0.000009
1774,0.000653,0.000008,0.000046,0.000485,0.000012
1775,0.000462,0.000005,0.000031,0.000295,0.000006
1776,0.000801,0.000010,0.000053,0.000671,0.000011
1777,0.000322,0.000007,0.000029,0.000252,0.000008
1778,0.000636,0.000009,0.000045,0.000554,0.000014
1779,0.000286,0.000004,0.000029,0.000162,0.000007
1780,0.000541,0.000008,0.000046,0.000332,0.000013
1781,0.000384,0.000006,0.000032,0.000336,0.000008
1782,0.000578,0.000008,0.000048,0.000651,0.000012
1783,0.000956,0.000016,0.000056,0.000573,0.000009
1784,0.001080,0.000019,0.000067,0.000785,0.000019
1785,0.000495,0.000007,0.000032,0.000245,0.000011
1786,0.000858,0.000011,0.000049,0.000327,0.000013
1787,0.000468,0.000006,0.000031,0.000294,0.000009
1788,0.000943,0.000011,0.000044,0.000342,0.000011
1789,0.000470,0.000006,0.000030,0.000254,0.000007
1790,0.000632,0.000011,0.000048,0.000441,0.000012
1791,0.000302,0.000005,0.000028,0.000205,0.000011
1792,0.000531,0.000010,0.000051,0.000572,0.000027
1793,0.000772,0.000016,0.000045,0.000510,0.000012
1794,0.000698,0.000017,0.000052,0.000385,0.000014
1795,0.000336,0.000005,0.000035,0.000302,0.000008
1796,0.000564,0.000010,0.000059,0.000774,0.000014
1797,0.000353,0.000006,0.000033,0.000385,0.000008
1798,0.000617,0.000011,0.000056,0.000909,0.000012
1799,0.000406,0.000007,0.000040,0.000421,0.000017
1800,0.000658,0.000009,0.000060,0.000656,0.000032
1801,0.000414,0.000006,0.000032,0.000293,0.000012
1802,0.000544,0.000012,0.000056,0.000441,0.000019
1803,0.000447,0.000007,0.000032,0.000264,0.000009
1804,0.000753,0.000012,0.000048,0.000630,0.000011
1805,0.000357,0.000008,0.000032,0.000394,0.000008
1806,0.000574,0.000011,0.000046,0.000518,0.000011
1807,0.000774,0.000011,0.000040,0.000297,0.000013
1808,0.000866,0.000013,0.000055,0.000317,0.000013
1809,0.000337,0.000007,0.000032,0.000252,0.000011
1810,0.000575,0.000011,0.000054,0.000387,0.000019
1811,0.000375,0.000007,0.000037,0.000258,0.000020
1812,0.000515,0.000009,0.000056,0.000395,0.000030
1813,0.000595,0.000012,0.000040,0.000636,0.000014
1814,0.000868,0.000014,0.000061,0.000944,0.000021
1815,0.000356,0.000006,0.000030,0.000329,0.000012
1816,0.000553,0.000009,0.000045,0.000443,0.000018
1817,0.000368,0.000005,0.000029,0.000292,0.000008
1818,0.000760,0.000012,0.000050,0.000528,0.000027
1819,0.000604,0.000010,0.000038,0.000537,0.000019
1820,0.000777,0.000012,0.000056,0.000901,0.000033
1821,0.000531,0.000019,0.000054,0.000648,0.000012
1822,0.000659,0.000021,0.000067,0.000867,0.000016
1823,0.000441,0.000007,0.000036,0.000455,0.000010
1824,0.000880,0.000009,0.000057,0.000765,0.000015
1825,0.000498,0.000008,0.000039,0.000422,0.000026
1826,0.001103,0.000017,0.000086,0.001237,0.000044
1827,0.000487,0.000009,0.000039,0.000411,0.000016
1828,0.000919,0.000013,0.000064,0.000836,0.000024
1829,0.000384,0.000008,0.000032,0.000392,0.000013
1830,0.000696,0.000012,0.000055,0.000750,0.000028
1831,0.000492,0.000007,0.000032,0.000354,0.000013
1832,0.000904,0.000012,0.000051,0.000684,0.000016
1833,0.000456,0.000006,0.000030,0.000378,0.000007
1834,0.000897,0.000015,0.000055,0.000797,0.000015
1835,0.000413,0.000007,0.000033,0.000344,0.000017
1836,0.000948,0.000011,0.000053,0.000632,0.000019
1837,0.000395,0.000011,0.000036,0.000517,0.000007
1838,0.000693,0.000022,0.000059,0.000981,0.000014
1839,0.000408,0.000007,0.000036,0.000271,0.000009
1840,0.000840,0.000009,0.000058,0.000570,0.000018
1841,0.000309,0.000005,0.000030,0.000207,0.000009
1842,0.000524,0.000008,0.000046,0.000311,0.000014
1843,0.000634,0.000009,0.000038,0.000319,0.000009
1844,0.000777,0.000011,0.000052,0.000314,0.000016
1845,0.000503,0.000009,0.000032,0.000477,0.000010
1846,0.000802,0.000019,0.000063,0.000840,0.000017
1847,0.000425,0.000007,0.000034,0.000229,0.000015
1848,0.000892,0.000012,0.000052,0.000388,0.000019
1849,0.000325,0.000005,0.000030,0.000174,0.000009
1850,0.000532,0.000009,0.000046,0.000329,0.000014
1851,0.000445,0.000010,0.000036,0.000589,0.000013
1852,0.000656,0.000012,0.000051,0.000659,0.000013
1853,0.000350,0.000007,0.000031,0.000300,0.000008
1854,0.000455,0.000010,0.000047,0.000347,0.000013
1855,0.001297,0.000016,0.000052,0.000675,0.000016
1856,0.001381,0.000017,0.000059,0.000477,0.000019
1857,0.000356,0.000007,0.000032,0.000308,0.000007
1858,0.000560,0.000011,0.000050,0.000478,0.000035
1859,0.000344,0.000007,0.000032,0.000367,0.000011
1860,0.000677,0.000012,0.000047,0.000333,0.000019
1861,0.000614,0.000007,0.000039,0.000645,0.000010
1862,0.000725,0.000012,0.000057,0.001045,0.000021
1863,0.000730,0.000009,0.000042,0.000459,0.000011
1864,0.001066,0.000019,0.000071,0.001134,0.000021
1865,0.000330,0.000006,0.000031,0.000330,0.000007
1866,0.000534,0.000012,0.000051,0.000599,0.000013
1867,0.000391,0.000012,0.000038,0.000586,0.000016
1868,0.000627,0.000013,0.000058,0.000925,0.000026
1869,0.000342,0.000007,0.000033,0.000253,0.000012
1870,0.000553,0.000010,0.000053,0.000595,0.000021
1871,0.000429,0.000008,0.000033,0.000236,0.000012
1872,0.000579,0.000009,0.000045,0.000232,0.000016
1873,0.000446,0.000010,0.000042,0.000610,0.000011
1874,0.000606,0.000012,0.000055,0.000591,0.000020
1875,0.000347,0.000007,0.000033,0.000237,0.000009
1876,0.000705,0.000012,0.000051,0.000561,0.000012
1877,0.000347,0.000006,0.000030,0.000351,0.000008
1878,0.000653,0.000009,0.000048,0.000640,0.000013
1879,0.000431,0.000005,0.000032,0.000269,0.000010
1880,0.000671,0.000008,0.000047,0.000318,0.000014
1881,0.000433,0.000007,0.000032,0.000225,0.000010
1882,0.000597,0.000010,0.000050,0.000462,0.000015
1883,0.000425,0.000011,0.000043,0.000520,0.000012
1884,0.000686,0.000015,0.000060,0.000686,0.000014
1885,0.001053,0.000017,0.000043,0.000344,0.000019
1886,0.001067,0.000017,0.000052,0.000416,0.000024
1887,0.000340,0.000007,0.000033,0.000298,0.000016
1888,0.000574,0.000012,0.000052,0.000540,0.000026
1889,0.000889,0.000022,0.000058,0.001009,0.000013
1890,0.001285,0.000031,0.000090,0.001402,0.000017
1891,0.001575,0.000025,0.000074,0.000988,0.000018
1892,0.001933,0.000034,0.000101,0.001520,0.000019
1893,0.000341,0.000010,0.000035,0.000195,0.000010
1894,0.000509,0.000018,0.000053,0.000450,0.000013
1895,0.000352,0.000008,0.000034,0.000432,0.000009
1896,0.000649,0.000014,0.000055,0.000839,0.000012
1897,0.000539,0.000009,0.000041,0.000638,0.000011
1898,0.000786,0.000015,0.000066,0.000892,0.000023
1899,0.000456,0.000011,0.000042,0.000481,0.000012
1900,0.000780,0.000016,0.000059,0.000888,0.000016
1901,0.000420,0.000012,0.000040,0.000481,0.000010
1902,0.000598,0.000015,0.000057,0.000562,0.000014
1903,0.000441,0.000009,0.000036,0.000355,0.000024
1904,0.000833,0.000017,0.000053,0.000567,0.000021
1905,0.000667,0.000022,0.000063,0.000755,0.000013
1906,0.001628,0.000054,0.000125,0.001899,0.000022
1907,0.000480,0.000018,0.000049,0.000855,0.000013
1908,0.000548,0.000017,0.000059,0.000705,0.000015
1909,0.000402,0.000011,0.000042,0.000483,0.000026
1910,0.000684,0.000014,0.000061,0.000797,0.000038
1911,0.000423,0.000007,0.000035,0.000258,0.000021
1912,0.000561,0.000008,0.000050,0.000353,0.000031
1913,0.000380,0.000007,0.000036,0.000280,0.000009
1914,0.000912,0.000015,0.000077,0.000917,0.000035
1915,0.000489,0.000007,0.000034,0.000390,0.000010
1916,0.000857,0.000013,0.000050,0.000605,0.000012
1917,0.000414,0.000007,0.000037,0.000337,0.000011
1918,0.000581,0.000009,0.000050,0.000534,0.000014
1919,0.000475,0.000011,0.000040,0.000575,0.000017
1920,0.001002,0.000024,0.000070,0.000986,0.000052
1921,0.000438,0.000011,0.000033,0.000262,0.000018
1922,0.000838,0.000014,0.000051,0.000538,0.000035
1923,0.000450,0.000008,0.000035,0.000362,0.000022
1924,0.000794,0.000011,0.000052,0.000513,0.000031
1925,0.000415,0.000006,0.000030,0.000177,0.000009
1926,0.000738,0.000011,0.000054,0.000408,0.000029
1927,0.000442,0.000012,0.000041,0.000373,0.000012
1928,0.000950,0.000016,0.000059,0.000504,0.000016
1929,0.000407,0.000009,0.000033,0.000203,0.000010
1930,0.000716,0.000013,0.000056,0.000317,0.000014
1931,0.000535,0.000008,0.000033,0.000295,0.000010
1932,0.000727,0.000011,0.000049,0.000388,0.000014
1933,0.000427,0.000013,0.000044,0.000417,0.000009
1934,0.000679,0.000016,0.000060,0.000559,0.000015
1935,0.000400,0.000007,0.000035,0.000227,0.000014
1936,0.000540,0.000012,0.000054,0.000354,0.000018
1937,0.000293,0.000007,0.000031,0.000224,0.000007
1938,0.000696,0.000016,0.000052,0.000783,0.000023
1939,0.000337,0.000009,0.000033,0.000297,0.000008
1940,0.000640,0.000015,0.000057,0.000837,0.000019
1941,0.000329,0.000006,0.000032,0.000227,0.000020
1942,0.000499,0.000011,0.000048,0.000412,0.000026
1943,0.000356,0.000008,0.000032,0.000204,0.000012
1944,0.000886,0.000017,0.000056,0.000509,0.000025
1945,0.000697,0.000007,0.000040,0.000443,0.000017
1946,0.001102,0.000011,0.000061,0.000641,0.000022
1947,0.000799,0.000009,0.000037,0.000311,0.000013
1948,0.001709,0.000020,0.000076,0.000862,0.000019
1949,0.000573,0.000012,0.000043,0.000436,0.000010
1950,0.001128,0.000021,0.000074,0.000880,0.000012
1951,0.000532,0.000007,0.000035,0.000267,0.000019
1952,0.000876,0.000010,0.000054,0.000553,0.000030
1953,0.000446,0.000009,0.000039,0.000261,0.000019
1954,0.000771,0.000013,0.000058,0.000405,0.000044
1955,0.000466,0.000008,0.000034,0.000171,0.000011
1956,0.000608,0.000010,0.000049,0.000305,0.000022
1957,0.000671,0.000013,0.000048,0.000512,0.000014
1958,0.000911,0.000017,0.000068,0.000680,0.000020
1959,0.000454,0.000011,0.000034,0.000302,0.000011
1960,0.001222,0.000034,0.000089,0.001764,0.000032
1961,0.000411,0.000006,0.000032,0.000202,0.000008
1962,0.000798,0.000011,0.000051,0.000401,0.000017
1963,0.000421,0.000009,0.000035,0.000261,0.000007
1964,0.000638,0.000014,0.000052,0.000451,0.000015
1965,0.000452,0.000008,0.000036,0.000497,0.000014
1966,0.000911,0.000015,0.000057,0.000525,0.000017
1967,0.000520,0.000006,0.000039,0.000291,0.000009
1968,0.000509,0.000008,0.000048,0.000254,0.000012
1969,0.000525,0.000020,0.000056,0.001090,0.000012
1970,0.000827,0.000030,0.000088,0.001621,0.000021
1971,0.000381,0.000006,0.000032,0.000246,0.000010
1972,0.000496,0.000010,0.000046,0.000374,0.000013
1973,0.000363,0.000009,0.000035,0.000182,0.000010
1974,0.000767,0.000016,0.000059,0.000304,0.000021
1975,0.000619,0.000009,0.000037,0.000525,0.000014
1976,0.000854,0.000014,0.000051,0.000461,0.000025
1977,0.000354,0.000013,0.000044,0.000525,0.000010
1978,0.000535,0.000018,0.000060,0.000443,0.000019
1979,0.000332,0.000006,0.000031,0.000182,0.000013
1980,0.000520,0.000009,0.000046,0.000336,0.000015
1981,0.000332,0.000006,0.000032,0.000249,0.000010
1982,0.000776,0.000014,0.000058,0.000637,0.000012
1983,0.000464,0.000009,0.000040,0.000366,0.000008
1984,0.000654,0.000011,0.000053,0.000651,0.000012
1985,0.000669,0.000023,0.000053,0.000986,0.000010
1986,0.000952,0.000032,0.000077,0.001462,0.000017
1987,0.000572,0.000012,0.000040,0.000445,0.000012
1988,0.000815,0.000014,0.000054,0.000626,0.000015
1989,0.000393,0.000007,0.000032,0.000203,0.000020
1990,0.000613,0.000010,0.000045,0.000281,0.000017
1991,0.000369,0.000006,0.000033,0.000208,0.000018
1992,0.000442,0.000009,0.000047,0.000358,0.000020
1993,0.000502,0.000007,0.000033,0.000443,0.000008
1994,0.000709,0.000010,0.000046,0.000577,0.000012
1995,0.000399,0.000017,0.000048,0.000906,0.000012
1996,0.000722,0.000020,0.000070,0.001285,0.000015
1997,0.000286,0.000006,0.000030,0.000290,0.000010
1998,0.000596,0.000010,0.000048,0.000697,0.000012
1999,0.000803,0.000014,0.000056,0.000643,0.000014
2000,0.001060,0.000017,0.000071,0.000722,0.000018
2001,0.000471,0.000020,0.000052,0.001027,0.000017
2002,0.000662,0.000023,0.000063,0.001149,0.000018
2003,0.000437,0.000008,0.000031,0.000187,0.000012
2004,0.000654,0.000013,0.000048,0.000382,0.000018
2005,0.001163,0.000020,0.000053,0.000483,0.000034
2006,0.001769,0.000026,0.000081,0.000835,0.000047
2007,0.000391,0.000011,0.000037,0.000341,0.000011
2008,0.000834,0.000021,0.000060,0.000456,0.000016
2009,0.000437,0.000006,0.000034,0.000395,0.000007
2010,0.000844,0.000011,0.000053,0.000459,0.000016
2011,0.000499,0.000008,0.000036,0.000268,0.000011
2012,0.001010,0.000017,0.000064,0.000497,0.000023
2013,0.000486,0.000005,0.000033,0.000355,0.000016
2014,0.000731,0.000015,0.000059,0.000819,0.000033
2015,0.000566,0.000017,0.000048,0.001166,0.000014
2016,0.000658,0.000017,0.000060,0.001356,0.000022
2017,0.000350,0.000007,0.000032,0.000371,0.000014
2018,0.000682,0.000018,0.000054,0.000880,0.000023
2019,0.000432,0.000011,0.000038,0.000738,0.000015
2020,0.000893,0.000019,0.000060,0.001112,0.000021
2021,0.000352,0.000006,0.000033,0.000193,0.000012
2022,0.000726,0.000012,0.000049,0.000438,0.000016
2023,0.000393,0.000007,0.000034,0.000224,0.000012
2024,0.000637,0.000019,0.000064,0.000858,0.000012
2025,0.000478,0.000011,0.000041,0.000414,0.000008
2026,0.000683,0.000018,0.000066,0.000841,0.000013
2027,0.000310,0.000008,0.000032,0.000324,0.000008
2028,0.000467,0.000011,0.000047,0.000396,0.000011
2029,0.000384,0.000011,0.000044,0.000334,0.000008
2030,0.000782,0.000020,0.000073,0.000550,0.000014
2031,0.000332,0.000007,0.000031,0.000217,0.000011
2032,0.000554,0.000013,0.000047,0.000380,0.000016
2033,0.000465,0.000007,0.000033,0.000309,0.000008
2034,0.000689,0.000012,0.000058,0.000768,0.000026
2035,0.000361,0.000007,0.000031,0.000213,0.000011
2036,0.000639,0.000012,0.000048,0.000363,0.000020
2037,0.000431,0.000009,0.000030,0.000212,0.000017
2038,0.000550,0.000012,0.000046,0.000321,0.000022
2039,0.000561,0.000011,0.000038,0.000401,0.000012
2040,0.000784,0.000018,0.000055,0.000547,0.000014
2041,0.000756,0.000017,0.000056,0.000942,0.000035
2042,0.000825,0.000017,0.000065,0.000773,0.000030
2043,0.000488,0.000015,0.000044,0.000494,0.000012
2044,0.000784,0.000021,0.000068,0.000716,0.000015
2045,0.000390,0.000007,0.000034,0.000267,0.000014
2046,0.000720,0.000012,0.000062,0.000486,0.000023
2047,0.000383,0.000010,0.000034,0.000198,0.000011
2048,0.001139,0.000017,0.000064,0.000648,0.000019
2049,0.000368,0.000010,0.000037,0.000455,0.000013
2050,0.000828,0.000018,0.000067,0.000648,0.000045
2051,0.000635,0.000010,0.000040,0.000402,0.000011
2052,0.000922,0.000016,0.000058,0.000596,0.000017
2053,0.000468,0.000008,0.000031,0.000283,0.000009
2054,0.000698,0.000012,0.000054,0.000535,0.000025
2055,0.000347,0.000007,0.000032,0.000329,0.000011
2056,0.000977,0.000018,0.000064,0.000792,0.000017
2057,0.000511,0.000008,0.000036,0.000307,0.000010
2058,0.000684,0.000011,0.000049,0.000431,0.000014
2059,0.000371,0.000008,0.000035,0.000363,0.000011
2060,0.000836,0.000013,0.000056,0.000653,0.000017
2061,0.000416,0.000008,0.000032,0.000179,0.000012
2062,0.000821,0.000015,0.000052,0.000642,0.000019
2063,0.000458,0.000012,0.000040,0.000782,0.000013
2064,0.000961,0.000016,0.000060,0.001103,0.000021
2065,0.000375,0.000010,0.000040,0.000366,0.000008
2066,0.000623,0.000016,0.000065,0.000603,0.000014
2067,0.000336,0.000007,0.000033,0.000287,0.000008
2068,0.000586,0.000010,0.000050,0.000415,0.000013
2069,0.000307,0.000007,0.000032,0.000164,0.000011
2070,0.000468,0.000011,0.000050,0.000337,0.000015
2071,0.000485,0.000013,0.000046,0.000769,0.000009
2072,0.000602,0.000017,0.000061,0.000640,0.000016
2073,0.000449,0.000006,0.000034,0.000212,0.000013
2074,0.001074,0.000013,0.000060,0.000692,0.000017
2075,0.000366,0.000005,0.000030,0.000148,0.000010
2076,0.000632,0.000017,0.000054,0.000395,0.000017
2077,0.000363,0.000009,0.000034,0.000284,0.000014
2078,0.000564,0.000012,0.000050,0.000418,0.000023
2079,0.000524,0.000008,0.000035,0.000429,0.000012
2080,0.001006,0.000016,0.000056,0.000546,0.000016
2081,0.000338,0.000006,0.000029,0.000174,0.000008
2082,0.000587,0.000009,0.000052,0.000745,0.000018
2083,0.000750,0.000015,0.000046,0.000534,0.000008
2084,0.001589,0.000025,0.000074,0.000948,0.000037
2085,0.000398,0.000009,0.000038,0.000375,0.000018
2086,0.000619,0.000013,0.000052,0.000429,0.000021
2087,0.000534,0.000008,0.000046,0.000480,0.000015
2088,0.000813,0.000012,0.000063,0.000601,0.000024
2089,0.000531,0.000014,0.000040,0.000530,0.000013
2090,0.000898,0.000017,0.000055,0.000725,0.000016
2091,0.000539,0.000007,0.000033,0.000233,0.000016
2092,0.000770,0.000010,0.000051,0.000486,0.000017
2093,0.000536,0.000009,0.000041,0.000580,0.000017
2094,0.001003,0.000015,0.000052,0.000509,0.000015
2095,0.000590,0.000011,0.000040,0.000568,0.000021
2096,0.000913,0.000014,0.000057,0.000723,0.000025
2097,0.000491,0.000008,0.000035,0.000176,0.000014
2098,0.000884,0.000012,0.000051,0.000445,0.000017
2099,0.000498,0.000010,0.000035,0.000246,0.000012
2100,0.000575,0.000011,0.000049,0.000408,0.000016
2101,0.000449,0.000010,0.000038,0.000345,0.000019
2102,0.000968,0.000022,0.000078,0.000903,0.000028
2103,0.000838,0.000014,0.000059,0.000503,0.000010
2104,0.001661,0.000030,0.000120,0.001127,0.000020
2105,0.000473,0.000009,0.000036,0.000270,0.000009
2106,0.000662,0.000014,0.000052,0.000289,0.000019
2107,0.000378,0.000009,0.000032,0.000228,0.000019
2108,0.000700,0.000015,0.000049,0.000405,0.000022
2109,0.000465,0.000010,0.000036,0.000349,0.000014
2110,0.000603,0.000014,0.000053,0.000576,0.000028
2111,0.000464,0.000012,0.000041,0.000330,0.000029
2112,0.000918,0.000022,0.000072,0.000821,0.000043
2113,0.000406,0.000014,0.000041,0.000555,0.000029
2114,0.000523,0.000017,0.000053,0.000589,0.000029
2115,0.000411,0.000009,0.000042,0.000327,0.000024
2116,0.000594,0.000015,0.000060,0.000758,0.000032
2117,0.000359,0.000007,0.000032,0.000236,0.000012
2118,0.000704,0.000012,0.000051,0.000513,0.000013
2119,0.000364,0.000007,0.000032,0.000293,0.000013
2120,0.000500,0.000010,0.000050,0.000558,0.000020
2121,0.000497,0.000011,0.000039,0.000381,0.000009
2122,0.001340,0.000024,0.000092,0.001456,0.000018
2123,0.000480,0.000009,0.000037,0.000563,0.000009
2124,0.000542,0.000012,0.000055,0.000438,0.000021
2125,0.000542,0.000016,0.000048,0.000854,0.000021
2126,0.000821,0.000018,0.000063,0.000851,0.000022
2127,0.000804,0.000013,0.000039,0.000585,0.000016
2128,0.001024,0.000017,0.000058,0.000536,0.000023
2129,0.000732,0.000010,0.000039,0.000258,0.000014
2130,0.000908,0.000015,0.000054,0.000408,0.000014
2131,0.000392,0.000015,0.000049,0.000628,0.000009
2132,0.000618,0.000015,0.000066,0.000369,0.000016
2133,0.000513,0.000006,0.000032,0.000338,0.000014
2134,0.000678,0.000012,0.000053,0.000339,0.000032
2135,0.000880,0.000019,0.000072,0.001020,0.000015
2136,0.000943,0.000020,0.000080,0.000757,0.000026
2137,0.000627,0.000007,0.000037,0.000478,0.000016
2138,0.001222,0.000015,0.000064,0.000780,0.000018
2139,0.000583,0.000007,0.000038,0.000411,0.000013
2140,0.001107,0.000016,0.000064,0.000973,0.000019
2141,0.000851,0.000009,0.000048,0.000604,0.000017
2142,0.001435,0.000018,0.000084,0.000718,0.000022
2143,0.000388,0.000006,0.000033,0.000257,0.000016
2144,0.000705,0.000011,0.000053,0.000408,0.000025
2145,0.000421,0.000008,0.000032,0.000224,0.000010
2146,0.000591,0.000010,0.000047,0.000451,0.000017
2147,0.000493,0.000009,0.000032,0.000280,0.000008
2148,0.000717,0.000013,0.000046,0.000436,0.000012
2149,0.000320,0.000008,0.000029,0.000209,0.000007
2150,0.000792,0.000016,0.000049,0.000255,0.000014
2151,0.000507,0.000012,0.000041,0.000589,0.000010
2152,0.001353,0.000026,0.000080,0.001391,0.000023
2153,0.000955,0.000016,0.000068,0.001161,0.000021
2154,0.001624,0.000032,0.000124,0.002356,0.000039
2155,0.000419,0.000008,0.000036,0.000197,0.000009
2156,0.000687,0.000012,0.000059,0.000675,0.000018
2157,0.000424,0.000008,0.000034,0.000337,0.000009
2158,0.000726,0.000014,0.000055,0.000702,0.000012
2159,0.000464,0.000009,0.000036,0.000371,0.000014
2160,0.000758,0.000013,0.000057,0.000707,0.000030
2161,0.000593,0.000009,0.000039,0.000243,0.000008
2162,0.001124,0.000015,0.000059,0.000436,0.000011
2163,0.000452,0.000004,0.000032,0.000275,0.000010
2164,0.000626,0.000007,0.000056,0.000489,0.000018
2165,0.000468,0.000008,0.000043,0.000400,0.000006
2166,0.000755,0.000018,0.000075,0.000798,0.000012
2167,0.000354,0.000007,0.000034,0.000169,0.000007
2168,0.000504,0.000010,0.000049,0.000357,0.000017
2169,0.000368,0.000005,0.000033,0.000161,0.000012
2170,0.000672,0.000011,0.000056,0.000265,0.000024
2171,0.000327,0.000009,0.000036,0.000252,0.000008
2172,0.000564,0.000017,0.000074,0.000753,0.000013
2173,0.000423,0.000008,0.000046,0.000342,0.000012
2174,0.000634,0.000013,0.000078,0.000606,0.000025
2175,0.000759,0.000010,0.000044,0.000330,0.000035
2176,0.001077,0.000017,0.000083,0.000794,0.000048
2177,0.000382,0.000009,0.000035,0.000464,0.000009
2178,0.000663,0.000012,0.000059,0.000606,0.000032
2179,0.000733,0.000014,0.000041,0.000299,0.000017
2180,0.001287,0.000022,0.000068,0.000459,0.000033
2181,0.000288,0.000008,0.000031,0.000244,0.000010
2182,0.000579,0.000013,0.000054,0.000471,0.000012
2183,0.000878,0.000018,0.000056,0.000812,0.000015
2184,0.000949,0.000025,0.000075,0.000974,0.000018
2185,0.000462,0.000010,0.000040,0.000226,0.000012
2186,0.000595,0.000012,0.000055,0.000343,0.000019
2187,0.000402,0.000009,0.000035,0.000338,0.000013
2188,0.000599,0.000013,0.000059,0.000594,0.000025
2189,0.000530,0.000010,0.000042,0.000242,0.000006
2190,0.000587,0.000011,0.000058,0.000358,0.000012
2191,0.000496,0.000011,0.000042,0.000660,0.000023
2192,0.000801,0.000015,0.000059,0.000996,0.000034
2193,0.000411,0.000011,0.000034,0.000277,0.000009
2194,0.000688,0.000018,0.000065,0.000453,0.000024
2195,0.000399,0.000008,0.000037,0.000266,0.000015
2196,0.000743,0.000016,0.000059,0.000498,0.000022
2197,0.000384,0.000007,0.000032,0.000163,0.000010
2198,0.000678,0.000013,0.000055,0.000421,0.000022
2199,0.000447,0.000011,0.000039,0.000315,0.000008
2200,0.000761,0.000025,0.000072,0.000735,0.000012
2201,0.000483,0.000022,0.000057,0.001058,0.000009
2202,0.000753,0.000031,0.000090,0.001660,0.000014
2203,0.000776,0.000014,0.000038,0.000232,0.000013
2204,0.001054,0.000024,0.000061,0.000506,0.000021
2205,0.000485,0.000015,0.000042,0.000439,0.000010
2206,0.001032,0.000030,0.000079,0.001421,0.000013
2207,0.000892,0.000023,0.000059,0.001235,0.000009
2208,0.001196,0.000039,0.000092,0.003005,0.000015
2209,0.000544,0.000014,0.000061,0.000670,0.000008
2210,0.001222,0.000030,0.000140,0.001309,0.000018
2211,0.000453,0.000016,0.000052,0.000880,0.000023
2212,0.000818,0.000024,0.000080,0.000798,0.000024
2213,0.000744,0.000021,0.000058,0.000901,0.000013
2214,0.001827,0.000063,0.000163,0.002787,0.000026
2215,0.000943,0.000021,0.000078,0.000925,0.000025
2216,0.001790,0.000039,0.000153,0.001702,0.000054
2217,0.001738,0.000029,0.000149,0.000983,0.000051
2218,0.002900,0.000052,0.000238,0.001814,0.000109
2219,0.001225,0.000038,0.000118,0.001023,0.000025
2220,0.002538,0.000076,0.000238,0.001866,0.000069
2221,0.000592,0.000023,0.000066,0.000555,0.000040
2222,0.001085,0.000036,0.000123,0.001218,0.000091
2223,0.000781,0.000036,0.000068,0.000904,0.000032
2224,0.001198,0.000055,0.000111,0.001135,0.000046
2225,0.000382,0.000031,0.000051,0.000583,0.000009
2226,0.000886,0.000060,0.000098,0.001201,0.000018
2227,0.000583,0.000035,0.000051,0.000808,0.000011
2228,0.001290,0.000074,0.000101,0.001638,0.000028
2229,0.000547,0.000021,0.000048,0.000369,0.000020
2230,0.001052,0.000039,0.000088,0.000608,0.000031
2231,0.000441,0.000020,0.000049,0.000402,0.000019
2232,0.000844,0.000031,0.000083,0.000658,0.000030
2233,0.000507,0.000013,0.000048,0.000433,0.000025
2234,0.000907,0.000025,0.000086,0.000863,0.000040
2235,0.000402,0.000012,0.000048,0.000629,0.000023
2236,0.000756,0.000024,0.000086,0.001176,0.000044
2237,0.000905,0.000027,0.000084,0.001495,0.000070
2238,0.001282,0.000034,0.000113,0.001935,0.000094
2239,0.000413,0.000009,0.000042,0.000450,0.000016
2240,0.000797,0.000018,0.000077,0.000958,0.000030
2241,0.000462,0.000010,0.000043,0.000665,0.000012
2242,0.000758,0.000017,0.000075,0.001120,0.000031
2243,0.000505,0.000010,0.000045,0.000499,0.000011
2244,0.000783,0.000015,0.000084,0.001231,0.000018
2245,0.000396,0.000014,0.000044,0.000726,0.000009
2246,0.000616,0.000021,0.000075,0.001277,0.000025
2247,0.000367,0.000008,0.000034,0.000301,0.000009
2248,0.000618,0.000013,0.000063,0.000841,0.000018
2249,0.000401,0.000011,0.000038,0.000412,0.000008
2250,0.000864,0.000021,0.000069,0.001009,0.000014
2251,0.000498,0.000014,0.000044,0.000434,0.000011
2252,0.000912,0.000030,0.000083,0.000850,0.000025
2253,0.000556,0.000016,0.000053,0.000303,0.000015
2254,0.000966,0.000032,0.000098,0.000686,0.000026
2255,0.000454,0.000016,0.000065,0.000499,0.000015
2256,0.000992,0.000026,0.000102,0.000710,0.000041
2257,0.000522,0.000013,0.000053,0.000277,0.000032
2258,0.000910,0.000027,0.000121,0.000912,0.000063
2259,0.000848,0.000011,0.000052,0.000605,0.000026
2260,0.001377,0.000019,0.000098,0.001456,0.000049
2261,0.001206,0.000013,0.000055,0.000506,0.000010
2262,0.002414,0.000023,0.000106,0.001002,0.000020
2263,0.000965,0.000014,0.000049,0.000551,0.000013
2264,0.001979,0.000026,0.000091,0.001116,0.000016
2265,0.000414,0.000009,0.000052,0.000895,0.000017
2266,0.001002,0.000027,0.000120,0.002236,0.000046
2267,0.000486,0.000009,0.000044,0.000607,0.000014
2268,0.000786,0.000013,0.000070,0.000999,0.000031
2269,0.000481,0.000020,0.000065,0.001053,0.000021
2270,0.000830,0.000024,0.000096,0.001448,0.000037
2271,0.000414,0.000008,0.000038,0.000296,0.000014
2272,0.001022,0.000014,0.000065,0.000610,0.000015
2273,0.000661,0.000013,0.000049,0.000564,0.000013
2274,0.000958,0.000019,0.000081,0.001134,0.000026
2275,0.000477,0.000008,0.000041,0.000245,0.000010
2276,0.000852,0.000013,0.000073,0.000429,0.000014
2277,0.000473,0.000007,0.000037,0.000257,0.000012
2278,0.000945,0.000014,0.000065,0.000534,0.000019
2279,0.000481,0.000009,0.000038,0.000362,0.000010
2280,0.001059,0.000019,0.000085,0.001034,0.000014
2281,0.000655,0.000016,0.000088,0.001199,0.000008
2282,0.001009,0.000020,0.000103,0.001507,0.000022
2283,0.000453,0.000014,0.000050,0.000497,0.000012
2284,0.000626,0.000021,0.000073,0.000766,0.000018
2285,0.000513,0.000010,0.000043,0.000495,0.000006
2286,0.000925,0.000018,0.000073,0.000869,0.000012
2287,0.000433,0.000010,0.000042,0.000330,0.000015
2288,0.000773,0.000018,0.000067,0.000708,0.000017
2289,0.000935,0.000014,0.000047,0.000572,0.000007
2290,0.001716,0.000022,0.000085,0.000998,0.000012
2291,0.000702,0.000011,0.000047,0.000314,0.000014
2292,0.000926,0.000016,0.000072,0.000699,0.000017
2293,0.000355,0.000008,0.000040,0.000363,0.000008
2294,0.000599,0.000017,0.000075,0.000852,0.000022
2295,0.000346,0.000015,0.000046,0.000628,0.000008
2296,0.000726,0.000027,0.000083,0.001186,0.000013
2297,0.000426,0.000009,0.000036,0.000355,0.000010
2298,0.000713,0.000012,0.000057,0.000649,0.000013
2299,0.000682,0.000009,0.000047,0.000695,0.000009
2300,0.001090,0.000015,0.000075,0.001047,0.000014
2301,0.000522,0.000012,0.000051,0.000887,0.000007
2302,0.000947,0.000020,0.000082,0.001581,0.000014
2303,0.000441,0.000014,0.000056,0.000952,0.000012
2304,0.000859,0.000020,0.000094,0.001628,0.000019
2305,0.000478,0.000022,0.000063,0.000953,0.000008
2306,0.001066,0.000041,0.000136,0.002596,0.000015
2307,0.000448,0.000015,0.000039,0.000257,0.000010
2308,0.001036,0.000057,0.000126,0.002264,0.000014
2309,0.000743,0.000015,0.000064,0.001165,0.000015
2310,0.001266,0.000023,0.000114,0.002248,0.000045
2311,0.001226,0.000013,0.000063,0.001333,0.000020
2312,0.002390,0.000027,0.000133,0.002906,0.000037
2313,0.001110,0.000020,0.000073,0.000896,0.000016
2314,0.002432,0.000035,0.000139,0.002126,0.000040
2315,0.000886,0.000017,0.000071,0.001176,0.000033
2316,0.001879,0.000028,0.000125,0.002326,0.000071
2317,0.000578,0.000022,0.000063,0.000455,0.000032
2318,0.000786,0.000033,0.000111,0.000887,0.000059
2319,0.000673,0.000015,0.000063,0.000550,0.000013
2320,0.000961,0.000021,0.000093,0.000620,0.000031
2321,0.000464,0.000014,0.000049,0.000524,0.000010
2322,0.000874,0.000025,0.000092,0.001163,0.000013
2323,0.000679,0.000017,0.000062,0.000810,0.000012
2324,0.001494,0.000034,0.000124,0.002013,0.000033
2325,0.000735,0.000019,0.000060,0.000888,0.000025
2326,0.001206,0.000037,0.000107,0.001676,0.000044
2327,0.000636,0.000017,0.000054,0.000555,0.000027
2328,0.000973,0.000032,0.000088,0.000916,0.000045
2329,0.000546,0.000018,0.000061,0.000841,0.000025
2330,0.001065,0.000037,0.000118,0.001707,0.000047
2331,0.000456,0.000016,0.000040,0.000607,0.000009
2332,0.000763,0.000028,0.000074,0.001013,0.000017
2333,0.000411,0.000013,0.000053,0.000833,0.000014
2334,0.000799,0.000023,0.000093,0.001513,0.000027
2335,0.000802,0.000022,0.000066,0.001026,0.000013
2336,0.000901,0.000021,0.000085,0.001042,0.000018
2337,0.000478,0.000012,0.000048,0.000457,0.000017
2338,0.000745,0.000016,0.000075,0.000709,0.000020
2339,0.000370,0.000009,0.000045,0.000430,0.000020
2340,0.000676,0.000017,0.000076,0.000819,0.000023
2341,0.000367,0.000010,0.000037,0.000488,0.000013
2342,0.000817,0.000016,0.000062,0.000564,0.000018
2343,0.000313,0.000012,0.000040,0.000440,0.000009
2344,0.000452,0.000016,0.000063,0.000517,0.000012
2345,0.000359,0.000013,0.000043,0.000357,0.000009
2346,0.000539,0.000019,0.000074,0.000584,0.000013
2347,0.000330,0.000012,0.000053,0.000436,0.000014
2348,0.000677,0.000025,0.000109,0.000800,0.000030
2349,0.001203,0.000022,0.000053,0.000774,0.000014
2350,0.001357,0.000027,0.000087,0.000833,0.000018
2351,0.000383,0.000012,0.000045,0.000380,0.000007
2352,0.000699,0.000030,0.000108,0.000926,0.000012
2353,0.000434,0.000009,0.000037,0.000379,0.000007
2354,0.000581,0.000016,0.000056,0.000645,0.000010
2355,0.000360,0.000009,0.000040,0.000350,0.000025
2356,0.000637,0.000014,0.000070,0.000836,0.000037
2357,0.000482,0.000017,0.000051,0.000704,0.000016
2358,0.001101,0.000024,0.000079,0.001199,0.000043
2359,0.000574,0.000012,0.000052,0.000802,0.000029
2360,0.000847,0.000016,0.000075,0.001163,0.000043
2361,0.000509,0.000011,0.000038,0.000505,0.000010
2362,0.001381,0.000027,0.000092,0.000973,0.000028
2363,0.000399,0.000008,0.000038,0.000600,0.000012
2364,0.000975,0.000017,0.000076,0.001087,0.000043
2365,0.000339,0.000011,0.000045,0.000702,0.000024
2366,0.000555,0.000016,0.000072,0.001120,0.000045
2367,0.000297,0.000009,0.000035,0.000474,0.000011
2368,0.000538,0.000017,0.000063,0.000948,0.000020
2369,0.000472,0.000014,0.000042,0.000441,0.000017
2370,0.000530,0.000018,0.000063,0.000927,0.000017
2371,0.000424,0.000017,0.000051,0.000670,0.000012
2372,0.000646,0.000025,0.000076,0.001129,0.000018
2373,0.000376,0.000010,0.000034,0.000307,0.000011
2374,0.000629,0.000018,0.000053,0.000639,0.000012
2375,0.000455,0.000023,0.000048,0.000497,0.000013
2376,0.000775,0.000035,0.000086,0.000883,0.000026
2377,0.000393,0.000013,0.000038,0.000364,0.000020
2378,0.000536,0.000021,0.000058,0.000561,0.000027
2379,0.000377,0.000010,0.000040,0.000526,0.000019
2380,0.000570,0.000015,0.000061,0.001093,0.000032
2381,0.000760,0.000013,0.000043,0.000672,0.000020
2382,0.000891,0.000021,0.000076,0.001040,0.000039
2383,0.000377,0.000010,0.000034,0.000381,0.000011
2384,0.000610,0.000017,0.000062,0.001278,0.000028
2385,0.000397,0.000006,0.000035,0.000488,0.000017
2386,0.000829,0.000013,0.000061,0.001019,0.000026
2387,0.000333,0.000008,0.000040,0.000706,0.000014
2388,0.000595,0.000012,0.000063,0.001024,0.000022
2389,0.000397,0.000008,0.000034,0.000571,0.000016
2390,0.000560,0.000012,0.000058,0.000883,0.000025
2391,0.000525,0.000010,0.000038,0.000443,0.000012
2392,0.000748,0.000018,0.000065,0.000796,0.000013
2393,0.000338,0.000009,0.000035,0.000424,0.000009
2394,0.000692,0.000017,0.000054,0.000912,0.000017
2395,0.000399,0.000011,0.000040,0.000657,0.000016
2396,0.000667,0.000020,0.000070,0.001728,0.000032
2397,0.000340,0.000009,0.000035,0.000226,0.000008
2398,0.000638,0.000014,0.000064,0.000574,0.000023
2399,0.000316,0.000007,0.000030,0.000238,0.000007
2400,0.000616,0.000013,0.000055,0.000562,0.000018
2401,0.000449,0.000012,0.000045,0.000805,0.000011
2402,0.000594,0.000013,0.000059,0.000882,0.000019
2403,0.000674,0.000011,0.000040,0.000472,0.000012
2404,0.001154,0.000019,0.000063,0.001095,0.000026
2405,0.000871,0.000019,0.000064,0.000764,0.000018
2406,0.001548,0.000033,0.000111,0.001357,0.000036
2407,0.000460,0.000012,0.000047,0.000420,0.000023
2408,0.000813,0.000022,0.000100,0.001142,0.000055
2409,0.000887,0.000031,0.000094,0.000896,0.000031
2410,0.001505,0.000052,0.000160,0.001760,0.000054
2411,0.000785,0.000034,0.000110,0.000853,0.000027
2412,0.001765,0.000075,0.000239,0.001941,0.000141
2413,0.000510,0.000021,0.000078,0.000688,0.000036
2414,0.001070,0.000034,0.000150,0.001565,0.000062
2415,0.000494,0.000024,0.000058,0.000914,0.000022
2416,0.000876,0.000037,0.000105,0.001514,0.000040
2417,0.001115,0.000043,0.000088,0.001064,0.000017
2418,0.002284,0.000098,0.000170,0.002751,0.000025
2419,0.001244,0.000045,0.000106,0.001679,0.000019
2420,0.002443,0.000088,0.000215,0.003242,0.000041
2421,0.000683,0.000028,0.000091,0.000858,0.000016
2422,0.001507,0.000050,0.000186,0.001829,0.000054
2423,0.000472,0.000029,0.000077,0.001012,0.000021
2424,0.000742,0.000052,0.000133,0.001760,0.000029
2425,0.000547,0.000013,0.000080,0.001362,0.000016
2426,0.001023,0.000023,0.000136,0.002597,0.000021
2427,0.000738,0.000021,0.000081,0.001382,0.000015
2428,0.001396,0.000038,0.000140,0.002617,0.000026
2429,0.000652,0.000016,0.000071,0.001256,0.000014
2430,0.001217,0.000025,0.000129,0.002254,0.000019
2431,0.000485,0.000008,0.000054,0.000740,0.000017
2432,0.000912,0.000019,0.000111,0.001424,0.000027
2433,0.000471,0.000008,0.000052,0.000449,0.000009
2434,0.000850,0.000013,0.000090,0.001007,0.000014
2435,0.000577,0.000010,0.000042,0.000422,0.000008
2436,0.001118,0.000034,0.000090,0.001989,0.000014
2437,0.000409,0.000011,0.000037,0.000289,0.000008
2438,0.000830,0.000021,0.000076,0.000619,0.000016
2439,0.000884,0.000020,0.000067,0.001668,0.000016
2440,0.001425,0.000034,0.000102,0.002536,0.000027
2441,0.000443,0.000014,0.000038,0.000424,0.000010
2442,0.000787,0.000018,0.000061,0.000544,0.000015
2443,0.000334,0.000010,0.000038,0.000311,0.000007
2444,0.000547,0.000019,0.000073,0.000927,0.000014
2445,0.000349,0.000012,0.000054,0.000539,0.000008
2446,0.000601,0.000019,0.000084,0.000745,0.000014
2447,0.000323,0.000011,0.000042,0.000550,0.000013
2448,0.000703,0.000022,0.000078,0.002058,0.000021
2449,0.000370,0.000009,0.000053,0.000745,0.000014
2450,0.000788,0.000021,0.000086,0.001259,0.000018
2451,0.000362,0.000009,0.000044,0.000484,0.000013
2452,0.000551,0.000015,0.000072,0.000575,0.000018
2453,0.000483,0.000013,0.000052,0.000412,0.000012
2454,0.000911,0.000024,0.000094,0.000819,0.000018
2455,0.000554,0.000014,0.000062,0.000938,0.000008
2456,0.000908,0.000024,0.000102,0.001403,0.000015
2457,0.000376,0.000009,0.000042,0.000669,0.000009
2458,0.000723,0.000018,0.000073,0.001277,0.000016
2459,0.000386,0.000010,0.000046,0.000530,0.000010
2460,0.000676,0.000020,0.000084,0.001724,0.000013
2461,0.000469,0.000008,0.000041,0.000383,0.000010
2462,0.000747,0.000014,0.000070,0.000815,0.000018
2463,0.000376,0.000010,0.000042,0.000514,0.000007
2464,0.000743,0.000016,0.000071,0.000862,0.000017
2465,0.000362,0.000008,0.000041,0.000357,0.000009
2466,0.000629,0.000012,0.000063,0.000719,0.000014
2467,0.000334,0.000006,0.000035,0.000365,0.000009
2468,0.000668,0.000011,0.000063,0.000566,0.000015
2469,0.000406,0.000010,0.000045,0.000642,0.000013
2470,0.000637,0.000018,0.000105,0.001956,0.000022
2471,0.000525,0.000008,0.000036,0.000376,0.000008
2472,0.000867,0.000012,0.000059,0.000506,0.000012
2473,0.000334,0.000005,0.000036,0.000245,0.000014
2474,0.000491,0.000009,0.000061,0.000468,0.000013
2475,0.000428,0.000013,0.000055,0.000620,0.000015
2476,0.001072,0.000026,0.000116,0.001605,0.000043
2477,0.000370,0.000010,0.000053,0.000675,0.000015
2478,0.000784,0.000015,0.000087,0.001301,0.000019
2479,0.000423,0.000005,0.000040,0.000555,0.000011
2480,0.000491,0.000008,0.000061,0.000697,0.000019
2481,0.000296,0.000011,0.000038,0.000413,0.000014
2482,0.000488,0.000012,0.000060,0.000605,0.000021
2483,0.000380,0.000012,0.000041,0.000532,0.000019
2484,0.000509,0.000021,0.000061,0.000729,0.000028
2485,0.000419,0.000012,0.000051,0.000818,0.000012
2486,0.000752,0.000022,0.000099,0.002003,0.000020
2487,0.000453,0.000018,0.000071,0.001237,0.000009
2488,0.000836,0.000027,0.000129,0.002269,0.000018
2489,0.000564,0.000015,0.000059,0.000759,0.000007
2490,0.000782,0.000022,0.000098,0.001585,0.000015
2491,0.000359,0.000011,0.000035,0.000597,0.000009
2492,0.000656,0.000020,0.000070,0.001467,0.000022
2493,0.000375,0.000014,0.000038,0.000463,0.000009
2494,0.000617,0.000016,0.000057,0.000429,0.000013
2495,0.000365,0.000010,0.000035,0.000437,0.000013
2496,0.000766,0.000020,0.000057,0.000531,0.000024
2497,0.000400,0.000009,0.000035,0.000276,0.000007
2498,0.001278,0.000029,0.000091,0.001409,0.000015
2499,0.000633,0.000013,0.000046,0.000433,0.000011
2500,0.001036,0.000026,0.000088,0.001142,0.000015
2501,0.000632,0.000011,0.000048,0.000655,0.000026
2502,0.001207,0.000021,0.000090,0.001631,0.000028
2503,0.000641,0.000012,0.000046,0.000508,0.000010
2504,0.000700,0.000013,0.000069,0.000511,0.000013
2505,0.000423,0.000008,0.000035,0.000393,0.000006
2506,0.000736,0.000016,0.000062,0.000845,0.000020
2507,0.000462,0.000010,0.000047,0.000914,0.000012
2508,0.000967,0.000026,0.000085,0.001776,0.000018
2509,0.000343,0.000009,0.000038,0.000565,0.000010
2510,0.000671,0.000016,0.000072,0.001053,0.000020
2511,0.000343,0.000008,0.000031,0.000546,0.000008
2512,0.000669,0.000014,0.000063,0.001494,0.000015
2513,0.000449,0.000013,0.000037,0.000590,0.000010
2514,0.000941,0.000021,0.000083,0.000580,0.000030
2515,0.000419,0.000013,0.000042,0.000740,0.000008
2516,0.000946,0.000039,0.000103,0.001577,0.000014
2517,0.000527,0.000014,0.000059,0.000982,0.000009
2518,0.000934,0.000028,0.000107,0.001991,0.000025
2519,0.000510,0.000010,0.000041,0.000771,0.000021
2520,0.001042,0.000029,0.000098,0.001859,0.000040
2521,0.000557,0.000012,0.000050,0.001040,0.000015
2522,0.001014,0.000023,0.000084,0.001898,0.000025
2523,0.000516,0.000015,0.000058,0.000940,0.000013
2524,0.000853,0.000020,0.000094,0.001778,0.000035
2525,0.000768,0.000014,0.000060,0.000752,0.000031
2526,0.000963,0.000023,0.000085,0.001631,0.000048
2527,0.000657,0.000029,0.000069,0.001019,0.000024
2528,0.000830,0.000047,0.000097,0.001575,0.000037
2529,0.000345,0.000014,0.000041,0.000366,0.000008
2530,0.000543,0.000027,0.000078,0.000737,0.000014
2531,0.000399,0.000019,0.000039,0.000460,0.000008
2532,0.000942,0.000033,0.000072,0.001024,0.000011
2533,0.000692,0.000020,0.000056,0.000649,0.000013
2534,0.000874,0.000028,0.000106,0.001178,0.000016
2535,0.000932,0.000022,0.000090,0.001339,0.000018
2536,0.001815,0.000035,0.000179,0.002418,0.000031
2537,0.001109,0.000033,0.000091,0.001808,0.000031
2538,0.001626,0.000041,0.000127,0.002424,0.000041
2539,0.000407,0.000008,0.000039,0.000403,0.000010
2540,0.000808,0.000028,0.000093,0.001475,0.000024
2541,0.000365,0.000008,0.000036,0.000324,0.000010
2542,0.000913,0.000015,0.000066,0.000825,0.000019
2543,0.000433,0.000013,0.000052,0.000450,0.000018
2544,0.000705,0.000022,0.000099,0.001045,0.000024
2545,0.000561,0.000011,0.000052,0.000830,0.000006
2546,0.001029,0.000017,0.000085,0.001358,0.000013
2547,0.000507,0.000016,0.000058,0.001248,0.000010
2548,0.001145,0.000022,0.000079,0.001580,0.000014
2549,0.000352,0.000008,0.000033,0.000333,0.000005
2550,0.000689,0.000015,0.000053,0.000512,0.000012
2551,0.000392,0.000009,0.000038,0.000608,0.000008
2552,0.000781,0.000016,0.000066,0.001076,0.000013
2553,0.000896,0.000038,0.000095,0.001203,0.000015
2554,0.001047,0.000041,0.000121,0.001701,0.000019
2555,0.000508,0.000013,0.000044,0.000388,0.000018
2556,0.000768,0.000016,0.000071,0.000813,0.000022
2557,0.000327,0.000008,0.000034,0.000233,0.000006
2558,0.000547,0.000012,0.000052,0.000401,0.000014
2559,0.000473,0.000010,0.000034,0.000625,0.000010
2560,0.000709,0.000015,0.000050,0.000657,0.000018
2561,0.000401,0.000011,0.000031,0.000375,0.000009
2562,0.000718,0.000019,0.000051,0.000625,0.000018
2563,0.000382,0.000009,0.000035,0.000309,0.000018
2564,0.000690,0.000018,0.000063,0.000700,0.000028
2565,0.000587,0.000025,0.000056,0.000732,0.000021
2566,0.000951,0.000029,0.000083,0.001131,0.000036
2567,0.000384,0.000013,0.000047,0.000550,0.000013
2568,0.000782,0.000024,0.000096,0.001071,0.000038
2569,0.000372,0.000011,0.000033,0.000351,0.000010
2570,0.000500,0.000021,0.000054,0.000604,0.000014
2571,0.000337,0.000009,0.000030,0.000301,0.000009
2572,0.000493,0.000013,0.000042,0.000441,0.000012
2573,0.000518,0.000016,0.000038,0.000514,0.000010
2574,0.000722,0.000019,0.000056,0.000858,0.000030
2575,0.000395,0.000008,0.000032,0.000450,0.000015
2576,0.000776,0.000018,0.000052,0.000774,0.000020
2577,0.000387,0.000017,0.000049,0.000961,0.000015
2578,0.000680,0.000019,0.000067,0.001187,0.000025
2579,0.000350,0.000008,0.000032,0.000439,0.000009
2580,0.000586,0.000029,0.000078,0.001666,0.000017
2581,0.000361,0.000008,0.000028,0.000297,0.000010
2582,0.000800,0.000018,0.000052,0.000673,0.000018
2583,0.000594,0.000013,0.000039,0.000463,0.000014
2584,0.000815,0.000018,0.000056,0.000693,0.000025
2585,0.000654,0.000016,0.000047,0.001228,0.000013
2586,0.000705,0.000018,0.000069,0.001557,0.000016
2587,0.000361,0.000007,0.000028,0.000301,0.000008
2588,0.000612,0.000009,0.000046,0.000504,0.000022
2589,0.001101,0.000050,0.000103,0.001820,0.000008
2590,0.001093,0.000054,0.000118,0.001706,0.000012
2591,0.000358,0.000010,0.000030,0.000301,0.000006
2592,0.000653,0.000017,0.000052,0.000523,0.000014
2593,0.000659,0.000009,0.000032,0.000332,0.000021
2594,0.000853,0.000012,0.000049,0.000602,0.000030
2595,0.000293,0.000007,0.000031,0.000309,0.000008
2596,0.000474,0.000011,0.000048,0.000552,0.000009
2597,0.000338,0.000008,0.000030,0.000328,0.000006
2598,0.000753,0.000022,0.000058,0.001148,0.000012
2599,0.000524,0.000006,0.000031,0.000349,0.000007
2600,0.000771,0.000013,0.000053,0.000582,0.000008
2601,0.000400,0.000007,0.000036,0.000476,0.000013
2602,0.000796,0.000012,0.000053,0.000683,0.000018
2603,0.000427,0.000010,0.000036,0.000510,0.000007
2604,0.000836,0.000019,0.000075,0.001148,0.000022
2605,0.000511,0.000011,0.000039,0.000406,0.000005
2606,0.000977,0.000019,0.000062,0.000434,0.000014
2607,0.000356,0.000009,0.000030,0.000214,0.000014
2608,0.000648,0.000015,0.000053,0.000443,0.000020
2609,0.000318,0.000011,0.000027,0.000264,0.000008
2610,0.000639,0.000017,0.000042,0.000289,0.000012
2611,0.000369,0.000013,0.000030,0.000290,0.000005
2612,0.000565,0.000017,0.000042,0.000360,0.000010
2613,0.000379,0.000010,0.000029,0.000279,0.000013
2614,0.000672,0.000017,0.000044,0.000293,0.000015
2615,0.000411,0.000016,0.000036,0.000576,0.000013
2616,0.000603,0.000021,0.000049,0.000734,0.000017
2617,0.000359,0.000010,0.000033,0.000301,0.000017
2618,0.000671,0.000019,0.000051,0.000666,0.000034
2619,0.000417,0.000013,0.000029,0.000599,0.000011
2620,0.000810,0.000021,0.000059,0.001195,0.000019
2621,0.000343,0.000007,0.000027,0.000239,0.000009
2622,0.000471,0.000012,0.000046,0.000450,0.000016
2623,0.000398,0.000015,0.000035,0.000269,0.000009
2624,0.000512,0.000018,0.000050,0.000379,0.000014
2625,0.000369,0.000010,0.000029,0.000305,0.000008
2626,0.000482,0.000013,0.000038,0.000313,0.000009
2627,0.000430,0.000010,0.000033,0.000453,0.000007
2628,0.000569,0.000016,0.000048,0.000532,0.000009
2629,0.000328,0.000007,0.000027,0.000353,0.000007
2630,0.000537,0.000015,0.000046,0.000598,0.000013
2631,0.000652,0.000018,0.000042,0.000770,0.000017
2632,0.000903,0.000022,0.000060,0.000927,0.000025
2633,0.000522,0.000012,0.000035,0.000428,0.000010
2634,0.000647,0.000016,0.000056,0.000666,0.000020
2635,0.000521,0.000013,0.000044,0.000861,0.000015
2636,0.000821,0.000013,0.000058,0.000958,0.000015
2637,0.000612,0.000011,0.000034,0.000476,0.000009
2638,0.000840,0.000018,0.000058,0.000899,0.000019
2639,0.000323,0.000010,0.000035,0.000405,0.000011
2640,0.000599,0.000020,0.000070,0.000938,0.000021
2641,0.000510,0.000013,0.000036,0.000663,0.000009
2642,0.000645,0.000015,0.000055,0.000807,0.000012
2643,0.000311,0.000009,0.000032,0.000484,0.000009
2644,0.000616,0.000015,0.000059,0.001084,0.000017
2645,0.000469,0.000007,0.000029,0.000281,0.000012
2646,0.000839,0.000014,0.000052,0.000824,0.000012
2647,0.000466,0.000010,0.000034,0.000767,0.000011
2648,0.000917,0.000013,0.000054,0.001219,0.000017
2649,0.000361,0.000008,0.000030,0.000324,0.000008
2650,0.000564,0.000011,0.000043,0.000236,0.000012
2651,0.000353,0.000008,0.000026,0.000211,0.000006
2652,0.000791,0.000015,0.000054,0.001053,0.000009
2653,0.000360,0.000016,0.000045,0.001052,0.000009
2654,0.000817,0.000042,0.000108,0.002623,0.000013
2655,0.000446,0.000011,0.000038,0.000644,0.000008
2656,0.001191,0.000032,0.000083,0.001418,0.000011
2657,0.000963,0.000029,0.000051,0.001415,0.000012
2658,0.001321,0.000039,0.000069,0.001333,0.000014
2659,0.000374,0.000016,0.000037,0.000351,0.000006
2660,0.000839,0.000031,0.000086,0.001112,0.000011
2661,0.000462,0.000025,0.000038,0.000484,0.000007
2662,0.000751,0.000037,0.000073,0.000756,0.000013
2663,0.000714,0.000021,0.000069,0.001064,0.000018
2664,0.001137,0.000028,0.000096,0.001543,0.000026
2665,0.000358,0.000017,0.000033,0.000341,0.000007
2666,0.000670,0.000029,0.000060,0.001008,0.000012
2667,0.000366,0.000019,0.000036,0.000750,0.000016
2668,0.000547,0.000039,0.000066,0.001394,0.000028
2669,0.000372,0.000020,0.000035,0.000252,0.000011
2670,0.000689,0.000034,0.000056,0.000418,0.000017
2671,0.000376,0.000017,0.000029,0.000259,0.000008
2672,0.000750,0.000034,0.000061,0.000753,0.000042
2673,0.000718,0.000016,0.000035,0.000338,0.000008
2674,0.001113,0.000023,0.000055,0.000605,0.000014
2675,0.000731,0.000019,0.000041,0.000883,0.000012
2676,0.001102,0.000029,0.000065,0.001236,0.000016
2677,0.000447,0.000010,0.000031,0.000382,0.000007
2678,0.001220,0.000019,0.000068,0.001106,0.000015
2679,0.000565,0.000010,0.000037,0.000442,0.000010
2680,0.000927,0.000018,0.000060,0.000562,0.000019
2681,0.000391,0.000011,0.000032,0.000364,0.000014
2682,0.000487,0.000014,0.000050,0.000387,0.000015
2683,0.000394,0.000005,0.000033,0.000278,0.000009
2684,0.000529,0.000007,0.000054,0.000398,0.000011
2685,0.000536,0.000016,0.000056,0.000587,0.000013
2686,0.001081,0.000030,0.000113,0.001237,0.000013
2687,0.000462,0.000012,0.000039,0.000301,0.000007
2688,0.000787,0.000023,0.000075,0.000526,0.000012
2689,0.000460,0.000008,0.000029,0.000391,0.000010
2690,0.000836,0.000016,0.000059,0.001636,0.000014
2691,0.000558,0.000011,0.000036,0.001126,0.000014
2692,0.001012,0.000019,0.000071,0.001973,0.000023
2693,0.000409,0.000010,0.000035,0.000442,0.000008
2694,0.000911,0.000018,0.000068,0.000792,0.000021
2695,0.000541,0.000013,0.000044,0.000582,0.000023
2696,0.000869,0.000019,0.000070,0.000875,0.000026
2697,0.000791,0.000019,0.000057,0.001202,0.000026
2698,0.001275,0.000032,0.000094,0.001790,0.000030
2699,0.000440,0.000012,0.000042,0.000577,0.000017
2700,0.000887,0.000020,0.000070,0.000862,0.000027
2701,0.000610,0.000019,0.000050,0.001318,0.000017
2702,0.001036,0.000027,0.000081,0.001736,0.000032
2703,0.000538,0.000016,0.000050,0.001505,0.000010
2704,0.000997,0.000031,0.000093,0.002746,0.000014
2705,0.000547,0.000015,0.000038,0.000338,0.000008
2706,0.000938,0.000023,0.000061,0.000605,0.000013
