1,2545,3,50,6
2,2624,2,50,4
3,36,49,50,98
4,36,49,50,98
5,36,16,50,32
6,36,45,50,90
7,36,50,50,100
8,36,50,50,100
9,36,50,50,100
10,36,50,50,100
11,36,50,50,100
12,36,50,50,100
13,36,50,50,100
14,36,50,50,100
15,36,50,50,100
16,36,50,50,100
17,36,50,50,100
18,36,50,50,100
19,1989,14,50,28
20,1989,13,50,26
21,1989,15,50,30
22,1989,10,50,20
23,1989,21,50,42
24,36,16,50,32
25,1989,16,50,32
26,1989,17,50,34
27,1989,23,50,46
28,1989,18,50,36
29,36,30,50,60
30,36,29,50,58
31,1989,11,50,22
32,36,24,50,48
33,36,28,50,56
34,36,28,50,56
35,36,47,50,94
36,36,25,50,50
37,1989,18,50,36
38,36,44,50,88
39,36,50,50,100
40,36,50,50,100
41,36,50,50,100
42,36,46,50,92
43,36,20,50,40
44,36,49,50,98
45,36,40,50,80
46,36,42,50,84
47,36,35,50,70
48,36,40,50,80
49,36,34,50,68
50,36,43,50,86
51,36,25,50,50
52,36,38,50,76
53,36,38,50,76
54,36,41,50,82
55,36,39,50,78
56,36,31,50,62
57,36,40,50,80
58,36,33,50,66
59,36,35,50,70
60,36,25,50,50
61,36,31,50,62
62,36,38,50,76
63,36,33,50,66
64,36,35,50,70
65,36,26,50,52
66,36,34,50,68
67,36,23,50,46
68,36,22,50,44
69,36,26,50,52
70,36,19,50,38
71,36,17,50,34
72,1989,16,50,32
73,36,23,50,46
74,36,37,50,74
75,36,16,50,32
76,1989,12,50,24
77,36,12,50,24
78,1989,13,50,26
79,2546,15,50,30
80,2546,8,50,16
81,1989,10,50,20
82,36,42,50,84
83,279,8,50,16
84,36,17,50,34
85,36,38,50,76
86,36,20,50,40
87,279,17,50,34
88,279,13,50,26
89,36,26,50,52
90,279,18,50,36
91,36,38,50,76
92,36,20,50,40
93,36,32,50,64
94,36,25,50,50
95,36,31,50,62
96,36,34,50,68
97,36,37,50,74
98,36,34,50,68
99,36,30,50,60
100,36,47,50,94
101,36,32,50,64
102,36,40,50,80
103,36,44,50,88
104,36,38,50,76
105,36,50,50,100
106,36,31,50,62
107,36,39,50,78
108,36,36,50,72
109,36,37,50,74
110,36,40,50,80
111,36,36,50,72
112,36,32,50,64
113,36,35,50,70
114,36,42,50,84
115,36,40,50,80
116,36,47,50,94
117,36,40,50,80
118,36,36,50,72
119,36,45,50,90
120,36,42,50,84
121,36,37,50,74
122,36,49,50,98
123,36,45,50,90
124,36,40,50,80
125,36,24,50,48
126,36,36,50,72
127,36,41,50,82
128,36,39,50,78
129,36,34,50,68
130,36,28,50,56
131,36,16,50,32
132,36,36,50,72
133,36,36,50,72
134,36,41,50,82
135,36,44,50,88
136,36,26,50,52
137,36,26,50,52
138,36,42,50,84
139,36,49,50,98
140,36,38,50,76
141,36,40,50,80
142,36,47,50,94
143,36,49,50,98
144,36,50,50,100
145,36,50,50,100
146,36,50,50,100
147,36,50,50,100
148,36,50,50,100
149,36,50,50,100
150,36,50,50,100
151,36,50,50,100
152,36,50,50,100
153,36,50,50,100
154,36,50,50,100
155,36,50,50,100
156,36,50,50,100
157,36,50,50,100
158,36,50,50,100
159,36,50,50,100
160,36,50,50,100
161,36,50,50,100
162,36,50,50,100
163,36,50,50,100
164,36,50,50,100
165,36,50,50,100
166,36,50,50,100
167,36,50,50,100
168,36,40,50,80
169,36,50,50,100
170,36,50,50,100
171,36,50,50,100
172,36,46,50,92
173,36,50,50,100
174,36,50,50,100
175,36,50,50,100
176,36,50,50,100
177,36,34,50,68
178,36,47,50,94
179,36,49,50,98
180,36,47,50,94
181,36,49,50,98
182,36,47,50,94
183,36,50,50,100
184,36,49,50,98
185,36,50,50,100
186,36,50,50,100
187,36,47,50,94
188,36,48,50,96
189,36,50,50,100
190,36,50,50,100
191,36,50,50,100
192,36,50,50,100
193,36,50,50,100
194,36,50,50,100
195,36,38,50,76
196,36,48,50,96
197,36,30,50,60
198,36,44,50,88
199,36,40,50,80
200,36,44,50,88
201,36,36,50,72
202,36,30,50,60
203,36,26,50,52
204,36,29,50,58
205,36,30,50,60
206,36,33,50,66
207,36,39,50,78
208,36,34,50,68
209,36,39,50,78
210,36,36,50,72
211,36,35,50,70
212,36,35,50,70
213,36,33,50,66
214,36,36,50,72
215,36,33,50,66
216,36,27,50,54
217,36,33,50,66
218,36,31,50,62
219,36,32,50,64
220,36,33,50,66
221,36,31,50,62
222,36,29,50,58
223,36,31,50,62
224,36,32,50,64
225,36,29,50,58
226,36,24,50,48
227,36,24,50,48
228,36,24,50,48
229,36,48,50,96
230,36,28,50,56
231,36,26,50,52
232,36,27,50,54
233,36,27,50,54
234,36,19,50,38
235,36,34,50,68
236,36,28,50,56
237,36,24,50,48
238,36,26,50,52
239,36,26,50,52
240,36,23,50,46
241,36,27,50,54
242,36,26,50,52
243,36,44,50,88
244,36,31,50,62
245,36,49,50,98
246,36,44,50,88
247,36,48,50,96
248,36,36,50,72
249,36,49,50,98
250,36,50,50,100
251,36,27,50,54
252,36,36,50,72
253,36,33,50,66
254,36,32,50,64
255,36,28,50,56
256,36,43,50,86
257,36,32,50,64
258,36,50,50,100
259,36,50,50,100
260,36,50,50,100
261,36,39,50,78
262,36,50,50,100
263,36,50,50,100
264,36,42,50,84
265,36,38,50,76
266,36,50,50,100
267,36,50,50,100
268,36,50,50,100
269,36,34,50,68
270,36,32,50,64
271,36,50,50,100
272,36,26,50,52
273,36,32,50,64
274,36,26,50,52
275,36,25,50,50
276,36,30,50,60
277,36,30,50,60
278,36,26,50,52
279,36,25,50,50
280,36,26,50,52
281,36,26,50,52
282,36,23,50,46
283,36,24,50,48
284,36,27,50,54
285,36,23,50,46
286,36,29,50,58
287,36,26,50,52
288,36,24,50,48
289,36,24,50,48
290,36,22,50,44
291,36,48,50,96
292,36,25,50,50
293,36,25,50,50
294,36,50,50,100
295,36,50,50,100
296,36,41,50,82
297,36,50,50,100
298,36,31,50,62
299,36,49,50,98
300,36,50,50,100
301,36,23,50,46
302,36,50,50,100
303,36,50,50,100
304,36,50,50,100
305,36,50,50,100
306,36,50,50,100
307,36,50,50,100
308,36,50,50,100
309,36,50,50,100
310,36,50,50,100
311,36,50,50,100
312,36,42,50,84
313,36,42,50,84
314,36,37,50,74
315,36,38,50,76
316,36,30,50,60
317,36,23,50,46
318,36,33,50,66
319,36,32,50,64
320,36,33,50,66
321,36,33,50,66
322,36,24,50,48
323,36,23,50,46
324,36,23,50,46
325,36,23,50,46
326,36,25,50,50
327,36,24,50,48
328,279,21,50,42
329,36,26,50,52
330,36,28,50,56
331,36,23,50,46
332,36,26,50,52
333,36,31,50,62
334,36,29,50,58
335,36,28,50,56
336,36,31,50,62
337,36,26,50,52
338,36,32,50,64
339,36,37,50,74
340,36,29,50,58
341,36,49,50,98
342,36,39,50,78
343,36,50,50,100
344,36,49,50,98
345,36,44,50,88
346,36,43,50,86
347,36,50,50,100
348,36,50,50,100
349,36,50,50,100
350,36,47,50,94
351,36,49,50,98
352,36,50,50,100
353,36,36,50,72
354,36,50,50,100
355,36,23,50,46
356,36,41,50,82
357,36,33,50,66
358,36,39,50,78
359,36,40,50,80
360,36,23,50,46
361,36,33,50,66
362,36,37,50,74
363,36,31,50,62
364,36,50,50,100
365,36,27,50,54
366,36,32,50,64
367,36,27,50,54
368,36,29,50,58
369,36,30,50,60
370,36,25,50,50
371,36,29,50,58
372,36,28,50,56
373,36,34,50,68
374,36,32,50,64
375,36,25,50,50
376,36,27,50,54
377,36,32,50,64
378,36,30,50,60
379,36,30,50,60
380,36,24,50,48
381,36,30,50,60
382,36,28,50,56
383,36,25,50,50
384,36,25,50,50
385,36,25,50,50
386,36,23,50,46
387,36,27,50,54
388,36,26,50,52
389,36,24,50,48
390,36,26,50,52
391,36,29,50,58
392,36,24,50,48
393,36,31,50,62
394,36,22,50,44
395,36,25,50,50
396,36,25,50,50
397,36,26,50,52
398,36,24,50,48
399,36,24,50,48
400,36,28,50,56
401,36,28,50,56
402,36,24,50,48
403,36,30,50,60
404,36,34,50,68
405,36,28,50,56
406,36,28,50,56
407,36,33,50,66
408,36,28,50,56
409,36,44,50,88
410,36,42,50,84
411,36,40,50,80
412,36,34,50,68
413,36,40,50,80
414,36,40,50,80
415,36,32,50,64
416,36,37,50,74
417,36,43,50,86
418,36,37,50,74
419,36,39,50,78
420,36,40,50,80
421,36,43,50,86
422,36,46,50,92
423,36,45,50,90
424,36,48,50,96
425,36,43,50,86
426,36,42,50,84
427,36,41,50,82
428,36,41,50,82
429,36,36,50,72
430,36,42,50,84
431,36,28,50,56
432,36,37,50,74
433,36,34,50,68
434,36,34,50,68
435,36,33,50,66
436,36,31,50,62
437,36,36,50,72
438,36,28,50,56
439,36,26,50,52
440,36,28,50,56
441,36,30,50,60
442,36,28,50,56
443,36,30,50,60
444,36,22,50,44
445,36,27,50,54
446,36,32,50,64
447,36,32,50,64
448,36,33,50,66
449,36,29,50,58
450,36,31,50,62
451,36,37,50,74
452,36,38,50,76
453,36,30,50,60
454,36,39,50,78
455,36,38,50,76
456,36,46,50,92
457,36,39,50,78
458,36,32,50,64
459,36,37,50,74
460,36,36,50,72
461,36,29,50,58
462,36,37,50,74
463,36,36,50,72
464,36,37,50,74
465,36,42,50,84
466,36,37,50,74
467,36,22,50,44
468,36,27,50,54
469,36,37,50,74
470,36,36,50,72
471,36,40,50,80
472,36,36,50,72
473,36,29,50,58
474,36,37,50,74
475,36,28,50,56
476,36,28,50,56
477,36,31,50,62
478,36,29,50,58
479,36,33,50,66
480,36,32,50,64
481,36,36,50,72
482,36,26,50,52
483,36,31,50,62
484,36,31,50,62
485,36,26,50,52
486,36,29,50,58
487,36,30,50,60
488,36,26,50,52
489,36,19,50,38
490,36,25,50,50
491,36,26,50,52
492,36,27,50,54
493,36,25,50,50
494,36,20,50,40
495,36,25,50,50
496,36,28,50,56
497,36,27,50,54
498,36,27,50,54
499,36,29,50,58
500,36,29,50,58
501,36,26,50,52
502,36,28,50,56
503,36,27,50,54
504,36,27,50,54
505,36,29,50,58
506,36,32,50,64
507,36,23,50,46
508,36,24,50,48
509,36,25,50,50
510,36,32,50,64
511,36,29,50,58
512,36,27,50,54
513,36,31,50,62
514,36,26,50,52
515,36,24,50,48
516,36,25,50,50
517,36,29,50,58
518,36,23,50,46
519,36,27,50,54
520,36,28,50,56
521,36,25,50,50
522,36,26,50,52
523,36,26,50,52
524,36,31,50,62
525,36,25,50,50
526,36,32,50,64
527,36,27,50,54
528,36,28,50,56
529,36,26,50,52
530,279,25,50,50
531,279,32,50,64
532,36,30,50,60
533,36,47,50,94
534,36,28,50,56
535,36,23,50,46
536,36,24,50,48
537,36,28,50,56
538,36,39,50,78
539,36,33,50,66
540,36,28,50,56
541,36,25,50,50
542,36,25,50,50
543,36,26,50,52
544,36,29,50,58
545,36,25,50,50
546,36,27,50,54
547,36,23,50,46
548,36,25,50,50
549,36,26,50,52
550,36,26,50,52
551,36,25,50,50
552,36,26,50,52
553,36,27,50,54
554,36,24,50,48
555,36,20,50,40
556,36,31,50,62
557,36,23,50,46
558,36,26,50,52
559,36,26,50,52
560,36,29,50,58
561,36,25,50,50
562,36,24,50,48
563,36,24,50,48
564,36,29,50,58
565,36,27,50,54
566,36,24,50,48
567,36,25,50,50
568,36,25,50,50
569,36,27,50,54
570,36,25,50,50
571,36,31,50,62
572,36,27,50,54
573,36,31,50,62
574,36,31,50,62
575,36,29,50,58
576,36,31,50,62
577,36,31,50,62
578,36,29,50,58
579,97,17,50,34
580,36,29,50,58
581,36,27,50,54
582,36,25,50,50
583,36,24,50,48
584,36,29,50,58
585,36,30,50,60
586,36,21,50,42
587,36,25,50,50
588,36,25,50,50
589,36,20,50,40
590,36,27,50,54
591,36,25,50,50
592,36,24,50,48
593,36,23,50,46
594,36,26,50,52
595,36,26,50,52
596,36,26,50,52
597,36,25,50,50
598,36,24,50,48
599,36,30,50,60
600,36,30,50,60
601,36,41,50,82
602,36,29,50,58
603,36,40,50,80
604,36,29,50,58
605,36,28,50,56
606,36,26,50,52
607,36,27,50,54
608,36,25,50,50
609,36,26,50,52
610,36,24,50,48
611,36,28,50,56
612,36,24,50,48
613,36,29,50,58
614,36,29,50,58
615,36,23,50,46
616,36,28,50,56
617,36,30,50,60
618,36,28,50,56
619,36,23,50,46
620,36,25,50,50
621,36,49,50,98
622,36,28,50,56
623,36,27,50,54
624,36,27,50,54
625,36,29,50,58
626,36,25,50,50
627,36,31,50,62
628,36,28,50,56
629,36,28,50,56
630,36,27,50,54
631,36,28,50,56
632,36,30,50,60
633,36,31,50,62
634,36,39,50,78
635,36,32,50,64
636,36,21,50,42
637,36,39,50,78
638,36,31,50,62
639,36,28,50,56
640,36,28,50,56
641,36,28,50,56
642,36,26,50,52
643,36,36,50,72
644,36,32,50,64
645,36,27,50,54
646,36,29,50,58
647,36,27,50,54
648,36,28,50,56
649,36,28,50,56
650,36,27,50,54
651,36,29,50,58
652,36,26,50,52
653,97,19,50,38
654,36,25,50,50
655,36,29,50,58
656,36,31,50,62
657,36,31,50,62
658,36,29,50,58
659,36,31,50,62
660,36,25,50,50
661,36,25,50,50
662,36,49,50,98
663,36,25,50,50
664,36,26,50,52
665,36,33,50,66
666,36,32,50,64
667,36,28,50,56
668,36,31,50,62
669,36,32,50,64
670,36,33,50,66
671,36,28,50,56
672,36,31,50,62
673,36,27,50,54
674,36,25,50,50
675,36,33,50,66
676,36,31,50,62
677,36,26,50,52
678,36,26,50,52
679,36,28,50,56
680,36,29,50,58
681,36,28,50,56
682,36,31,50,62
683,36,35,50,70
684,36,31,50,62
685,36,34,50,68
686,36,36,50,72
687,36,36,50,72
688,36,37,50,74
689,36,28,50,56
690,36,36,50,72
691,36,33,50,66
692,36,35,50,70
693,36,31,50,62
694,36,33,50,66
695,36,32,50,64
696,36,35,50,70
697,36,34,50,68
698,36,29,50,58
699,36,27,50,54
700,36,29,50,58
701,36,28,50,56
702,36,27,50,54
703,36,23,50,46
704,36,25,50,50
705,36,24,50,48
706,36,24,50,48
707,36,23,50,46
708,36,27,50,54
709,36,27,50,54
710,36,27,50,54
711,36,24,50,48
712,36,27,50,54
713,36,31,50,62
714,36,23,50,46
715,36,32,50,64
716,36,30,50,60
717,36,29,50,58
718,36,30,50,60
719,36,31,50,62
720,36,33,50,66
721,36,35,50,70
722,36,31,50,62
723,36,36,50,72
724,36,49,50,98
725,36,31,50,62
726,36,35,50,70
727,36,33,50,66
728,36,38,50,76
729,36,32,50,64
730,36,34,50,68
731,36,26,50,52
732,36,31,50,62
733,36,34,50,68
734,36,27,50,54
735,36,26,50,52
736,36,31,50,62
737,36,24,50,48
738,36,23,50,46
739,36,25,50,50
740,36,25,50,50
741,36,23,50,46
742,36,25,50,50
743,36,25,50,50
744,36,27,50,54
745,36,26,50,52
746,36,24,50,48
747,36,25,50,50
748,36,27,50,54
749,36,23,50,46
750,36,22,50,44
751,36,27,50,54
752,97,26,50,52
753,36,26,50,52
754,36,23,50,46
755,36,23,50,46
756,97,28,50,56
757,36,25,50,50
758,36,27,50,54
759,36,24,50,48
760,36,23,50,46
761,36,27,50,54
762,36,23,50,46
763,36,23,50,46
764,36,22,50,44
765,36,26,50,52
766,36,26,50,52
767,36,23,50,46
768,36,28,50,56
769,36,29,50,58
770,36,26,50,52
771,36,23,50,46
772,36,29,50,58
773,36,25,50,50
774,36,25,50,50
775,36,27,50,54
776,36,26,50,52
777,36,28,50,56
778,36,34,50,68
779,36,25,50,50
780,36,28,50,56
781,36,24,50,48
782,36,33,50,66
783,36,24,50,48
784,36,25,50,50
785,36,25,50,50
786,36,29,50,58
787,36,23,50,46
788,36,31,50,62
789,36,25,50,50
790,36,25,50,50
791,36,27,50,54
792,36,24,50,48
793,36,22,50,44
794,36,25,50,50
795,36,21,50,42
796,36,27,50,54
797,36,22,50,44
798,36,25,50,50
799,36,25,50,50
800,36,25,50,50
801,36,35,50,70
802,36,23,50,46
803,36,25,50,50
804,36,23,50,46
805,36,25,50,50
806,36,26,50,52
807,36,29,50,58
808,36,22,50,44
809,36,23,50,46
810,36,23,50,46
811,36,24,50,48
812,36,23,50,46
813,36,27,50,54
814,36,26,50,52
815,36,26,50,52
816,36,22,50,44
817,36,43,50,86
818,36,27,50,54
819,36,23,50,46
820,36,27,50,54
821,36,27,50,54
822,36,25,50,50
823,36,22,50,44
824,36,24,50,48
825,36,27,50,54
826,36,23,50,46
827,36,26,50,52
828,36,22,50,44
829,36,23,50,46
830,36,36,50,72
831,36,25,50,50
832,36,25,50,50
833,36,25,50,50
834,36,22,50,44
835,36,21,50,42
836,36,25,50,50
837,36,23,50,46
838,36,23,50,46
839,36,27,50,54
840,36,27,50,54
841,36,26,50,52
842,36,25,50,50
843,36,29,50,58
844,36,26,50,52
845,36,25,50,50
846,36,31,50,62
847,36,24,50,48
848,36,23,50,46
849,36,33,50,66
850,36,27,50,54
851,36,24,50,48
852,36,30,50,60
853,36,27,50,54
854,36,24,50,48
855,36,25,50,50
856,36,29,50,58
857,36,26,50,52
858,36,27,50,54
859,36,23,50,46
860,36,25,50,50
861,36,26,50,52
862,36,25,50,50
863,36,26,50,52
864,36,22,50,44
865,36,25,50,50
866,36,27,50,54
867,36,27,50,54
868,36,25,50,50
869,36,24,50,48
870,36,26,50,52
871,36,27,50,54
872,36,32,50,64
873,36,25,50,50
874,36,24,50,48
875,36,28,50,56
876,36,27,50,54
877,36,27,50,54
878,36,24,50,48
879,36,33,50,66
880,36,23,50,46
881,36,23,50,46
882,36,27,50,54
883,36,23,50,46
884,36,23,50,46
885,36,24,50,48
886,36,24,50,48
887,36,26,50,52
888,36,25,50,50
889,36,27,50,54
890,36,24,50,48
891,36,32,50,64
892,36,26,50,52
893,36,24,50,48
894,36,26,50,52
895,36,27,50,54
896,36,23,50,46
897,36,22,50,44
898,36,27,50,54
899,36,23,50,46
900,36,31,50,62
901,36,19,50,38
902,36,28,50,56
903,36,22,50,44
904,36,24,50,48
905,36,25,50,50
906,36,26,50,52
907,36,37,50,74
908,36,24,50,48
909,36,24,50,48
910,36,22,50,44
911,36,24,50,48
912,36,27,50,54
913,36,25,50,50
914,36,25,50,50
915,36,25,50,50
916,36,24,50,48
917,36,27,50,54
918,36,43,50,86
919,36,24,50,48
920,36,23,50,46
921,36,25,50,50
922,36,26,50,52
923,36,25,50,50
924,36,25,50,50
925,36,22,50,44
926,36,24,50,48
927,36,23,50,46
928,36,22,50,44
929,36,23,50,46
930,36,23,50,46
931,36,25,50,50
932,36,25,50,50
933,36,23,50,46
934,36,24,50,48
935,36,23,50,46
936,36,25,50,50
937,36,25,50,50
938,36,24,50,48
939,36,25,50,50
940,36,25,50,50
941,36,25,50,50
942,36,26,50,52
943,36,27,50,54
944,36,25,50,50
945,36,27,50,54
946,36,20,50,40
947,36,23,50,46
948,36,24,50,48
949,36,25,50,50
950,36,25,50,50
951,36,26,50,52
952,36,40,50,80
953,36,26,50,52
954,36,27,50,54
955,36,25,50,50
956,36,25,50,50
957,36,23,50,46
958,36,26,50,52
959,36,27,50,54
960,36,24,50,48
961,36,25,50,50
962,36,27,50,54
963,85,16,50,32
964,36,40,50,80
965,36,19,50,38
966,36,24,50,48
967,36,28,50,56
968,36,25,50,50
969,36,24,50,48
970,36,25,50,50
971,36,23,50,46
972,36,24,50,48
973,36,17,50,34
974,36,28,50,56
975,36,23,50,46
976,36,30,50,60
977,36,32,50,64
978,36,32,50,64
979,36,24,50,48
980,36,33,50,66
981,36,28,50,56
982,36,25,50,50
983,36,29,50,58
984,36,27,50,54
985,36,24,50,48
986,36,23,50,46
987,36,26,50,52
988,36,24,50,48
989,36,26,50,52
990,36,23,50,46
991,36,23,50,46
992,36,25,50,50
993,36,25,50,50
994,36,38,50,76
995,36,27,50,54
996,36,26,50,52
997,36,26,50,52
998,36,33,50,66
999,36,25,50,50
1000,36,25,50,50
1001,36,43,50,86
1002,36,37,50,74
1003,36,30,50,60
1004,36,25,50,50
1005,36,22,50,44
1006,36,29,50,58
1007,36,32,50,64
1008,36,25,50,50
1009,36,33,50,66
1010,36,27,50,54
1011,36,24,50,48
1012,36,24,50,48
1013,36,23,50,46
1014,36,24,50,48
1015,36,23,50,46
1016,36,25,50,50
1017,36,25,50,50
1018,36,24,50,48
1019,36,27,50,54
1020,36,26,50,52
1021,36,24,50,48
1022,36,26,50,52
1023,36,26,50,52
1024,36,22,50,44
1025,36,26,50,52
1026,36,35,50,70
1027,36,25,50,50
1028,36,31,50,62
1029,36,22,50,44
1030,36,27,50,54
1031,36,24,50,48
1032,36,26,50,52
1033,36,25,50,50
1034,36,25,50,50
1035,36,24,50,48
1036,36,27,50,54
1037,36,22,50,44
1038,36,28,50,56
1039,36,22,50,44
1040,36,26,50,52
1041,36,26,50,52
1042,36,25,50,50
1043,36,25,50,50
1044,36,24,50,48
1045,36,24,50,48
1046,36,27,50,54
1047,36,26,50,52
1048,36,23,50,46
1049,36,21,50,42
1050,36,26,50,52
1051,36,22,50,44
1052,36,24,50,48
1053,36,39,50,78
1054,36,24,50,48
1055,36,22,50,44
1056,36,25,50,50
1057,36,20,50,40
1058,36,30,50,60
1059,36,31,50,62
1060,36,25,50,50
1061,36,27,50,54
1062,36,26,50,52
1063,36,25,50,50
1064,36,25,50,50
1065,36,26,50,52
1066,36,25,50,50
1067,36,24,50,48
1068,36,25,50,50
1069,36,25,50,50
1070,36,39,50,78
1071,36,34,50,68
1072,36,25,50,50
1073,36,22,50,44
1074,36,27,50,54
1075,36,24,50,48
1076,36,27,50,54
1077,36,25,50,50
1078,36,24,50,48
1079,36,23,50,46
1080,36,23,50,46
1081,36,26,50,52
1082,36,24,50,48
1083,36,27,50,54
1084,36,25,50,50
1085,36,24,50,48
1086,36,27,50,54
1087,36,28,50,56
1088,36,31,50,62
1089,36,27,50,54
1090,36,33,50,66
1091,36,32,50,64
1092,36,32,50,64
1093,36,31,50,62
1094,36,28,50,56
1095,36,28,50,56
1096,36,27,50,54
1097,36,23,50,46
1098,36,24,50,48
1099,36,24,50,48
1100,36,25,50,50
1101,36,26,50,52
1102,36,33,50,66
1103,36,25,50,50
1104,36,24,50,48
1105,36,25,50,50
1106,36,41,50,82
1107,36,26,50,52
1108,36,24,50,48
1109,36,23,50,46
1110,36,23,50,46
1111,36,25,50,50
1112,36,26,50,52
1113,36,23,50,46
1114,36,22,50,44
1115,36,27,50,54
1116,36,24,50,48
1117,36,25,50,50
1118,36,30,50,60
1119,36,25,50,50
1120,36,29,50,58
1121,36,43,50,86
1122,36,26,50,52
1123,36,25,50,50
1124,36,31,50,62
1125,36,29,50,58
1126,36,27,50,54
1127,36,26,50,52
1128,36,29,50,58
1129,36,26,50,52
1130,36,25,50,50
1131,36,23,50,46
1132,36,30,50,60
1133,36,25,50,50
1134,36,27,50,54
1135,36,26,50,52
1136,36,27,50,54
1137,36,29,50,58
1138,36,25,50,50
1139,36,26,50,52
1140,36,27,50,54
1141,36,47,50,94
1142,36,35,50,70
1143,36,27,50,54
1144,36,27,50,54
1145,36,26,50,52
1146,36,23,50,46
1147,36,26,50,52
1148,36,24,50,48
1149,36,22,50,44
1150,36,22,50,44
1151,36,22,50,44
1152,36,26,50,52
1153,36,23,50,46
1154,36,25,50,50
1155,36,28,50,56
1156,36,25,50,50
1157,36,26,50,52
1158,36,22,50,44
1159,36,25,50,50
1160,36,31,50,62
1161,36,24,50,48
1162,36,25,50,50
1163,36,27,50,54
1164,36,43,50,86
1165,36,26,50,52
1166,36,25,50,50
1167,36,23,50,46
1168,36,24,50,48
1169,36,27,50,54
1170,36,23,50,46
1171,36,28,50,56
1172,36,29,50,58
1173,36,26,50,52
1174,36,23,50,46
1175,36,44,50,88
1176,36,40,50,80
1177,36,35,50,70
1178,36,25,50,50
1179,36,26,50,52
1180,36,26,50,52
1181,36,22,50,44
1182,36,23,50,46
1183,36,23,50,46
1184,36,25,50,50
1185,36,26,50,52
1186,36,27,50,54
1187,36,26,50,52
1188,36,25,50,50
1189,36,24,50,48
1190,36,23,50,46
1191,36,25,50,50
1192,36,25,50,50
1193,36,36,50,72
1194,36,24,50,48
1195,36,26,50,52
1196,36,23,50,46
1197,36,23,50,46
1198,36,38,50,76
1199,36,24,50,48
1200,36,26,50,52
1201,36,25,50,50
1202,36,42,50,84
1203,36,36,50,72
1204,36,25,50,50
1205,36,24,50,48
1206,36,23,50,46
1207,36,26,50,52
1208,36,25,50,50
1209,36,26,50,52
1210,36,27,50,54
1211,36,22,50,44
1212,36,24,50,48
1213,36,26,50,52
1214,36,30,50,60
1215,36,23,50,46
1216,36,47,50,94
1217,36,26,50,52
1218,36,46,50,92
1219,36,25,50,50
1220,36,27,50,54
1221,36,24,50,48
1222,36,25,50,50
1223,36,26,50,52
1224,36,41,50,82
1225,36,26,50,52
1226,36,23,50,46
1227,36,25,50,50
1228,36,23,50,46
1229,36,21,50,42
1230,36,27,50,54
1231,36,21,50,42
1232,36,25,50,50
1233,36,25,50,50
1234,36,25,50,50
1235,36,23,50,46
1236,36,29,50,58
1237,36,23,50,46
1238,36,27,50,54
1239,36,25,50,50
1240,36,26,50,52
1241,36,24,50,48
1242,36,26,50,52
1243,36,25,50,50
1244,36,45,50,90
1245,36,24,50,48
1246,36,29,50,58
1247,36,43,50,86
1248,36,26,50,52
1249,36,43,50,86
1250,36,29,50,58
1251,36,25,50,50
1252,36,22,50,44
1253,36,28,50,56
1254,36,23,50,46
1255,36,33,50,66
1256,36,29,50,58
1257,36,31,50,62
1258,36,23,50,46
1259,36,26,50,52
1260,36,26,50,52
1261,36,25,50,50
1262,36,26,50,52
1263,36,23,50,46
1264,36,24,50,48
1265,36,24,50,48
1266,36,24,50,48
1267,36,24,50,48
1268,36,26,50,52
1269,36,32,50,64
1270,36,28,50,56
1271,36,24,50,48
1272,36,24,50,48
1273,36,40,50,80
1274,36,23,50,46
1275,36,23,50,46
1276,36,25,50,50
1277,36,24,50,48
1278,36,29,50,58
1279,36,24,50,48
1280,36,24,50,48
1281,36,26,50,52
1282,36,25,50,50
1283,36,32,50,64
1284,36,24,50,48
1285,36,30,50,60
1286,36,25,50,50
1287,36,24,50,48
1288,36,24,50,48
1289,36,27,50,54
1290,36,24,50,48
1291,36,33,50,66
1292,36,22,50,44
1293,36,25,50,50
1294,36,23,50,46
1295,36,28,50,56
1296,36,24,50,48
1297,36,23,50,46
1298,36,23,50,46
1299,36,25,50,50
1300,36,26,50,52
1301,36,29,50,58
1302,36,35,50,70
1303,36,26,50,52
1304,36,25,50,50
1305,36,26,50,52
1306,36,30,50,60
1307,36,25,50,50
1308,36,30,50,60
1309,36,24,50,48
1310,36,27,50,54
1311,36,25,50,50
1312,36,25,50,50
1313,36,26,50,52
1314,36,28,50,56
1315,36,23,50,46
1316,36,24,50,48
1317,36,24,50,48
1318,36,25,50,50
1319,36,34,50,68
1320,36,23,50,46
1321,36,24,50,48
1322,36,24,50,48
1323,36,26,50,52
1324,36,26,50,52
1325,36,24,50,48
1326,36,37,50,74
1327,36,42,50,84
1328,36,28,50,56
1329,36,27,50,54
1330,36,19,50,38
1331,36,31,50,62
1332,36,27,50,54
1333,36,31,50,62
1334,36,25,50,50
1335,36,27,50,54
1336,36,26,50,52
1337,36,26,50,52
1338,36,15,50,30
1339,36,24,50,48
1340,36,27,50,54
1341,36,27,50,54
1342,36,25,50,50
1343,36,25,50,50
1344,36,24,50,48
1345,36,26,50,52
1346,36,22,50,44
1347,36,24,50,48
1348,36,24,50,48
1349,36,23,50,46
1350,36,25,50,50
1351,36,24,50,48
1352,36,22,50,44
1353,36,25,50,50
1354,36,24,50,48
1355,36,24,50,48
1356,36,22,50,44
1357,36,27,50,54
1358,36,25,50,50
1359,36,32,50,64
1360,36,24,50,48
1361,36,26,50,52
1362,36,24,50,48
1363,36,27,50,54
1364,36,26,50,52
1365,279,16,50,32
1366,36,25,50,50
1367,36,24,50,48
1368,36,28,50,56
1369,36,27,50,54
1370,36,26,50,52
1371,36,24,50,48
1372,36,24,50,48
1373,36,23,50,46
1374,36,28,50,56
1375,36,36,50,72
1376,36,24,50,48
1377,36,24,50,48
1378,36,28,50,56
1379,36,23,50,46
1380,36,27,50,54
1381,36,23,50,46
1382,36,25,50,50
1383,36,22,50,44
1384,36,30,50,60
1385,36,24,50,48
1386,36,24,50,48
1387,36,26,50,52
1388,36,30,50,60
1389,36,26,50,52
1390,36,34,50,68
1391,36,25,50,50
1392,36,25,50,50
1393,36,25,50,50
1394,36,28,50,56
1395,36,25,50,50
1396,36,26,50,52
1397,36,24,50,48
1398,36,23,50,46
1399,36,27,50,54
1400,36,25,50,50
1401,36,27,50,54
1402,36,31,50,62
1403,36,28,50,56
1404,36,28,50,56
1405,36,26,50,52
1406,36,26,50,52
1407,36,26,50,52
1408,36,31,50,62
1409,36,43,50,86
1410,36,22,50,44
1411,36,28,50,56
1412,36,25,50,50
1413,36,26,50,52
1414,36,28,50,56
1415,36,30,50,60
1416,36,31,50,62
1417,36,24,50,48
1418,36,24,50,48
1419,36,26,50,52
1420,36,23,50,46
1421,36,38,50,76
1422,36,25,50,50
1423,36,26,50,52
1424,36,24,50,48
1425,36,25,50,50
1426,36,25,50,50
1427,36,21,50,42
1428,36,22,50,44
1429,36,23,50,46
1430,36,21,50,42
1431,36,24,50,48
1432,36,24,50,48
1433,36,24,50,48
1434,36,27,50,54
1435,36,27,50,54
1436,36,24,50,48
1437,36,25,50,50
1438,36,25,50,50
1439,36,24,50,48
1440,36,24,50,48
1441,36,22,50,44
1442,36,24,50,48
1443,36,24,50,48
1444,36,28,50,56
1445,36,26,50,52
1446,36,25,50,50
1447,36,33,50,66
1448,36,20,50,40
1449,36,28,50,56
1450,36,22,50,44
1451,36,24,50,48
1452,36,29,50,58
1453,36,32,50,64
1454,95,19,50,38
1455,36,27,50,54
1456,36,21,50,42
1457,36,37,50,74
1458,36,49,50,98
1459,36,26,50,52
1460,36,26,50,52
1461,36,24,50,48
1462,36,25,50,50
1463,36,26,50,52
1464,36,25,50,50
1465,36,27,50,54
1466,36,26,50,52
1467,36,22,50,44
1468,36,25,50,50
1469,36,25,50,50
1470,36,36,50,72
1471,36,25,50,50
1472,36,42,50,84
1473,36,32,50,64
1474,36,41,50,82
1475,36,29,50,58
1476,36,24,50,48
1477,36,36,50,72
1478,36,25,50,50
1479,36,27,50,54
1480,36,26,50,52
1481,36,36,50,72
1482,36,25,50,50
1483,36,25,50,50
1484,36,21,50,42
1485,36,25,50,50
1486,36,29,50,58
1487,36,26,50,52
1488,36,36,50,72
1489,36,26,50,52
1490,36,25,50,50
1491,36,23,50,46
1492,36,24,50,48
1493,36,29,50,58
1494,36,24,50,48
1495,36,25,50,50
1496,36,25,50,50
1497,36,32,50,64
1498,36,23,50,46
1499,36,24,50,48
1500,36,24,50,48
1501,36,26,50,52
1502,36,25,50,50
1503,36,21,50,42
1504,36,35,50,70
1505,36,45,50,90
1506,36,25,50,50
1507,36,25,50,50
1508,36,27,50,54
1509,36,26,50,52
1510,36,24,50,48
1511,36,24,50,48
1512,36,45,50,90
1513,36,24,50,48
1514,36,30,50,60
1515,36,24,50,48
1516,36,23,50,46
1517,36,23,50,46
1518,36,22,50,44
1519,36,26,50,52
1520,36,21,50,42
1521,36,26,50,52
1522,36,25,50,50
1523,36,25,50,50
1524,36,24,50,48
1525,36,24,50,48
1526,36,25,50,50
1527,36,23,50,46
1528,36,23,50,46
1529,36,23,50,46
1530,36,27,50,54
1531,36,22,50,44
1532,36,25,50,50
1533,36,26,50,52
1534,36,23,50,46
1535,36,26,50,52
1536,36,31,50,62
1537,36,20,50,40
1538,36,25,50,50
1539,36,26,50,52
1540,36,27,50,54
1541,36,26,50,52
1542,36,42,50,84
1543,36,24,50,48
1544,36,24,50,48
1545,36,24,50,48
1546,36,24,50,48
1547,36,28,50,56
1548,36,22,50,44
1549,36,27,50,54
1550,36,20,50,40
1551,36,23,50,46
1552,36,24,50,48
1553,36,24,50,48
1554,36,19,50,38
1555,36,21,50,42
1556,36,39,50,78
1557,36,21,50,42
1558,36,26,50,52
1559,36,25,50,50
1560,36,27,50,54
1561,36,25,50,50
1562,36,23,50,46
1563,36,26,50,52
1564,36,29,50,58
1565,36,26,50,52
1566,36,44,50,88
1567,36,24,50,48
1568,36,21,50,42
1569,36,25,50,50
1570,36,22,50,44
1571,36,32,50,64
1572,36,33,50,66
1573,36,42,50,84
1574,36,33,50,66
1575,36,39,50,78
1576,36,37,50,74
1577,36,45,50,90
1578,36,41,50,82
1579,36,33,50,66
1580,36,49,50,98
1581,36,38,50,76
1582,36,36,50,72
1583,36,28,50,56
1584,36,46,50,92
1585,36,24,50,48
1586,36,33,50,66
1587,36,22,50,44
1588,36,31,50,62
1589,36,23,50,46
1590,36,25,50,50
1591,36,31,50,62
1592,36,26,50,52
1593,36,25,50,50
1594,36,23,50,46
1595,36,25,50,50
1596,36,25,50,50
1597,36,23,50,46
1598,36,23,50,46
1599,36,24,50,48
1600,36,25,50,50
1601,36,26,50,52
1602,36,26,50,52
1603,36,23,50,46
1604,36,22,50,44
1605,36,22,50,44
1606,36,24,50,48
1607,36,23,50,46
1608,36,26,50,52
1609,36,28,50,56
1610,36,22,50,44
1611,36,25,50,50
1612,36,25,50,50
1613,36,22,50,44
1614,95,19,50,38
1615,36,25,50,50
1616,36,25,50,50
1617,36,26,50,52
1618,36,24,50,48
1619,36,22,50,44
1620,36,28,50,56
1621,36,27,50,54
1622,36,26,50,52
1623,36,28,50,56
1624,36,24,50,48
1625,36,26,50,52
1626,36,28,50,56
1627,95,21,50,42
1628,36,25,50,50
1629,36,28,50,56
1630,36,24,50,48
1631,36,23,50,46
1632,36,22,50,44
1633,36,16,50,32
1634,36,28,50,56
1635,36,26,50,52
1636,95,17,50,34
1637,36,24,50,48
1638,36,24,50,48
1639,36,25,50,50
1640,36,23,50,46
1641,95,19,50,38
1642,36,26,50,52
1643,36,23,50,46
1644,36,27,50,54
1645,36,21,50,42
1646,36,20,50,40
1647,36,25,50,50
1648,36,27,50,54
1649,36,26,50,52
1650,36,24,50,48
1651,36,22,50,44
1652,36,23,50,46
1653,36,24,50,48
1654,36,27,50,54
1655,36,24,50,48
1656,36,23,50,46
1657,36,22,50,44
1658,36,26,50,52
1659,36,24,50,48
1660,36,23,50,46
1661,36,20,50,40
1662,36,24,50,48
1663,36,19,50,38
1664,36,22,50,44
1665,36,27,50,54
1666,36,25,50,50
1667,36,23,50,46
1668,36,23,50,46
1669,36,24,50,48
1670,36,26,50,52
1671,36,22,50,44
1672,36,27,50,54
1673,36,26,50,52
1674,36,23,50,46
1675,36,22,50,44
1676,36,23,50,46
1677,36,27,50,54
1678,36,27,50,54
1679,36,25,50,50
1680,36,27,50,54
1681,36,34,50,68
1682,36,25,50,50
1683,36,26,50,52
1684,36,24,50,48
1685,36,25,50,50
1686,36,24,50,48
1687,36,26,50,52
1688,36,25,50,50
1689,36,26,50,52
1690,36,23,50,46
1691,36,23,50,46
1692,36,26,50,52
1693,36,21,50,42
1694,36,21,50,42
1695,36,26,50,52
1696,36,26,50,52
1697,36,25,50,50
1698,36,24,50,48
1699,36,26,50,52
1700,36,24,50,48
1701,36,21,50,42
1702,36,23,50,46
1703,36,24,50,48
1704,36,26,50,52
1705,95,21,50,42
1706,36,27,50,54
1707,36,28,50,56
1708,36,30,50,60
1709,36,35,50,70
1710,36,22,50,44
1711,36,24,50,48
1712,36,23,50,46
1713,36,24,50,48
1714,36,27,50,54
1715,36,24,50,48
1716,36,25,50,50
1717,36,22,50,44
1718,36,23,50,46
1719,36,26,50,52
1720,95,39,50,78
1721,36,25,50,50
1722,36,23,50,46
1723,36,25,50,50
1724,36,26,50,52
1725,36,26,50,52
1726,36,26,50,52
1727,36,26,50,52
1728,36,28,50,56
1729,36,31,50,62
1730,36,27,50,54
1731,36,28,50,56
1732,36,30,50,60
1733,36,29,50,58
1734,36,29,50,58
1735,36,30,50,60
1736,36,25,50,50
1737,36,26,50,52
1738,36,23,50,46
1739,36,22,50,44
1740,36,32,50,64
1741,36,28,50,56
1742,36,25,50,50
1743,36,23,50,46
1744,36,30,50,60
1745,36,23,50,46
1746,36,35,50,70
1747,36,24,50,48
1748,36,28,50,56
1749,36,26,50,52
1750,36,27,50,54
1751,36,26,50,52
1752,36,25,50,50
1753,36,30,50,60
1754,36,25,50,50
1755,36,27,50,54
1756,36,25,50,50
1757,36,23,50,46
1758,36,27,50,54
1759,36,26,50,52
1760,36,26,50,52
1761,36,28,50,56
1762,36,24,50,48
1763,36,27,50,54
1764,36,22,50,44
1765,36,39,50,78
1766,36,27,50,54
1767,36,44,50,88
1768,36,29,50,58
1769,36,26,50,52
1770,36,24,50,48
1771,36,24,50,48
1772,36,23,50,46
1773,36,23,50,46
1774,36,23,50,46
1775,36,38,50,76
1776,36,28,50,56
1777,36,27,50,54
1778,36,24,50,48
1779,36,25,50,50
1780,36,24,50,48
1781,36,25,50,50
1782,36,26,50,52
1783,36,25,50,50
1784,36,25,50,50
1785,36,23,50,46
1786,36,24,50,48
1787,36,25,50,50
1788,36,22,50,44
1789,36,22,50,44
1790,36,24,50,48
1791,36,26,50,52
1792,36,26,50,52
1793,36,27,50,54
1794,36,26,50,52
1795,36,24,50,48
1796,36,39,50,78
1797,36,25,50,50
1798,36,27,50,54
1799,36,24,50,48
1800,36,24,50,48
1801,36,23,50,46
1802,36,29,50,58
1803,36,25,50,50
1804,36,41,50,82
1805,36,25,50,50
1806,36,23,50,46
1807,36,27,50,54
1808,36,23,50,46
1809,36,24,50,48
1810,36,29,50,58
1811,36,31,50,62
1812,36,31,50,62
1813,36,24,50,48
1814,36,25,50,50
1815,36,25,50,50
1816,36,24,50,48
1817,36,24,50,48
1818,36,23,50,46
1819,36,23,50,46
1820,36,24,50,48
1821,36,24,50,48
1822,36,26,50,52
1823,36,24,50,48
1824,36,27,50,54
1825,36,29,50,58
1826,36,23,50,46
1827,36,27,50,54
1828,36,32,50,64
1829,36,26,50,52
1830,36,24,50,48
1831,36,28,50,56
1832,36,25,50,50
1833,36,24,50,48
1834,36,30,50,60
1835,36,28,50,56
1836,36,25,50,50
1837,36,23,50,46
1838,36,24,50,48
1839,36,24,50,48
1840,36,24,50,48
1841,36,28,50,56
1842,36,22,50,44
1843,36,24,50,48
1844,36,23,50,46
1845,36,23,50,46
1846,36,26,50,52
1847,36,30,50,60
1848,36,25,50,50
1849,36,25,50,50
1850,36,24,50,48
1851,36,25,50,50
1852,36,28,50,56
1853,36,24,50,48
1854,36,26,50,52
1855,36,24,50,48
1856,36,25,50,50
1857,36,27,50,54
1858,36,24,50,48
1859,36,25,50,50
1860,36,47,50,94
1861,36,25,50,50
1862,36,24,50,48
1863,36,22,50,44
1864,36,24,50,48
1865,36,24,50,48
1866,36,22,50,44
1867,36,26,50,52
1868,36,38,50,76
1869,36,23,50,46
1870,36,27,50,54
1871,36,28,50,56
1872,36,24,50,48
1873,95,33,50,66
1874,36,27,50,54
1875,36,26,50,52
1876,36,25,50,50
1877,95,33,50,66
1878,36,25,50,50
1879,36,24,50,48
1880,36,22,50,44
1881,36,21,50,42
1882,36,22,50,44
1883,36,24,50,48
1884,36,39,50,78
1885,36,22,50,44
1886,36,27,50,54
1887,36,33,50,66
1888,36,24,50,48
1889,36,25,50,50
1890,36,25,50,50
1891,36,28,50,56
1892,36,24,50,48
1893,36,24,50,48
1894,36,26,50,52
1895,36,24,50,48
1896,95,24,50,48
1897,36,23,50,46
1898,36,23,50,46
1899,36,27,50,54
1900,36,26,50,52
1901,36,25,50,50
1902,36,25,50,50
1903,36,29,50,58
1904,36,23,50,46
1905,36,25,50,50
1906,36,30,50,60
1907,36,36,50,72
1908,36,23,50,46
1909,36,24,50,48
1910,36,25,50,50
1911,36,27,50,54
1912,36,27,50,54
1913,36,42,50,84
1914,36,25,50,50
1915,36,26,50,52
1916,36,28,50,56
1917,36,28,50,56
1918,36,28,50,56
1919,36,22,50,44
1920,36,28,50,56
1921,36,24,50,48
1922,36,26,50,52
1923,36,24,50,48
1924,36,22,50,44
1925,36,22,50,44
1926,36,29,50,58
1927,36,26,50,52
1928,36,25,50,50
1929,36,29,50,58
1930,36,24,50,48
1931,36,27,50,54
1932,36,23,50,46
1933,36,23,50,46
1934,36,39,50,78
1935,36,31,50,62
1936,36,24,50,48
1937,36,25,50,50
1938,36,25,50,50
1939,36,25,50,50
1940,36,23,50,46
1941,36,24,50,48
1942,36,32,50,64
1943,36,26,50,52
1944,36,26,50,52
1945,36,40,50,80
1946,36,36,50,72
1947,36,42,50,84
1948,36,24,50,48
1949,36,28,50,56
1950,36,33,50,66
1951,36,32,50,64
1952,36,32,50,64
1953,36,26,50,52
1954,36,29,50,58
1955,36,26,50,52
1956,36,24,50,48
1957,36,26,50,52
1958,36,21,50,42
1959,36,25,50,50
1960,36,26,50,52
1961,36,22,50,44
1962,36,31,50,62
1963,36,23,50,46
1964,36,27,50,54
1965,36,26,50,52
1966,36,24,50,48
1967,36,23,50,46
1968,36,23,50,46
1969,36,24,50,48
1970,36,23,50,46
1971,36,22,50,44
1972,36,24,50,48
1973,36,23,50,46
1974,36,24,50,48
1975,36,23,50,46
1976,36,26,50,52
1977,36,24,50,48
1978,36,25,50,50
1979,36,26,50,52
1980,36,27,50,54
1981,36,26,50,52
1982,36,25,50,50
1983,36,23,50,46
1984,36,25,50,50
1985,36,27,50,54
1986,36,26,50,52
1987,36,24,50,48
1988,36,24,50,48
1989,36,23,50,46
1990,36,25,50,50
1991,36,25,50,50
1992,36,30,50,60
1993,36,23,50,46
1994,36,21,50,42
1995,36,23,50,46
1996,36,25,50,50
1997,36,22,50,44
1998,36,21,50,42
1999,36,22,50,44
2000,36,26,50,52
2001,36,26,50,52
2002,36,26,50,52
2003,36,22,50,44
2004,36,25,50,50
2005,36,21,50,42
2006,36,24,50,48
2007,36,23,50,46
2008,36,25,50,50
2009,36,25,50,50
2010,36,27,50,54
2011,36,27,50,54
2012,36,25,50,50
2013,36,27,50,54
2014,36,27,50,54
2015,36,27,50,54
2016,36,34,50,68
2017,36,24,50,48
2018,36,24,50,48
2019,36,28,50,56
2020,36,25,50,50
2021,36,26,50,52
2022,36,23,50,46
2023,36,26,50,52
2024,36,24,50,48
2025,36,27,50,54
2026,36,23,50,46
2027,36,23,50,46
2028,36,30,50,60
2029,36,25,50,50
2030,36,29,50,58
2031,36,24,50,48
2032,36,24,50,48
2033,36,35,50,70
2034,36,24,50,48
2035,36,24,50,48
2036,36,23,50,46
2037,36,23,50,46
2038,36,26,50,52
2039,36,24,50,48
2040,36,25,50,50
2041,36,22,50,44
2042,36,26,50,52
2043,36,26,50,52
2044,36,25,50,50
2045,36,25,50,50
2046,36,26,50,52
2047,36,25,50,50
2048,36,23,50,46
2049,36,25,50,50
2050,36,25,50,50
2051,36,26,50,52
2052,36,22,50,44
2053,95,26,50,52
2054,36,26,50,52
2055,36,26,50,52
2056,36,25,50,50
2057,36,25,50,50
2058,36,22,50,44
2059,36,22,50,44
2060,36,22,50,44
2061,36,24,50,48
2062,36,23,50,46
2063,36,24,50,48
2064,36,29,50,58
2065,36,23,50,46
2066,36,28,50,56
2067,95,20,50,40
2068,36,22,50,44
2069,95,18,50,36
2070,36,23,50,46
2071,36,25,50,50
2072,36,24,50,48
2073,36,25,50,50
2074,36,24,50,48
2075,36,24,50,48
2076,36,25,50,50
2077,36,25,50,50
2078,36,25,50,50
2079,36,29,50,58
2080,36,25,50,50
2081,36,25,50,50
2082,36,25,50,50
2083,36,20,50,40
2084,36,22,50,44
2085,36,25,50,50
2086,36,25,50,50
2087,36,26,50,52
2088,36,25,50,50
2089,36,22,50,44
2090,36,25,50,50
2091,95,32,50,64
2092,36,24,50,48
2093,36,29,50,58
2094,36,27,50,54
2095,36,26,50,52
2096,36,25,50,50
2097,36,24,50,48
2098,36,24,50,48
2099,36,24,50,48
2100,36,25,50,50
2101,95,32,50,64
2102,36,28,50,56
2103,36,26,50,52
2104,36,25,50,50
2105,36,25,50,50
2106,36,22,50,44
2107,36,25,50,50
2108,36,21,50,42
2109,36,24,50,48
2110,95,19,50,38
2111,36,24,50,48
2112,36,26,50,52
2113,36,24,50,48
2114,95,22,50,44
2115,36,25,50,50
2116,36,24,50,48
2117,36,25,50,50
2118,36,23,50,46
2119,95,24,50,48
2120,36,27,50,54
2121,36,15,50,30
2122,268,13,50,26
2123,36,22,50,44
2124,36,22,50,44
2125,36,23,50,46
2126,36,25,50,50
2127,95,34,50,68
2128,36,25,50,50
2129,36,21,50,42
2130,36,24,50,48
2131,36,26,50,52
2132,36,25,50,50
2133,36,25,50,50
2134,36,24,50,48
2135,36,22,50,44
2136,36,24,50,48
2137,36,27,50,54
2138,36,24,50,48
2139,36,27,50,54
2140,36,25,50,50
2141,95,23,50,46
2142,36,28,50,56
2143,36,25,50,50
2144,36,25,50,50
2145,36,25,50,50
2146,36,23,50,46
2147,36,26,50,52
2148,36,26,50,52
2149,36,27,50,54
2150,36,23,50,46
2151,36,24,50,48
2152,36,25,50,50
2153,36,24,50,48
2154,36,26,50,52
2155,36,24,50,48
2156,36,25,50,50
2157,36,24,50,48
2158,36,21,50,42
2159,36,26,50,52
2160,36,23,50,46
2161,36,23,50,46
2162,36,25,50,50
2163,36,24,50,48
2164,36,28,50,56
2165,36,23,50,46
2166,36,19,50,38
2167,36,29,50,58
2168,36,29,50,58
2169,36,27,50,54
2170,36,26,50,52
2171,36,21,50,42
2172,36,24,50,48
2173,36,25,50,50
2174,36,25,50,50
2175,36,25,50,50
2176,36,25,50,50
2177,36,24,50,48
2178,36,19,50,38
2179,36,21,50,42
2180,36,24,50,48
2181,36,23,50,46
2182,36,23,50,46
2183,36,25,50,50
2184,36,26,50,52
2185,36,25,50,50
2186,36,25,50,50
2187,36,24,50,48
2188,36,23,50,46
2189,36,24,50,48
2190,36,26,50,52
2191,36,27,50,54
2192,36,25,50,50
2193,36,31,50,62
2194,36,24,50,48
2195,36,23,50,46
2196,36,26,50,52
2197,36,23,50,46
2198,36,27,50,54
2199,36,24,50,48
2200,36,25,50,50
2201,36,26,50,52
2202,36,25,50,50
2203,36,24,50,48
2204,36,25,50,50
2205,36,26,50,52
2206,36,25,50,50
2207,36,26,50,52
2208,36,26,50,52
2209,36,23,50,46
2210,36,20,50,40
2211,36,36,50,72
2212,36,22,50,44
2213,36,25,50,50
2214,36,24,50,48
2215,36,25,50,50
2216,36,24,50,48
2217,36,24,50,48
2218,36,24,50,48
2219,36,25,50,50
2220,36,25,50,50
2221,36,24,50,48
2222,36,24,50,48
2223,36,24,50,48
2224,36,29,50,58
2225,36,26,50,52
2226,36,24,50,48
2227,36,23,50,46
2228,36,24,50,48
2229,36,29,50,58
2230,36,25,50,50
2231,36,25,50,50
2232,36,26,50,52
2233,36,23,50,46
2234,36,24,50,48
2235,36,25,50,50
2236,36,25,50,50
2237,36,25,50,50
2238,36,25,50,50
2239,36,30,50,60
2240,36,25,50,50
2241,36,30,50,60
2242,36,29,50,58
2243,36,29,50,58
2244,36,24,50,48
2245,36,27,50,54
2246,36,27,50,54
2247,36,25,50,50
2248,36,24,50,48
2249,36,26,50,52
2250,36,24,50,48
2251,36,26,50,52
2252,36,25,50,50
2253,36,27,50,54
2254,36,26,50,52
2255,36,24,50,48
2256,36,27,50,54
2257,36,25,50,50
2258,36,24,50,48
2259,36,27,50,54
2260,36,23,50,46
2261,36,23,50,46
2262,36,26,50,52
2263,36,26,50,52
2264,36,25,50,50
2265,36,29,50,58
2266,36,25,50,50
2267,36,23,50,46
2268,36,25,50,50
2269,36,25,50,50
2270,36,26,50,52
2271,36,24,50,48
2272,36,21,50,42
2273,36,24,50,48
2274,36,27,50,54
2275,36,23,50,46
2276,36,22,50,44
2277,36,24,50,48
2278,36,24,50,48
2279,36,29,50,58
2280,36,26,50,52
2281,36,34,50,68
2282,36,25,50,50
2283,36,33,50,66
2284,36,25,50,50
2285,36,26,50,52
2286,36,26,50,52
2287,36,24,50,48
2288,36,23,50,46
2289,36,25,50,50
2290,36,22,50,44
2291,36,25,50,50
2292,36,30,50,60
2293,36,31,50,62
2294,36,27,50,54
2295,36,29,50,58
2296,36,26,50,52
2297,36,24,50,48
2298,36,29,50,58
2299,36,25,50,50
2300,36,25,50,50
2301,95,19,50,38
2302,36,25,50,50
2303,36,25,50,50
2304,36,25,50,50
2305,36,26,50,52
2306,36,23,50,46
2307,36,18,50,36
2308,36,24,50,48
2309,36,23,50,46
2310,36,25,50,50
2311,36,24,50,48
2312,36,24,50,48
2313,36,24,50,48
2314,36,28,50,56
2315,36,23,50,46
2316,36,22,50,44
2317,36,25,50,50
2318,36,22,50,44
2319,36,27,50,54
2320,36,21,50,42
2321,36,32,50,64
2322,36,32,50,64
2323,36,25,50,50
2324,36,25,50,50
2325,36,24,50,48
2326,36,25,50,50
2327,36,26,50,52
2328,36,25,50,50
2329,36,24,50,48
2330,36,28,50,56
2331,36,20,50,40
2332,36,18,50,36
2333,36,23,50,46
2334,36,26,50,52
2335,36,25,50,50
2336,36,24,50,48
2337,36,23,50,46
2338,36,23,50,46
2339,36,24,50,48
2340,36,24,50,48
2341,36,23,50,46
2342,36,25,50,50
2343,36,23,50,46
2344,36,26,50,52
2345,36,25,50,50
2346,36,23,50,46
2347,36,26,50,52
2348,36,22,50,44
2349,36,26,50,52
2350,36,21,50,42
2351,36,22,50,44
2352,36,26,50,52
2353,36,26,50,52
2354,36,21,50,42
2355,36,23,50,46
2356,95,24,50,48
2357,36,25,50,50
2358,36,26,50,52
2359,36,25,50,50
2360,36,27,50,54
2361,36,25,50,50
2362,36,22,50,44
2363,36,27,50,54
2364,36,27,50,54
2365,36,24,50,48
2366,36,25,50,50
2367,36,26,50,52
2368,36,29,50,58
2369,36,23,50,46
2370,36,24,50,48
2371,36,24,50,48
2372,36,29,50,58
2373,36,22,50,44
2374,36,24,50,48
2375,36,24,50,48
2376,36,27,50,54
2377,36,39,50,78
2378,36,22,50,44
2379,36,26,50,52
2380,36,27,50,54
2381,36,26,50,52
2382,36,25,50,50
2383,36,24,50,48
2384,36,26,50,52
2385,36,24,50,48
2386,36,27,50,54
2387,36,24,50,48
2388,36,24,50,48
2389,36,38,50,76
2390,36,21,50,42
2391,36,25,50,50
2392,36,23,50,46
2393,36,25,50,50
2394,36,26,50,52
2395,36,26,50,52
2396,36,25,50,50
2397,36,26,50,52
2398,36,25,50,50
2399,36,23,50,46
2400,36,23,50,46
2401,36,25,50,50
2402,36,22,50,44
2403,36,24,50,48
2404,36,25,50,50
2405,36,23,50,46
2406,36,21,50,42
2407,95,24,50,48
2408,36,27,50,54
2409,36,24,50,48
2410,36,25,50,50
2411,36,28,50,56
2412,36,26,50,52
2413,36,28,50,56
2414,36,28,50,56
2415,36,26,50,52
2416,36,26,50,52
2417,36,29,50,58
2418,36,27,50,54
2419,36,25,50,50
2420,36,23,50,46
2421,36,23,50,46
2422,36,25,50,50
2423,36,26,50,52
2424,36,22,50,44
2425,36,23,50,46
2426,36,26,50,52
2427,36,25,50,50
2428,36,24,50,48
2429,36,26,50,52
2430,36,25,50,50
2431,36,26,50,52
2432,36,23,50,46
2433,36,27,50,54
2434,36,26,50,52
2435,36,25,50,50
2436,36,24,50,48
2437,36,32,50,64
2438,36,24,50,48
2439,36,22,50,44
2440,36,18,50,36
2441,36,22,50,44
2442,36,24,50,48
2443,36,26,50,52
2444,36,28,50,56
2445,36,24,50,48
2446,36,24,50,48
2447,36,28,50,56
2448,36,25,50,50
2449,36,26,50,52
2450,36,26,50,52
2451,36,22,50,44
2452,36,22,50,44
2453,36,23,50,46
2454,36,21,50,42
2455,36,21,50,42
2456,36,20,50,40
2457,36,25,50,50
2458,36,24,50,48
2459,36,25,50,50
2460,36,25,50,50
2461,36,23,50,46
2462,36,28,50,56
2463,36,24,50,48
2464,36,24,50,48
2465,36,22,50,44
2466,36,26,50,52
2467,36,31,50,62
2468,36,24,50,48
2469,36,25,50,50
2470,36,30,50,60
2471,36,29,50,58
2472,36,25,50,50
2473,36,27,50,54
2474,36,24,50,48
2475,36,23,50,46
2476,36,25,50,50
2477,36,20,50,40
2478,36,24,50,48
2479,36,23,50,46
2480,36,32,50,64
2481,36,25,50,50
2482,36,38,50,76
2483,36,26,50,52
2484,36,22,50,44
2485,36,24,50,48
2486,36,42,50,84
2487,36,22,50,44
2488,36,21,50,42
2489,36,25,50,50
2490,36,21,50,42
2491,36,23,50,46
2492,36,25,50,50
2493,36,36,50,72
2494,36,22,50,44
2495,36,26,50,52
2496,36,30,50,60
2497,36,26,50,52
2498,36,24,50,48
2499,36,25,50,50
2500,36,25,50,50
2501,36,25,50,50
2502,36,23,50,46
2503,36,22,50,44
2504,36,25,50,50
2505,36,27,50,54
2506,36,24,50,48
2507,36,25,50,50
2508,36,23,50,46
2509,36,26,50,52
2510,36,23,50,46
2511,36,25,50,50
2512,36,25,50,50
2513,36,25,50,50
2514,36,25,50,50
2515,36,26,50,52
2516,36,26,50,52
2517,36,25,50,50
2518,36,23,50,46
2519,36,25,50,50
2520,36,21,50,42
2521,36,25,50,50
2522,36,25,50,50
2523,36,23,50,46
2524,95,18,50,36
2525,36,22,50,44
2526,36,24,50,48
2527,36,24,50,48
2528,36,23,50,46
2529,36,29,50,58
2530,36,26,50,52
2531,36,27,50,54
2532,36,25,50,50
2533,36,24,50,48
2534,36,26,50,52
2535,36,24,50,48
2536,36,27,50,54
2537,36,24,50,48
2538,36,25,50,50
2539,36,25,50,50
2540,36,22,50,44
2541,36,22,50,44
2542,36,22,50,44
2543,36,25,50,50
2544,36,26,50,52
2545,36,25,50,50
2546,36,25,50,50
2547,36,26,50,52
2548,36,23,50,46
2549,36,24,50,48
2550,36,24,50,48
2551,36,24,50,48
2552,36,25,50,50
2553,36,24,50,48
2554,36,24,50,48
2555,36,23,50,46
2556,36,25,50,50
2557,36,25,50,50
2558,36,24,50,48
2559,36,26,50,52
2560,36,21,50,42
2561,36,27,50,54
2562,36,23,50,46
2563,36,24,50,48
2564,36,26,50,52
2565,36,24,50,48
2566,36,23,50,46
2567,36,24,50,48
2568,36,25,50,50
2569,36,24,50,48
2570,36,24,50,48
2571,36,23,50,46
2572,36,25,50,50
2573,36,22,50,44
2574,36,20,50,40
2575,95,19,50,38
2576,279,25,50,50
2577,36,27,50,54
2578,36,17,50,34
2579,36,26,50,52
2580,36,16,50,32
2581,36,25,50,50
2582,36,25,50,50
2583,36,20,50,40
2584,36,25,50,50
2585,36,19,50,38
2586,36,24,50,48
2587,36,27,50,54
2588,36,24,50,48
2589,36,22,50,44
2590,36,23,50,46
2591,36,24,50,48
2592,36,24,50,48
2593,36,23,50,46
2594,36,26,50,52
2595,36,22,50,44
2596,36,24,50,48
2597,36,26,50,52
2598,36,24,50,48
2599,36,22,50,44
2600,36,23,50,46
2601,36,24,50,48
2602,36,26,50,52
2603,36,21,50,42
2604,36,27,50,54
2605,36,25,50,50
2606,36,26,50,52
2607,36,24,50,48
2608,36,33,50,66
2609,36,23,50,46
2610,36,22,50,44
2611,36,24,50,48
2612,36,23,50,46
2613,36,27,50,54
2614,36,22,50,44
2615,36,23,50,46
2616,36,22,50,44
2617,36,23,50,46
2618,36,26,50,52
2619,36,25,50,50
2620,36,31,50,62
2621,36,24,50,48
2622,36,25,50,50
2623,36,25,50,50
2624,36,24,50,48
2625,36,34,50,68
2626,36,25,50,50
2627,36,24,50,48
2628,36,28,50,56
2629,36,27,50,54
2630,36,26,50,52
2631,36,24,50,48
2632,36,26,50,52
2633,36,28,50,56
2634,36,23,50,46
2635,36,27,50,54
2636,36,20,50,40
2637,36,21,50,42
2638,36,27,50,54
2639,36,25,50,50
2640,36,25,50,50
2641,36,25,50,50
2642,36,35,50,70
2643,36,25,50,50
2644,36,22,50,44
2645,36,28,50,56
2646,36,24,50,48
2647,36,32,50,64
2648,36,25,50,50
2649,36,25,50,50
2650,36,22,50,44
2651,36,27,50,54
2652,36,22,50,44
2653,36,25,50,50
2654,36,24,50,48
2655,36,25,50,50
2656,36,24,50,48
2657,36,25,50,50
2658,36,23,50,46
2659,36,24,50,48
2660,36,21,50,42
2661,36,25,50,50
2662,36,25,50,50
2663,36,25,50,50
2664,36,23,50,46
2665,36,24,50,48
2666,36,25,50,50
2667,36,24,50,48
2668,36,26,50,52
2669,36,23,50,46
2670,36,25,50,50
2671,36,26,50,52
2672,36,24,50,48
2673,36,25,50,50
2674,36,24,50,48
2675,36,26,50,52
2676,36,29,50,58
2677,36,26,50,52
2678,36,28,50,56
2679,36,25,50,50
2680,36,28,50,56
2681,36,24,50,48
2682,36,23,50,46
2683,36,27,50,54
2684,36,20,50,40
2685,36,22,50,44
2686,36,24,50,48
2687,36,25,50,50
2688,36,23,50,46
2689,36,25,50,50
2690,36,25,50,50
2691,36,33,50,66
2692,36,25,50,50
2693,36,24,50,48
2694,36,25,50,50
2695,36,24,50,48
2696,36,21,50,42
2697,36,18,50,36
2698,36,21,50,42
2699,36,21,50,42
2700,36,20,50,40
2701,36,25,50,50
2702,36,23,50,46
2703,36,24,50,48
2704,36,27,50,54
2705,36,24,50,48
2706,36,27,50,54
2707,36,23,50,46
2708,36,25,50,50
2709,36,23,50,46
2710,36,19,50,38
2711,36,23,50,46
2712,36,23,50,46
2713,36,26,50,52
2714,36,16,50,32
2715,36,24,50,48
2716,36,17,50,34
2717,36,24,50,48
2718,36,12,50,24
2719,36,24,50,48
2720,36,23,50,46
2721,36,25,50,50
2722,36,12,50,24
2723,36,28,50,56
2724,36,26,50,52
2725,36,26,50,52
2726,36,29,50,58
2727,36,25,50,50
2728,36,20,50,40
2729,36,26,50,52
2730,36,25,50,50
2731,36,29,50,58
2732,36,23,50,46
2733,36,23,50,46
2734,36,26,50,52
2735,36,24,50,48
2736,36,22,50,44
2737,36,26,50,52
2738,36,23,50,46
2739,36,26,50,52
2740,36,26,50,52
2741,36,17,50,34
2742,36,23,50,46
2743,36,23,50,46
2744,36,25,50,50
2745,36,24,50,48
2746,36,28,50,56
2747,36,26,50,52
2748,36,23,50,46
2749,36,24,50,48
2750,36,21,50,42
2751,36,22,50,44
2752,36,31,50,62
2753,36,26,50,52
2754,36,23,50,46
2755,36,25,50,50
2756,36,23,50,46
2757,36,22,50,44
2758,36,23,50,46
2759,36,26,50,52
2760,36,23,50,46
2761,36,28,50,56
2762,36,27,50,54
2763,36,20,50,40
2764,36,23,50,46
2765,36,25,50,50
2766,36,23,50,46
2767,36,24,50,48
2768,36,23,50,46
2769,36,21,50,42
2770,36,24,50,48
2771,36,25,50,50
2772,36,23,50,46
2773,36,19,50,38
2774,36,24,50,48
2775,36,27,50,54
2776,36,24,50,48
2777,36,24,50,48
2778,36,27,50,54
2779,36,27,50,54
2780,36,21,50,42
2781,36,24,50,48
2782,36,23,50,46
2783,36,26,50,52
2784,36,25,50,50
2785,36,25,50,50
2786,36,24,50,48
2787,36,26,50,52
2788,36,22,50,44
2789,36,22,50,44
2790,36,26,50,52
2791,36,23,50,46
2792,36,28,50,56
2793,36,24,50,48
2794,36,25,50,50
2795,36,24,50,48
2796,36,25,50,50
2797,36,27,50,54
2798,36,23,50,46
2799,36,31,50,62
2800,36,26,50,52
2801,36,27,50,54
2802,36,23,50,46
2803,36,25,50,50
2804,36,21,50,42
2805,36,25,50,50
2806,36,25,50,50
2807,36,24,50,48
2808,36,25,50,50
2809,36,23,50,46
2810,36,23,50,46
2811,36,26,50,52
2812,36,25,50,50
2813,36,24,50,48
2814,36,24,50,48
2815,36,26,50,52
2816,36,23,50,46
2817,279,11,50,22
2818,36,25,50,50
2819,36,17,50,34
2820,36,24,50,48
2821,36,25,50,50
2822,36,27,50,54
2823,36,21,50,42
2824,36,24,50,48
2825,36,21,50,42
2826,36,25,50,50
2827,36,28,50,56
2828,36,22,50,44
2829,36,24,50,48
2830,36,26,50,52
2831,36,27,50,54
2832,36,25,50,50
2833,36,24,50,48
2834,36,25,50,50
2835,36,20,50,40
2836,36,28,50,56
2837,36,26,50,52
2838,36,26,50,52
2839,36,27,50,54
2840,36,26,50,52
2841,36,31,50,62
2842,36,28,50,56
2843,36,25,50,50
2844,36,17,50,34
2845,36,28,50,56
2846,36,28,50,56
2847,36,26,50,52
2848,36,25,50,50
2849,36,27,50,54
2850,36,22,50,44
2851,36,21,50,42
2852,36,26,50,52
2853,36,23,50,46
2854,36,24,50,48
2855,36,28,50,56
2856,36,29,50,58
2857,36,31,50,62
2858,36,26,50,52
2859,36,26,50,52
2860,36,27,50,54
2861,36,28,50,56
2862,36,25,50,50
2863,36,26,50,52
2864,36,25,50,50
2865,36,24,50,48
2866,36,25,50,50
2867,36,30,50,60
2868,36,25,50,50
2869,36,23,50,46
2870,36,28,50,56
2871,36,24,50,48
2872,36,23,50,46
2873,36,24,50,48
2874,36,23,50,46
2875,36,23,50,46
2876,36,25,50,50
2877,36,24,50,48
2878,36,24,50,48
2879,36,29,50,58
2880,36,25,50,50
2881,36,39,50,78
2882,36,23,50,46
2883,36,23,50,46
2884,36,21,50,42
2885,36,21,50,42
2886,36,23,50,46
2887,36,24,50,48
2888,36,23,50,46
2889,36,26,50,52
2890,36,25,50,50
2891,36,26,50,52
2892,36,28,50,56
2893,36,26,50,52
2894,36,25,50,50
2895,36,21,50,42
2896,36,23,50,46
2897,36,23,50,46
2898,36,21,50,42
2899,36,25,50,50
2900,36,26,50,52
2901,36,26,50,52
2902,36,22,50,44
2903,36,24,50,48
2904,36,27,50,54
2905,36,24,50,48
2906,36,24,50,48
2907,36,31,50,62
2908,36,24,50,48
2909,36,24,50,48
2910,36,27,50,54
2911,36,23,50,46
2912,36,24,50,48
2913,36,22,50,44
2914,36,27,50,54
2915,36,24,50,48
2916,36,23,50,46
2917,36,24,50,48
2918,36,24,50,48
2919,36,31,50,62
2920,36,23,50,46
2921,36,23,50,46
2922,36,29,50,58
2923,36,25,50,50
2924,36,25,50,50
2925,36,39,50,78
2926,36,24,50,48
2927,36,29,50,58
2928,36,23,50,46
2929,36,24,50,48
2930,36,25,50,50
2931,36,24,50,48
2932,36,23,50,46
2933,36,26,50,52
2934,36,24,50,48
2935,36,22,50,44
2936,36,24,50,48
2937,36,24,50,48
2938,36,21,50,42
2939,36,24,50,48
2940,36,25,50,50
2941,36,23,50,46
2942,36,25,50,50
2943,36,26,50,52
2944,36,27,50,54
2945,36,23,50,46
2946,36,26,50,52
2947,36,27,50,54
2948,36,26,50,52
2949,36,23,50,46
2950,36,25,50,50
2951,36,23,50,46
2952,36,26,50,52
2953,36,26,50,52
2954,36,25,50,50
2955,36,24,50,48
2956,36,22,50,44
2957,36,23,50,46
2958,36,26,50,52
2959,36,29,50,58
2960,36,25,50,50
2961,36,24,50,48
2962,36,20,50,40
2963,36,27,50,54
2964,36,24,50,48
2965,36,21,50,42
2966,36,28,50,56
2967,36,26,50,52
2968,36,30,50,60
2969,36,29,50,58
2970,36,31,50,62
2971,36,25,50,50
2972,36,30,50,60
2973,36,37,50,74
2974,36,43,50,86
2975,36,26,50,52
2976,36,28,50,56
2977,36,26,50,52
2978,36,25,50,50
2979,268,14,50,28
2980,36,20,50,40
2981,36,22,50,44
2982,36,27,50,54
2983,36,31,50,62
2984,36,25,50,50
2985,36,25,50,50
2986,36,25,50,50
2987,36,24,50,48
2988,36,23,50,46
2989,36,23,50,46
2990,36,27,50,54
2991,36,24,50,48
2992,36,23,50,46
2993,36,25,50,50
2994,36,22,50,44
2995,36,24,50,48
2996,36,25,50,50
2997,36,24,50,48
2998,36,25,50,50
2999,36,21,50,42
3000,36,26,50,52
3001,36,23,50,46
3002,36,27,50,54
3003,36,24,50,48
3004,36,22,50,44
3005,36,37,50,74
3006,36,30,50,60
3007,36,27,50,54
3008,36,25,50,50
3009,36,25,50,50
3010,36,24,50,48
3011,36,21,50,42
3012,36,21,50,42
3013,36,24,50,48
3014,36,25,50,50
3015,36,24,50,48
3016,36,24,50,48
3017,36,26,50,52
3018,36,21,50,42
3019,36,27,50,54
3020,36,22,50,44
3021,36,22,50,44
3022,36,25,50,50
3023,36,22,50,44
3024,36,33,50,66
3025,36,23,50,46
3026,36,20,50,40
3027,36,23,50,46
3028,36,26,50,52
3029,36,22,50,44
3030,36,23,50,46
3031,36,24,50,48
3032,36,22,50,44
3033,36,23,50,46
3034,36,22,50,44
3035,36,34,50,68
3036,36,24,50,48
3037,36,24,50,48
3038,36,27,50,54
3039,36,23,50,46
3040,36,23,50,46
3041,36,24,50,48
3042,36,29,50,58
3043,36,25,50,50
3044,36,25,50,50
3045,36,28,50,56
3046,36,31,50,62
3047,36,27,50,54
3048,36,26,50,52
3049,36,24,50,48
3050,36,24,50,48
3051,36,24,50,48
3052,36,27,50,54
3053,36,31,50,62
3054,36,24,50,48
3055,36,23,50,46
3056,36,26,50,52
3057,36,26,50,52
3058,36,27,50,54
3059,36,24,50,48
3060,36,27,50,54
3061,36,26,50,52
3062,36,25,50,50
3063,36,25,50,50
3064,36,28,50,56
3065,36,22,50,44
3066,36,26,50,52
3067,36,25,50,50
3068,36,32,50,64
3069,36,29,50,58
3070,36,20,50,40
3071,36,28,50,56
3072,36,25,50,50
3073,36,28,50,56
3074,36,23,50,46
3075,36,22,50,44
3076,36,25,50,50
3077,36,24,50,48
3078,36,38,50,76
3079,36,23,50,46
3080,36,23,50,46
3081,36,24,50,48
3082,36,24,50,48
3083,36,30,50,60
3084,36,23,50,46
3085,36,25,50,50
3086,36,22,50,44
3087,36,41,50,82
3088,36,26,50,52
3089,36,29,50,58
3090,36,25,50,50
3091,36,24,50,48
3092,36,27,50,54
3093,36,25,50,50
3094,36,26,50,52
3095,36,24,50,48
3096,36,31,50,62
3097,36,28,50,56
3098,36,24,50,48
3099,36,22,50,44
3100,36,27,50,54
3101,36,24,50,48
3102,36,27,50,54
3103,36,26,50,52
3104,36,23,50,46
3105,36,24,50,48
3106,36,19,50,38
3107,36,23,50,46
3108,36,31,50,62
3109,36,27,50,54
3110,36,26,50,52
3111,36,25,50,50
3112,36,24,50,48
3113,36,37,50,74
3114,36,27,50,54
3115,36,27,50,54
3116,36,24,50,48
3117,36,25,50,50
3118,36,23,50,46
3119,36,27,50,54
3120,36,24,50,48
3121,36,24,50,48
3122,36,24,50,48
3123,36,26,50,52
3124,36,25,50,50
3125,36,24,50,48
3126,36,24,50,48
3127,36,27,50,54
3128,36,23,50,46
3129,36,23,50,46
3130,36,23,50,46
3131,36,24,50,48
3132,36,25,50,50
3133,36,24,50,48
3134,36,11,50,22
3135,36,24,50,48
3136,36,19,50,38
3137,36,25,50,50
3138,36,25,50,50
3139,36,21,50,42
3140,36,27,50,54
3141,36,24,50,48
3142,36,27,50,54
3143,36,23,50,46
3144,36,22,50,44
3145,36,22,50,44
3146,36,27,50,54
3147,36,25,50,50
3148,36,24,50,48
3149,36,24,50,48
3150,36,25,50,50
3151,36,27,50,54
3152,36,25,50,50
3153,36,24,50,48
3154,36,16,50,32
3155,36,25,50,50
3156,36,25,50,50
3157,36,24,50,48
3158,36,24,50,48
3159,36,24,50,48
3160,36,26,50,52
3161,36,26,50,52
3162,36,24,50,48
3163,36,24,50,48
3164,36,27,50,54
3165,36,24,50,48
3166,36,28,50,56
3167,36,26,50,52
3168,36,27,50,54
3169,36,26,50,52
3170,36,26,50,52
3171,36,43,50,86
3172,36,29,50,58
3173,36,27,50,54
3174,36,23,50,46
3175,36,27,50,54
3176,36,23,50,46
3177,36,25,50,50
3178,36,34,50,68
3179,36,29,50,58
3180,36,24,50,48
3181,36,23,50,46
3182,36,28,50,56
3183,36,25,50,50
3184,36,34,50,68
3185,36,24,50,48
3186,36,24,50,48
3187,36,28,50,56
3188,36,26,50,52
3189,36,31,50,62
3190,36,24,50,48
3191,36,23,50,46
3192,36,23,50,46
3193,36,28,50,56
3194,36,26,50,52
3195,36,26,50,52
3196,36,23,50,46
3197,36,24,50,48
3198,36,25,50,50
3199,36,23,50,46
3200,36,20,50,40
3201,36,24,50,48
3202,36,24,50,48
3203,95,17,50,34
3204,36,23,50,46
3205,36,24,50,48
3206,36,23,50,46
3207,36,35,50,70
3208,36,23,50,46
3209,36,25,50,50
3210,36,26,50,52
3211,36,24,50,48
3212,36,25,50,50
3213,36,28,50,56
3214,36,22,50,44
3215,36,24,50,48
3216,36,25,50,50
3217,36,24,50,48
3218,36,29,50,58
3219,36,25,50,50
3220,36,26,50,52
3221,36,25,50,50
3222,36,25,50,50
3223,36,26,50,52
3224,36,26,50,52
3225,36,26,50,52
3226,36,25,50,50
3227,36,24,50,48
3228,36,23,50,46
3229,36,26,50,52
3230,36,26,50,52
3231,36,23,50,46
3232,36,24,50,48
3233,36,22,50,44
3234,36,28,50,56
3235,36,26,50,52
3236,36,24,50,48
3237,36,25,50,50
3238,36,24,50,48
3239,36,20,50,40
3240,36,25,50,50
3241,36,25,50,50
3242,36,29,50,58
3243,36,24,50,48
3244,36,21,50,42
3245,36,25,50,50
3246,36,25,50,50
3247,36,24,50,48
3248,36,24,50,48
3249,36,25,50,50
3250,36,27,50,54
3251,36,25,50,50
3252,36,23,50,46
3253,36,24,50,48
3254,36,36,50,72
3255,36,33,50,66
3256,36,25,50,50
3257,36,33,50,66
3258,36,28,50,56
3259,36,27,50,54
3260,36,23,50,46
3261,36,26,50,52
3262,36,23,50,46
3263,36,23,50,46
3264,36,28,50,56
3265,36,28,50,56
3266,36,25,50,50
3267,36,27,50,54
3268,36,38,50,76
3269,36,28,50,56
3270,36,25,50,50
3271,36,28,50,56
3272,36,23,50,46
3273,36,28,50,56
3274,36,25,50,50
3275,36,25,50,50
3276,36,28,50,56
3277,36,23,50,46
3278,36,24,50,48
3279,36,32,50,64
3280,36,23,50,46
3281,36,27,50,54
3282,36,45,50,90
3283,36,27,50,54
3284,36,23,50,46
3285,36,22,50,44
3286,36,24,50,48
3287,36,45,50,90
3288,36,24,50,48
3289,36,21,50,42
3290,36,36,50,72
3291,36,25,50,50
3292,36,39,50,78
3293,36,24,50,48
3294,36,28,50,56
3295,36,25,50,50
3296,36,27,50,54
3297,36,23,50,46
3298,36,24,50,48
3299,36,27,50,54
3300,36,40,50,80
3301,36,24,50,48
3302,36,24,50,48
3303,36,23,50,46
3304,36,29,50,58
3305,36,27,50,54
3306,36,26,50,52
3307,36,29,50,58
3308,36,25,50,50
3309,36,22,50,44
3310,36,28,50,56
3311,36,26,50,52
3312,36,27,50,54
3313,36,25,50,50
3314,36,31,50,62
3315,36,23,50,46
3316,36,24,50,48
3317,36,24,50,48
3318,36,27,50,54
3319,36,23,50,46
3320,36,24,50,48
3321,36,22,50,44
3322,36,17,50,34
3323,36,25,50,50
3324,36,27,50,54
3325,36,26,50,52
3326,36,25,50,50
3327,36,24,50,48
3328,36,24,50,48
3329,36,24,50,48
3330,36,27,50,54
3331,36,24,50,48
3332,36,22,50,44
3333,36,24,50,48
3334,36,24,50,48
3335,36,23,50,46
3336,36,24,50,48
3337,36,23,50,46
3338,36,24,50,48
3339,36,17,50,34
3340,36,28,50,56
3341,36,23,50,46
3342,36,24,50,48
3343,36,25,50,50
3344,36,24,50,48
3345,36,24,50,48
3346,36,24,50,48
3347,36,25,50,50
3348,36,28,50,56
3349,36,24,50,48
3350,36,22,50,44
3351,36,23,50,46
3352,36,28,50,56
3353,36,24,50,48
3354,36,22,50,44
3355,36,25,50,50
3356,36,24,50,48
3357,36,27,50,54
3358,36,25,50,50
3359,36,25,50,50
3360,36,22,50,44
3361,36,27,50,54
3362,36,23,50,46
3363,36,22,50,44
3364,36,20,50,40
3365,36,26,50,52
3366,36,22,50,44
3367,36,20,50,40
3368,36,23,50,46
3369,36,27,50,54
3370,36,22,50,44
3371,36,25,50,50
3372,36,26,50,52
3373,36,24,50,48
3374,36,22,50,44
3375,36,23,50,46
3376,36,23,50,46
3377,36,21,50,42
3378,36,24,50,48
3379,36,23,50,46
3380,36,25,50,50
3381,36,25,50,50
3382,36,23,50,46
3383,36,24,50,48
3384,36,26,50,52
3385,36,23,50,46
3386,36,24,50,48
3387,36,24,50,48
3388,36,22,50,44
3389,36,24,50,48
3390,36,22,50,44
3391,36,21,50,42
3392,36,26,50,52
3393,36,30,50,60
3394,36,24,50,48
3395,36,25,50,50
3396,36,25,50,50
3397,36,34,50,68
3398,36,24,50,48
3399,36,24,50,48
3400,36,24,50,48
3401,36,22,50,44
3402,36,22,50,44
3403,36,19,50,38
3404,36,24,50,48
3405,36,28,50,56
3406,36,25,50,50
3407,36,27,50,54
3408,36,23,50,46
3409,36,23,50,46
3410,36,21,50,42
3411,36,24,50,48
3412,36,21,50,42
3413,36,23,50,46
3414,36,20,50,40
3415,36,27,50,54
3416,36,25,50,50
3417,36,23,50,46
3418,36,22,50,44
3419,36,27,50,54
3420,36,31,50,62
3421,36,25,50,50
3422,36,25,50,50
3423,36,26,50,52
3424,36,24,50,48
3425,36,24,50,48
3426,36,25,50,50
3427,36,24,50,48
3428,36,26,50,52
3429,36,22,50,44
3430,36,22,50,44
3431,36,25,50,50
3432,36,20,50,40
3433,36,25,50,50
3434,36,24,50,48
3435,36,29,50,58
3436,36,25,50,50
3437,36,23,50,46
3438,36,26,50,52
3439,36,22,50,44
3440,36,24,50,48
3441,36,27,50,54
3442,36,28,50,56
3443,36,26,50,52
3444,36,26,50,52
3445,36,25,50,50
3446,36,28,50,56
3447,36,23,50,46
3448,36,24,50,48
3449,36,22,50,44
3450,36,24,50,48
3451,36,37,50,74
3452,36,23,50,46
3453,36,24,50,48
3454,36,24,50,48
3455,36,24,50,48
3456,36,25,50,50
3457,36,24,50,48
3458,36,23,50,46
3459,36,23,50,46
3460,36,23,50,46
3461,36,23,50,46
3462,95,22,50,44
3463,36,24,50,48
3464,36,26,50,52
3465,36,22,50,44
3466,36,23,50,46
3467,36,28,50,56
3468,36,29,50,58
3469,36,25,50,50
3470,36,24,50,48
3471,36,27,50,54
3472,36,22,50,44
3473,36,26,50,52
3474,36,25,50,50
3475,36,28,50,56
3476,36,26,50,52
3477,36,26,50,52
3478,36,29,50,58
3479,36,26,50,52
3480,36,39,50,78
3481,36,25,50,50
3482,36,24,50,48
3483,36,21,50,42
3484,36,24,50,48
3485,36,24,50,48
3486,36,24,50,48
3487,36,24,50,48
3488,36,22,50,44
3489,36,20,50,40
3490,36,21,50,42
3491,36,17,50,34
3492,36,23,50,46
3493,36,26,50,52
3494,36,23,50,46
3495,36,25,50,50
3496,36,24,50,48
3497,36,26,50,52
3498,36,27,50,54
3499,36,25,50,50
3500,36,23,50,46
3501,36,22,50,44
3502,36,23,50,46
3503,36,25,50,50
3504,36,24,50,48
3505,36,22,50,44
3506,36,20,50,40
3507,36,28,50,56
3508,36,25,50,50
3509,36,24,50,48
3510,36,21,50,42
3511,36,25,50,50
3512,36,26,50,52
3513,36,29,50,58
3514,36,25,50,50
3515,36,27,50,54
3516,36,24,50,48
3517,36,26,50,52
3518,36,24,50,48
3519,36,28,50,56
3520,36,23,50,46
3521,36,23,50,46
3522,36,24,50,48
3523,36,26,50,52
3524,36,23,50,46
3525,36,25,50,50
3526,36,22,50,44
3527,36,23,50,46
3528,36,27,50,54
3529,36,25,50,50
3530,36,26,50,52
3531,36,27,50,54
3532,36,25,50,50
3533,36,22,50,44
3534,36,22,50,44
3535,36,23,50,46
3536,36,17,50,34
3537,36,26,50,52
3538,36,26,50,52
3539,36,24,50,48
3540,36,24,50,48
3541,36,24,50,48
3542,36,23,50,46
3543,36,24,50,48
3544,36,27,50,54
3545,36,24,50,48
3546,36,26,50,52
3547,36,20,50,40
3548,36,21,50,42
3549,36,20,50,40
3550,36,23,50,46
3551,36,25,50,50
3552,36,25,50,50
3553,36,25,50,50
3554,36,24,50,48
3555,36,23,50,46
3556,36,25,50,50
3557,36,27,50,54
3558,36,31,50,62
3559,36,29,50,58
3560,36,27,50,54
3561,36,28,50,56
3562,36,26,50,52
3563,36,25,50,50
3564,36,20,50,40
3565,36,26,50,52
3566,36,20,50,40
3567,36,22,50,44
3568,36,25,50,50
3569,36,26,50,52
3570,36,24,50,48
3571,36,22,50,44
3572,36,24,50,48
3573,36,24,50,48
3574,36,25,50,50
3575,36,24,50,48
3576,36,24,50,48
3577,95,24,50,48
3578,36,26,50,52
3579,36,23,50,46
3580,36,33,50,66
3581,36,22,50,44
3582,36,26,50,52
3583,36,25,50,50
3584,36,26,50,52
3585,36,24,50,48
3586,36,26,50,52
3587,36,21,50,42
3588,36,21,50,42
3589,36,26,50,52
3590,36,22,50,44
3591,36,23,50,46
3592,36,24,50,48
3593,36,22,50,44
3594,36,24,50,48
3595,36,23,50,46
3596,36,23,50,46
3597,36,26,50,52
3598,36,24,50,48
3599,36,24,50,48
3600,36,24,50,48
3601,36,27,50,54
3602,36,26,50,52
3603,36,31,50,62
3604,36,24,50,48
3605,36,24,50,48
3606,36,24,50,48
3607,36,28,50,56
3608,36,24,50,48
3609,36,21,50,42
3610,36,24,50,48
3611,36,23,50,46
3612,36,34,50,68
3613,36,27,50,54
3614,36,24,50,48
3615,36,26,50,52
3616,36,27,50,54
3617,36,26,50,52
3618,36,25,50,50
3619,36,21,50,42
3620,36,23,50,46
3621,36,24,50,48
3622,36,20,50,40
3623,36,21,50,42
3624,36,24,50,48
3625,36,26,50,52
3626,36,24,50,48
3627,36,27,50,54
3628,36,24,50,48
3629,36,24,50,48
3630,36,23,50,46
3631,36,21,50,42
3632,36,29,50,58
3633,36,26,50,52
3634,36,22,50,44
3635,36,25,50,50
3636,36,24,50,48
3637,36,38,50,76
3638,36,22,50,44
3639,36,25,50,50
3640,36,28,50,56
3641,36,18,50,36
3642,36,26,50,52
3643,36,21,50,42
3644,36,24,50,48
3645,36,23,50,46
3646,36,25,50,50
3647,36,32,50,64
3648,36,25,50,50
3649,36,24,50,48
3650,36,23,50,46
3651,36,22,50,44
3652,36,23,50,46
3653,36,31,50,62
3654,36,18,50,36
3655,36,24,50,48
3656,36,28,50,56
3657,36,27,50,54
3658,36,20,50,40
3659,36,22,50,44
3660,36,24,50,48
3661,36,23,50,46
3662,36,26,50,52
3663,36,23,50,46
3664,36,25,50,50
3665,36,27,50,54
3666,36,40,50,80
3667,36,20,50,40
3668,36,14,50,28
3669,36,24,50,48
3670,95,22,50,44
3671,36,24,50,48
3672,36,24,50,48
3673,36,29,50,58
3674,36,23,50,46
3675,36,26,50,52
3676,36,26,50,52
3677,36,33,50,66
3678,36,23,50,46
3679,36,24,50,48
3680,36,32,50,64
3681,36,25,50,50
3682,95,20,50,40
3683,36,23,50,46
3684,36,24,50,48
3685,36,23,50,46
3686,36,26,50,52
3687,36,26,50,52
3688,36,23,50,46
3689,36,28,50,56
3690,36,22,50,44
3691,36,24,50,48
3692,36,24,50,48
3693,36,27,50,54
3694,36,25,50,50
3695,36,23,50,46
3696,36,22,50,44
3697,36,25,50,50
3698,36,27,50,54
3699,36,26,50,52
3700,36,26,50,52
3701,36,24,50,48
3702,36,31,50,62
3703,36,24,50,48
3704,36,24,50,48
3705,36,22,50,44
3706,36,20,50,40
3707,36,25,50,50
3708,36,22,50,44
3709,36,26,50,52
3710,36,28,50,56
3711,36,23,50,46
3712,36,24,50,48
3713,36,25,50,50
3714,36,29,50,58
3715,36,25,50,50
3716,36,23,50,46
3717,36,24,50,48
3718,36,22,50,44
3719,36,24,50,48
3720,36,25,50,50
3721,36,23,50,46
3722,36,24,50,48
3723,36,25,50,50
3724,36,22,50,44
3725,36,25,50,50
3726,36,25,50,50
3727,36,27,50,54
3728,36,38,50,76
3729,36,31,50,62
3730,36,38,50,76
3731,36,26,50,52
3732,36,27,50,54
3733,36,22,50,44
3734,36,24,50,48
3735,36,29,50,58
3736,36,34,50,68
3737,36,23,50,46
3738,36,31,50,62
3739,36,15,50,30
3740,36,24,50,48
3741,36,21,50,42
3742,36,24,50,48
3743,36,24,50,48
3744,36,28,50,56
3745,36,26,50,52
3746,36,39,50,78
3747,36,26,50,52
3748,36,25,50,50
3749,36,24,50,48
3750,36,24,50,48
3751,36,23,50,46
3752,36,27,50,54
3753,36,25,50,50
3754,36,25,50,50
3755,36,24,50,48
3756,36,24,50,48
3757,36,23,50,46
3758,36,21,50,42
3759,36,22,50,44
3760,36,24,50,48
3761,36,22,50,44
3762,36,43,50,86
3763,36,25,50,50
3764,36,23,50,46
3765,36,28,50,56
3766,36,24,50,48
3767,36,24,50,48
3768,36,23,50,46
3769,36,24,50,48
3770,36,25,50,50
3771,36,25,50,50
3772,36,22,50,44
3773,36,24,50,48
3774,36,24,50,48
3775,36,25,50,50
3776,36,21,50,42
3777,36,27,50,54
3778,36,22,50,44
3779,36,23,50,46
3780,95,26,50,52
3781,36,20,50,40
3782,36,24,50,48
3783,36,26,50,52
3784,36,27,50,54
3785,36,25,50,50
3786,36,22,50,44
3787,36,25,50,50
3788,36,33,50,66
3789,36,24,50,48
3790,36,25,50,50
3791,36,24,50,48
3792,36,22,50,44
3793,36,24,50,48
3794,36,23,50,46
3795,36,25,50,50
3796,36,24,50,48
3797,36,24,50,48
3798,36,26,50,52
3799,36,26,50,52
3800,36,27,50,54
3801,36,25,50,50
3802,36,26,50,52
3803,36,24,50,48
3804,36,25,50,50
3805,36,25,50,50
3806,36,26,50,52
3807,36,25,50,50
3808,36,24,50,48
3809,36,21,50,42
3810,36,20,50,40
3811,36,22,50,44
3812,36,20,50,40
3813,36,26,50,52
3814,36,21,50,42
3815,36,24,50,48
3816,36,23,50,46
3817,36,20,50,40
3818,36,23,50,46
3819,95,23,50,46
3820,36,23,50,46
3821,36,23,50,46
3822,36,25,50,50
3823,36,27,50,54
3824,36,26,50,52
3825,36,26,50,52
3826,36,24,50,48
3827,36,19,50,38
3828,36,24,50,48
3829,36,24,50,48
3830,36,23,50,46
3831,36,24,50,48
3832,36,24,50,48
3833,36,25,50,50
3834,36,18,50,36
3835,36,26,50,52
3836,36,25,50,50
3837,36,25,50,50
3838,36,26,50,52
3839,36,23,50,46
3840,36,26,50,52
3841,36,28,50,56
3842,36,25,50,50
3843,36,38,50,76
3844,36,25,50,50
3845,36,25,50,50
3846,36,23,50,46
3847,36,24,50,48
3848,36,22,50,44
3849,36,25,50,50
3850,36,26,50,52
3851,36,25,50,50
3852,36,27,50,54
3853,36,25,50,50
3854,36,25,50,50
3855,36,24,50,48
3856,36,29,50,58
3857,36,24,50,48
3858,36,23,50,46
3859,36,23,50,46
3860,36,25,50,50
3861,36,21,50,42
3862,36,25,50,50
3863,36,28,50,56
3864,36,22,50,44
3865,36,20,50,40
3866,36,24,50,48
3867,36,25,50,50
3868,36,26,50,52
3869,36,24,50,48
3870,36,21,50,42
3871,36,22,50,44
3872,36,22,50,44
3873,36,25,50,50
3874,36,22,50,44
3875,36,24,50,48
3876,36,23,50,46
3877,36,25,50,50
3878,36,28,50,56
3879,36,20,50,40
3880,36,21,50,42
3881,36,23,50,46
3882,36,24,50,48
3883,36,26,50,52
3884,36,25,50,50
3885,36,23,50,46
3886,36,23,50,46
3887,36,22,50,44
3888,36,18,50,36
3889,36,21,50,42
3890,36,25,50,50
3891,36,25,50,50
3892,36,23,50,46
3893,36,24,50,48
3894,36,22,50,44
3895,36,20,50,40
3896,36,23,50,46
3897,36,23,50,46
3898,36,22,50,44
3899,36,26,50,52
3900,36,23,50,46
3901,36,19,50,38
3902,36,23,50,46
3903,36,23,50,46
3904,36,25,50,50
3905,36,23,50,46
3906,36,24,50,48
3907,36,27,50,54
3908,36,20,50,40
3909,36,25,50,50
3910,36,25,50,50
3911,36,25,50,50
3912,36,22,50,44
3913,36,25,50,50
3914,36,24,50,48
3915,36,24,50,48
3916,36,23,50,46
3917,36,24,50,48
3918,36,26,50,52
3919,36,39,50,78
3920,36,24,50,48
3921,36,37,50,74
3922,36,23,50,46
3923,36,24,50,48
3924,36,26,50,52
3925,36,27,50,54
3926,36,23,50,46
3927,36,42,50,84
3928,36,23,50,46
3929,36,23,50,46
3930,36,23,50,46
3931,36,38,50,76
3932,36,24,50,48
3933,36,25,50,50
3934,36,25,50,50
3935,36,25,50,50
3936,36,25,50,50
3937,36,24,50,48
3938,36,27,50,54
3939,36,25,50,50
3940,36,25,50,50
3941,36,22,50,44
3942,36,23,50,46
3943,36,29,50,58
3944,36,27,50,54
3945,36,21,50,42
3946,36,26,50,52
3947,36,27,50,54
3948,36,27,50,54
3949,36,25,50,50
3950,36,24,50,48
3951,36,20,50,40
3952,36,32,50,64
3953,36,26,50,52
3954,36,26,50,52
3955,36,22,50,44
3956,36,25,50,50
3957,36,26,50,52
3958,36,21,50,42
3959,36,24,50,48
3960,36,22,50,44
3961,36,27,50,54
3962,36,25,50,50
3963,36,23,50,46
3964,36,24,50,48
3965,36,26,50,52
3966,36,23,50,46
3967,36,25,50,50
3968,36,28,50,56
3969,36,23,50,46
3970,36,24,50,48
3971,36,28,50,56
3972,36,26,50,52
3973,36,22,50,44
3974,36,22,50,44
3975,36,24,50,48
3976,36,26,50,52
3977,36,22,50,44
3978,36,25,50,50
3979,36,24,50,48
3980,36,23,50,46
3981,36,27,50,54
3982,36,25,50,50
3983,36,23,50,46
3984,36,27,50,54
3985,36,26,50,52
3986,36,24,50,48
3987,36,23,50,46
3988,36,24,50,48
3989,36,25,50,50
3990,36,25,50,50
3991,36,25,50,50
3992,36,26,50,52
3993,36,23,50,46
3994,36,23,50,46
3995,36,23,50,46
3996,36,23,50,46
3997,36,30,50,60
3998,36,22,50,44
3999,36,26,50,52
4000,36,23,50,46
4001,36,25,50,50
4002,36,25,50,50
4003,36,26,50,52
4004,36,21,50,42
4005,36,24,50,48
4006,36,23,50,46
4007,36,25,50,50
4008,36,23,50,46
4009,36,24,50,48
4010,36,26,50,52
4011,36,23,50,46
4012,36,25,50,50
4013,36,36,50,72
4014,36,25,50,50
4015,99,33,50,66
4016,36,25,50,50
4017,36,24,50,48
4018,36,27,50,54
4019,36,26,50,52
4020,36,24,50,48
4021,36,25,50,50
4022,36,26,50,52
4023,36,21,50,42
4024,36,26,50,52
4025,36,28,50,56
4026,36,22,50,44
4027,36,25,50,50
4028,36,23,50,46
4029,36,23,50,46
4030,36,21,50,42
4031,36,22,50,44
4032,36,20,50,40
4033,36,24,50,48
4034,36,28,50,56
4035,36,25,50,50
4036,36,24,50,48
4037,36,23,50,46
4038,36,24,50,48
4039,36,26,50,52
4040,36,23,50,46
4041,36,29,50,58
4042,36,22,50,44
4043,36,23,50,46
4044,36,30,50,60
4045,36,25,50,50
4046,36,21,50,42
4047,36,25,50,50
4048,36,23,50,46
4049,36,24,50,48
4050,36,24,50,48
4051,36,22,50,44
4052,36,26,50,52
4053,36,26,50,52
4054,36,23,50,46
4055,36,24,50,48
4056,36,23,50,46
4057,36,23,50,46
4058,36,25,50,50
4059,36,26,50,52
4060,36,25,50,50
4061,36,22,50,44
4062,36,24,50,48
4063,36,22,50,44
4064,36,24,50,48
4065,36,22,50,44
4066,36,22,50,44
4067,36,24,50,48
4068,36,21,50,42
4069,36,25,50,50
4070,36,26,50,52
4071,36,26,50,52
4072,36,25,50,50
4073,36,23,50,46
4074,36,29,50,58
4075,36,25,50,50
4076,36,26,50,52
4077,36,26,50,52
4078,36,41,50,82
4079,36,23,50,46
4080,36,26,50,52
4081,36,24,50,48
4082,36,20,50,40
4083,36,25,50,50
4084,36,21,50,42
4085,36,26,50,52
4086,36,27,50,54
4087,36,25,50,50
4088,36,22,50,44
4089,36,25,50,50
4090,36,40,50,80
4091,36,24,50,48
4092,36,25,50,50
4093,36,24,50,48
4094,36,31,50,62
4095,36,23,50,46
4096,95,21,50,42
4097,36,21,50,42
4098,36,24,50,48
4099,36,26,50,52
4100,36,39,50,78
4101,36,23,50,46
4102,36,24,50,48
4103,36,26,50,52
4104,36,26,50,52
4105,36,24,50,48
4106,36,26,50,52
4107,36,25,50,50
4108,36,27,50,54
4109,36,21,50,42
4110,36,27,50,54
4111,36,22,50,44
4112,36,23,50,46
4113,36,25,50,50
4114,36,26,50,52
4115,36,23,50,46
4116,36,25,50,50
4117,36,22,50,44
4118,36,23,50,46
4119,36,24,50,48
4120,36,28,50,56
4121,36,26,50,52
4122,36,38,50,76
4123,36,25,50,50
4124,36,24,50,48
4125,36,24,50,48
4126,36,35,50,70
4127,36,22,50,44
4128,36,24,50,48
4129,36,27,50,54
4130,36,26,50,52
4131,36,21,50,42
4132,36,27,50,54
4133,36,25,50,50
4134,36,26,50,52
4135,36,20,50,40
4136,36,21,50,42
4137,36,24,50,48
4138,36,26,50,52
4139,36,23,50,46
4140,36,25,50,50
4141,36,23,50,46
4142,36,23,50,46
4143,36,25,50,50
4144,36,26,50,52
4145,36,25,50,50
4146,36,23,50,46
4147,36,23,50,46
4148,36,25,50,50
4149,36,25,50,50
4150,36,27,50,54
4151,36,22,50,44
4152,36,26,50,52
4153,36,25,50,50
4154,36,28,50,56
4155,36,26,50,52
4156,36,25,50,50
4157,36,22,50,44
4158,36,22,50,44
4159,36,23,50,46
4160,36,23,50,46
4161,36,24,50,48
4162,36,25,50,50
4163,36,20,50,40
4164,36,44,50,88
4165,36,27,50,54
4166,36,26,50,52
4167,36,24,50,48
4168,36,24,50,48
4169,36,28,50,56
4170,36,28,50,56
4171,36,22,50,44
4172,36,23,50,46
4173,36,27,50,54
4174,36,23,50,46
4175,36,22,50,44
4176,36,23,50,46
4177,36,40,50,80
4178,36,21,50,42
4179,36,23,50,46
4180,36,22,50,44
4181,36,24,50,48
4182,36,27,50,54
4183,36,38,50,76
4184,36,24,50,48
4185,36,26,50,52
4186,36,25,50,50
4187,36,27,50,54
4188,36,22,50,44
4189,36,25,50,50
4190,36,25,50,50
4191,36,27,50,54
4192,36,23,50,46
4193,36,24,50,48
4194,36,24,50,48
4195,36,25,50,50
4196,36,23,50,46
4197,36,24,50,48
4198,36,23,50,46
4199,36,28,50,56
4200,36,23,50,46
4201,36,26,50,52
4202,36,24,50,48
4203,36,22,50,44
4204,36,36,50,72
4205,36,19,50,38
4206,36,23,50,46
4207,36,24,50,48
4208,36,21,50,42
4209,36,35,50,70
4210,36,22,50,44
4211,36,25,50,50
4212,36,20,50,40
4213,36,26,50,52
4214,36,27,50,54
4215,36,26,50,52
4216,36,23,50,46
4217,36,22,50,44
4218,36,35,50,70
4219,36,24,50,48
4220,36,24,50,48
4221,36,24,50,48
4222,36,40,50,80
4223,36,23,50,46
4224,36,37,50,74
4225,36,23,50,46
4226,36,28,50,56
4227,36,22,50,44
4228,36,20,50,40
4229,36,24,50,48
4230,36,29,50,58
4231,36,24,50,48
4232,36,24,50,48
4233,36,37,50,74
4234,36,25,50,50
4235,36,23,50,46
4236,36,41,50,82
4237,36,24,50,48
4238,36,27,50,54
4239,36,24,50,48
4240,36,24,50,48
4241,36,24,50,48
4242,36,24,50,48
4243,36,22,50,44
4244,36,21,50,42
4245,36,26,50,52
4246,36,24,50,48
4247,36,22,50,44
4248,36,26,50,52
4249,36,27,50,54
4250,36,34,50,68
4251,36,26,50,52
4252,36,27,50,54
4253,36,23,50,46
4254,36,26,50,52
4255,36,21,50,42
4256,36,24,50,48
4257,36,23,50,46
4258,36,24,50,48
4259,36,23,50,46
4260,36,22,50,44
4261,36,26,50,52
4262,36,25,50,50
4263,36,22,50,44
4264,36,25,50,50
4265,36,24,50,48
4266,36,27,50,54
4267,36,24,50,48
4268,36,26,50,52
4269,36,27,50,54
4270,36,25,50,50
4271,36,26,50,52
4272,36,23,50,46
4273,36,26,50,52
4274,36,21,50,42
4275,36,25,50,50
4276,36,25,50,50
4277,36,23,50,46
4278,36,23,50,46
4279,36,22,50,44
4280,36,25,50,50
4281,36,23,50,46
4282,36,23,50,46
4283,36,25,50,50
4284,36,24,50,48
4285,36,23,50,46
4286,36,24,50,48
4287,36,21,50,42
4288,36,26,50,52
4289,36,25,50,50
4290,36,27,50,54
4291,36,13,50,26
4292,36,26,50,52
4293,36,25,50,50
4294,36,15,50,30
4295,36,21,50,42
4296,36,21,50,42
4297,36,21,50,42
4298,36,22,50,44
4299,36,25,50,50
4300,36,24,50,48
4301,36,27,50,54
4302,36,23,50,46
4303,36,26,50,52
4304,36,25,50,50
4305,36,24,50,48
4306,36,25,50,50
4307,36,22,50,44
4308,36,25,50,50
4309,36,24,50,48
4310,36,22,50,44
4311,36,22,50,44
4312,36,23,50,46
4313,36,26,50,52
4314,36,26,50,52
4315,36,24,50,48
4316,36,24,50,48
4317,36,23,50,46
4318,36,23,50,46
4319,36,25,50,50
4320,36,22,50,44
4321,36,22,50,44
4322,36,23,50,46
4323,36,29,50,58
4324,36,23,50,46
4325,36,21,50,42
4326,36,23,50,46
4327,36,24,50,48
4328,36,25,50,50
4329,36,28,50,56
4330,36,25,50,50
4331,36,26,50,52
4332,36,24,50,48
4333,36,25,50,50
4334,36,25,50,50
4335,36,25,50,50
4336,36,23,50,46
4337,36,24,50,48
4338,36,25,50,50
4339,36,24,50,48
4340,36,21,50,42
4341,36,23,50,46
4342,36,27,50,54
4343,36,38,50,76
4344,36,23,50,46
4345,36,26,50,52
4346,36,29,50,58
4347,36,24,50,48
4348,36,20,50,40
4349,36,24,50,48
4350,36,25,50,50
4351,36,23,50,46
4352,36,25,50,50
4353,36,24,50,48
4354,36,26,50,52
4355,36,26,50,52
4356,36,25,50,50
4357,36,25,50,50
4358,36,23,50,46
4359,36,25,50,50
4360,36,33,50,66
4361,36,22,50,44
4362,36,24,50,48
4363,36,26,50,52
4364,36,27,50,54
4365,36,23,50,46
4366,36,25,50,50
4367,36,25,50,50
4368,36,23,50,46
4369,36,25,50,50
4370,36,26,50,52
4371,36,24,50,48
4372,36,25,50,50
4373,36,23,50,46
4374,36,26,50,52
4375,36,20,50,40
4376,36,25,50,50
4377,36,24,50,48
4378,36,22,50,44
4379,36,25,50,50
4380,36,24,50,48
4381,36,29,50,58
4382,36,22,50,44
4383,36,22,50,44
4384,36,22,50,44
4385,36,22,50,44
4386,36,24,50,48
4387,36,26,50,52
4388,36,22,50,44
4389,36,27,50,54
4390,36,23,50,46
4391,36,23,50,46
4392,36,23,50,46
4393,36,24,50,48
4394,36,27,50,54
4395,36,28,50,56
4396,36,26,50,52
4397,36,22,50,44
4398,36,26,50,52
4399,36,25,50,50
4400,36,26,50,52
4401,36,29,50,58
4402,36,34,50,68
4403,36,25,50,50
4404,36,33,50,66
4405,36,23,50,46
4406,36,24,50,48
4407,36,38,50,76
4408,36,24,50,48
4409,36,19,50,38
4410,36,25,50,50
4411,36,33,50,66
4412,36,25,50,50
4413,36,25,50,50
4414,36,19,50,38
4415,36,25,50,50
4416,36,26,50,52
4417,36,22,50,44
4418,36,24,50,48
4419,36,26,50,52
4420,36,26,50,52
4421,36,23,50,46
4422,36,25,50,50
4423,36,29,50,58
4424,36,22,50,44
4425,36,22,50,44
4426,36,27,50,54
4427,36,25,50,50
4428,36,26,50,52
4429,36,30,50,60
4430,36,21,50,42
4431,36,23,50,46
4432,36,21,50,42
4433,36,26,50,52
4434,36,24,50,48
4435,36,26,50,52
4436,36,23,50,46
4437,36,19,50,38
4438,36,23,50,46
4439,36,22,50,44
4440,36,26,50,52
4441,36,23,50,46
4442,36,23,50,46
4443,36,24,50,48
4444,36,24,50,48
4445,36,23,50,46
4446,36,25,50,50
4447,36,22,50,44
4448,36,23,50,46
4449,36,22,50,44
4450,36,23,50,46
4451,36,22,50,44
4452,36,23,50,46
4453,36,26,50,52
4454,36,27,50,54
4455,36,26,50,52
4456,36,24,50,48
4457,36,23,50,46
4458,36,14,50,28
4459,36,22,50,44
4460,36,25,50,50
4461,36,27,50,54
4462,36,23,50,46
4463,36,21,50,42
4464,36,23,50,46
4465,36,25,50,50
4466,36,20,50,40
4467,36,24,50,48
4468,36,19,50,38
4469,36,25,50,50
4470,36,22,50,44
4471,36,25,50,50
4472,36,23,50,46
4473,36,23,50,46
4474,36,25,50,50
4475,36,25,50,50
4476,36,27,50,54
4477,36,24,50,48
4478,36,24,50,48
4479,36,24,50,48
4480,36,25,50,50
4481,36,24,50,48
4482,36,22,50,44
4483,36,23,50,46
4484,36,23,50,46
4485,36,22,50,44
4486,36,24,50,48
4487,36,22,50,44
4488,36,24,50,48
4489,36,27,50,54
4490,36,22,50,44
4491,36,27,50,54
4492,36,24,50,48
4493,36,27,50,54
4494,36,22,50,44
4495,36,25,50,50
4496,36,22,50,44
4497,36,26,50,52
4498,36,24,50,48
4499,36,27,50,54
4500,36,24,50,48
4501,36,27,50,54
4502,36,26,50,52
4503,36,24,50,48
4504,36,23,50,46
4505,36,25,50,50
4506,36,23,50,46
4507,36,24,50,48
4508,36,23,50,46
4509,36,27,50,54
4510,36,23,50,46
4511,36,25,50,50
4512,36,25,50,50
4513,36,23,50,46
4514,36,24,50,48
4515,36,23,50,46
4516,36,23,50,46
4517,36,31,50,62
4518,36,24,50,48
4519,36,24,50,48
4520,36,28,50,56
4521,36,25,50,50
4522,36,23,50,46
4523,36,22,50,44
4524,36,23,50,46
4525,36,21,50,42
4526,36,24,50,48
4527,36,26,50,52
4528,36,22,50,44
4529,36,21,50,42
4530,36,23,50,46
4531,36,24,50,48
4532,36,26,50,52
4533,36,23,50,46
4534,36,25,50,50
4535,36,24,50,48
4536,36,25,50,50
4537,36,22,50,44
4538,36,20,50,40
4539,36,24,50,48
4540,36,26,50,52
4541,36,23,50,46
4542,36,22,50,44
4543,36,22,50,44
4544,36,24,50,48
4545,36,24,50,48
4546,36,26,50,52
4547,36,26,50,52
4548,36,25,50,50
4549,36,29,50,58
4550,36,28,50,56
4551,36,23,50,46
4552,36,22,50,44
4553,36,25,50,50
4554,36,24,50,48
4555,36,24,50,48
4556,36,24,50,48
4557,36,23,50,46
4558,36,25,50,50
4559,36,32,50,64
4560,36,26,50,52
4561,36,24,50,48
4562,36,23,50,46
4563,36,25,50,50
4564,36,23,50,46
4565,36,23,50,46
4566,36,23,50,46
4567,36,20,50,40
4568,36,27,50,54
4569,36,24,50,48
4570,36,23,50,46
4571,36,25,50,50
4572,36,27,50,54
4573,36,21,50,42
4574,36,22,50,44
4575,36,41,50,82
4576,36,25,50,50
4577,36,26,50,52
4578,36,23,50,46
4579,36,25,50,50
4580,36,26,50,52
4581,36,15,50,30
4582,36,25,50,50
4583,36,24,50,48
4584,36,21,50,42
4585,36,29,50,58
4586,36,22,50,44
4587,36,22,50,44
4588,36,13,50,26
4589,36,42,50,84
4590,36,27,50,54
4591,36,26,50,52
4592,36,24,50,48
4593,36,24,50,48
4594,36,25,50,50
4595,36,22,50,44
4596,36,22,50,44
4597,36,24,50,48
4598,36,23,50,46
4599,36,25,50,50
4600,36,22,50,44
4601,36,22,50,44
4602,36,25,50,50
4603,36,25,50,50
4604,36,25,50,50
4605,36,22,50,44
4606,36,27,50,54
4607,36,30,50,60
4608,36,25,50,50
4609,36,24,50,48
4610,36,23,50,46
4611,36,23,50,46
4612,36,21,50,42
4613,36,23,50,46
4614,36,25,50,50
4615,36,24,50,48
4616,36,26,50,52
4617,36,24,50,48
4618,36,26,50,52
4619,36,35,50,70
4620,36,27,50,54
4621,36,25,50,50
4622,36,21,50,42
4623,36,21,50,42
4624,36,24,50,48
4625,36,23,50,46
4626,36,22,50,44
4627,36,23,50,46
4628,36,24,50,48
4629,36,23,50,46
4630,36,24,50,48
4631,36,24,50,48
4632,36,25,50,50
4633,36,23,50,46
4634,36,22,50,44
4635,36,24,50,48
4636,36,27,50,54
4637,36,21,50,42
4638,36,24,50,48
4639,36,15,50,30
4640,36,24,50,48
4641,36,22,50,44
4642,36,26,50,52
4643,36,21,50,42
4644,36,23,50,46
4645,36,22,50,44
4646,36,26,50,52
4647,36,26,50,52
4648,36,25,50,50
4649,36,24,50,48
4650,36,22,50,44
4651,36,25,50,50
4652,36,22,50,44
4653,36,26,50,52
4654,36,22,50,44
4655,36,27,50,54
4656,36,22,50,44
4657,36,26,50,52
4658,36,26,50,52
4659,36,26,50,52
4660,36,29,50,58
4661,36,26,50,52
4662,36,27,50,54
4663,95,13,50,26
4664,36,16,50,32
4665,36,14,50,28
4666,36,24,50,48
4667,36,25,50,50
4668,36,25,50,50
4669,36,28,50,56
4670,36,23,50,46
4671,36,27,50,54
4672,36,28,50,56
4673,36,22,50,44
4674,36,24,50,48
4675,36,27,50,54
4676,36,24,50,48
4677,36,23,50,46
4678,36,25,50,50
4679,36,23,50,46
4680,36,21,50,42
4681,36,24,50,48
4682,36,19,50,38
4683,36,23,50,46
4684,36,21,50,42
4685,36,27,50,54
4686,36,23,50,46
4687,36,22,50,44
4688,36,24,50,48
4689,36,21,50,42
4690,36,23,50,46
4691,36,24,50,48
4692,36,24,50,48
4693,36,29,50,58
4694,36,22,50,44
4695,36,25,50,50
4696,36,25,50,50
4697,36,25,50,50
4698,36,23,50,46
4699,36,26,50,52
4700,36,23,50,46
4701,36,25,50,50
4702,36,25,50,50
4703,36,30,50,60
4704,36,25,50,50
4705,36,23,50,46
4706,36,22,50,44
4707,36,24,50,48
4708,36,24,50,48
4709,36,35,50,70
4710,36,27,50,54
4711,36,24,50,48
4712,36,22,50,44
4713,36,25,50,50
4714,36,25,50,50
4715,36,23,50,46
4716,36,25,50,50
4717,36,24,50,48
4718,36,25,50,50
4719,36,24,50,48
4720,36,30,50,60
4721,36,22,50,44
4722,36,25,50,50
4723,36,33,50,66
4724,36,27,50,54
4725,36,28,50,56
4726,36,24,50,48
4727,36,22,50,44
4728,36,23,50,46
4729,36,24,50,48
4730,36,25,50,50
4731,36,24,50,48
4732,36,27,50,54
4733,36,23,50,46
4734,36,25,50,50
4735,36,22,50,44
4736,36,40,50,80
4737,36,23,50,46
4738,36,23,50,46
4739,36,25,50,50
4740,36,29,50,58
4741,36,30,50,60
4742,36,26,50,52
4743,36,28,50,56
4744,36,27,50,54
4745,36,29,50,58
4746,36,25,50,50
4747,36,23,50,46
4748,36,25,50,50
4749,36,25,50,50
4750,36,23,50,46
4751,36,23,50,46
4752,36,32,50,64
4753,36,21,50,42
4754,36,36,50,72
4755,36,19,50,38
4756,36,27,50,54
4757,36,22,50,44
4758,36,22,50,44
4759,36,23,50,46
4760,36,23,50,46
4761,36,31,50,62
4762,36,32,50,64
4763,36,23,50,46
4764,36,33,50,66
4765,36,21,50,42
4766,36,25,50,50
4767,36,22,50,44
4768,36,25,50,50
4769,36,24,50,48
4770,36,23,50,46
4771,36,29,50,58
4772,36,22,50,44
4773,36,21,50,42
4774,36,39,50,78
4775,36,26,50,52
4776,36,21,50,42
4777,36,31,50,62
4778,36,36,50,72
4779,36,25,50,50
4780,36,23,50,46
4781,36,25,50,50
4782,36,28,50,56
4783,36,24,50,48
4784,36,25,50,50
4785,36,22,50,44
4786,36,27,50,54
4787,36,23,50,46
4788,36,22,50,44
4789,36,25,50,50
4790,36,24,50,48
4791,36,27,50,54
4792,36,32,50,64
4793,36,21,50,42
4794,36,25,50,50
4795,36,23,50,46
4796,36,21,50,42
4797,36,28,50,56
4798,36,25,50,50
4799,36,11,50,22
4800,36,25,50,50
4801,36,30,50,60
4802,36,28,50,56
4803,36,28,50,56
4804,36,21,50,42
4805,36,26,50,52
4806,36,21,50,42
4807,36,28,50,56
4808,36,23,50,46
4809,36,23,50,46
4810,36,25,50,50
4811,36,24,50,48
4812,36,24,50,48
4813,36,25,50,50
4814,36,23,50,46
4815,36,25,50,50
4816,36,25,50,50
4817,36,24,50,48
4818,36,40,50,80
4819,36,24,50,48
4820,36,23,50,46
4821,36,24,50,48
4822,36,23,50,46
4823,36,29,50,58
4824,36,22,50,44
4825,36,28,50,56
4826,36,25,50,50
4827,36,24,50,48
4828,36,27,50,54
4829,36,26,50,52
4830,36,25,50,50
4831,36,23,50,46
4832,36,29,50,58
4833,36,27,50,54
4834,36,22,50,44
4835,36,25,50,50
4836,36,24,50,48
4837,36,29,50,58
4838,36,23,50,46
4839,36,27,50,54
4840,36,23,50,46
4841,36,22,50,44
4842,36,26,50,52
4843,36,23,50,46
4844,36,24,50,48
4845,36,26,50,52
4846,36,26,50,52
4847,36,34,50,68
4848,36,26,50,52
4849,36,23,50,46
4850,36,22,50,44
4851,36,34,50,68
4852,36,34,50,68
4853,36,25,50,50
4854,36,26,50,52
4855,36,25,50,50
4856,36,28,50,56
4857,36,28,50,56
4858,36,21,50,42
4859,36,21,50,42
4860,36,41,50,82
4861,36,22,50,44
4862,36,22,50,44
4863,36,25,50,50
4864,36,23,50,46
4865,36,26,50,52
4866,36,24,50,48
4867,36,24,50,48
4868,36,40,50,80
4869,36,21,50,42
4870,36,23,50,46
4871,36,23,50,46
4872,36,42,50,84
4873,36,42,50,84
4874,36,44,50,88
4875,36,27,50,54
4876,36,23,50,46
4877,36,28,50,56
4878,36,23,50,46
4879,36,25,50,50
4880,36,25,50,50
4881,36,27,50,54
4882,36,27,50,54
4883,36,24,50,48
4884,36,25,50,50
4885,36,24,50,48
4886,36,22,50,44
4887,36,28,50,56
4888,36,25,50,50
4889,36,24,50,48
4890,36,22,50,44
4891,36,23,50,46
4892,36,24,50,48
4893,36,25,50,50
4894,36,26,50,52
4895,36,23,50,46
4896,36,25,50,50
4897,36,24,50,48
4898,36,25,50,50
4899,36,20,50,40
4900,36,23,50,46
4901,36,24,50,48
4902,36,23,50,46
4903,36,25,50,50
4904,36,26,50,52
4905,36,22,50,44
4906,36,23,50,46
4907,36,23,50,46
4908,36,25,50,50
4909,36,22,50,44
4910,36,25,50,50
4911,36,26,50,52
4912,36,24,50,48
4913,36,25,50,50
4914,36,21,50,42
4915,36,23,50,46
4916,36,21,50,42
4917,36,25,50,50
4918,36,34,50,68
4919,36,24,50,48
4920,36,24,50,48
4921,36,25,50,50
4922,36,30,50,60
4923,36,25,50,50
4924,36,24,50,48
4925,36,23,50,46
4926,36,24,50,48
4927,36,22,50,44
4928,36,21,50,42
4929,36,26,50,52
4930,36,23,50,46
4931,36,25,50,50
4932,36,26,50,52
4933,36,24,50,48
4934,36,34,50,68
4935,36,21,50,42
4936,36,21,50,42
4937,36,23,50,46
4938,36,23,50,46
4939,36,21,50,42
4940,36,32,50,64
4941,36,24,50,48
4942,36,23,50,46
4943,36,22,50,44
4944,36,23,50,46
4945,36,22,50,44
4946,36,22,50,44
4947,36,23,50,46
4948,36,23,50,46
4949,36,23,50,46
4950,36,23,50,46
4951,36,24,50,48
4952,36,23,50,46
4953,36,26,50,52
4954,36,26,50,52
4955,36,27,50,54
4956,36,23,50,46
4957,36,25,50,50
4958,36,24,50,48
4959,36,22,50,44
4960,36,22,50,44
4961,36,26,50,52
4962,36,22,50,44
4963,36,25,50,50
4964,36,24,50,48
4965,36,20,50,40
4966,36,21,50,42
4967,36,27,50,54
4968,36,22,50,44
4969,36,25,50,50
4970,36,24,50,48
4971,36,24,50,48
4972,36,26,50,52
4973,36,22,50,44
4974,36,25,50,50
4975,36,24,50,48
4976,36,30,50,60
4977,36,23,50,46
4978,36,27,50,54
4979,36,25,50,50
4980,36,27,50,54
4981,36,24,50,48
4982,36,22,50,44
4983,36,23,50,46
4984,36,21,50,42
4985,36,25,50,50
4986,36,29,50,58
4987,36,23,50,46
4988,36,24,50,48
4989,36,23,50,46
4990,36,24,50,48
4991,36,24,50,48
4992,36,25,50,50
4993,36,25,50,50
4994,36,25,50,50
4995,36,26,50,52
4996,36,22,50,44
4997,36,23,50,46
4998,36,24,50,48
4999,36,23,50,46
5000,36,23,50,46
5001,36,24,50,48
5002,36,26,50,52
5003,36,25,50,50
5004,36,27,50,54
5005,36,25,50,50
5006,36,22,50,44
5007,36,23,50,46
5008,36,23,50,46
5009,36,22,50,44
5010,36,31,50,62
5011,36,24,50,48
5012,36,25,50,50
5013,36,25,50,50
5014,36,26,50,52
5015,36,30,50,60
5016,36,23,50,46
5017,36,24,50,48
5018,36,25,50,50
5019,36,25,50,50
5020,36,24,50,48
5021,36,23,50,46
5022,36,19,50,38
5023,36,24,50,48
5024,36,24,50,48
5025,36,24,50,48
5026,36,24,50,48
5027,36,23,50,46
5028,36,29,50,58
5029,36,24,50,48
5030,36,25,50,50
5031,36,26,50,52
5032,36,26,50,52
5033,36,22,50,44
5034,36,21,50,42
5035,36,25,50,50
5036,36,26,50,52
5037,36,25,50,50
5038,36,23,50,46
5039,36,23,50,46
5040,36,25,50,50
5041,36,24,50,48
5042,36,25,50,50
5043,36,38,50,76
5044,36,26,50,52
5045,36,24,50,48
5046,36,22,50,44
5047,36,27,50,54
5048,36,24,50,48
5049,36,22,50,44
5050,36,23,50,46
5051,36,27,50,54
5052,36,22,50,44
5053,36,23,50,46
5054,36,26,50,52
5055,36,35,50,70
5056,36,25,50,50
5057,36,23,50,46
5058,36,23,50,46
5059,36,23,50,46
5060,36,24,50,48
5061,36,21,50,42
5062,36,24,50,48
5063,36,29,50,58
5064,36,21,50,42
5065,36,23,50,46
5066,36,25,50,50
5067,36,23,50,46
5068,36,25,50,50
5069,36,36,50,72
5070,36,18,50,36
5071,36,23,50,46
5072,36,24,50,48
5073,36,23,50,46
5074,36,21,50,42
5075,36,24,50,48
5076,36,21,50,42
5077,36,25,50,50
5078,36,23,50,46
5079,36,26,50,52
5080,36,24,50,48
5081,36,21,50,42
5082,36,25,50,50
5083,36,21,50,42
5084,36,33,50,66
5085,36,26,50,52
5086,36,22,50,44
5087,36,24,50,48
5088,36,24,50,48
5089,36,23,50,46
5090,36,25,50,50
5091,99,24,50,48
5092,36,27,50,54
5093,36,25,50,50
5094,36,20,50,40
5095,36,23,50,46
5096,36,23,50,46
5097,36,22,50,44
5098,36,24,50,48
5099,36,26,50,52
5100,36,25,50,50
5101,36,24,50,48
5102,36,22,50,44
5103,36,29,50,58
5104,36,20,50,40
5105,36,25,50,50
5106,36,22,50,44
5107,36,24,50,48
5108,36,33,50,66
5109,36,24,50,48
5110,36,25,50,50
5111,36,26,50,52
5112,36,31,50,62
5113,36,24,50,48
5114,36,25,50,50
5115,36,23,50,46
5116,36,24,50,48
5117,36,22,50,44
5118,36,26,50,52
5119,36,27,50,54
5120,36,25,50,50
5121,36,25,50,50
5122,36,28,50,56
5123,36,25,50,50
5124,36,25,50,50
5125,36,24,50,48
5126,36,32,50,64
5127,36,25,50,50
5128,36,23,50,46
5129,36,27,50,54
5130,36,27,50,54
5131,36,23,50,46
5132,36,27,50,54
5133,36,22,50,44
5134,36,23,50,46
5135,36,24,50,48
5136,36,24,50,48
5137,36,24,50,48
5138,36,22,50,44
5139,36,26,50,52
5140,36,21,50,42
5141,36,25,50,50
5142,36,47,50,94
5143,36,22,50,44
5144,36,20,50,40
5145,36,21,50,42
5146,36,23,50,46
5147,36,24,50,48
5148,36,27,50,54
5149,36,26,50,52
5150,36,38,50,76
5151,36,27,50,54
5152,36,23,50,46
5153,36,22,50,44
5154,36,30,50,60
5155,36,25,50,50
5156,36,30,50,60
5157,36,24,50,48
5158,36,27,50,54
5159,36,25,50,50
5160,36,27,50,54
5161,36,24,50,48
5162,36,29,50,58
5163,36,26,50,52
5164,36,27,50,54
5165,36,22,50,44
5166,36,28,50,56
5167,36,26,50,52
5168,36,24,50,48
5169,36,24,50,48
5170,36,25,50,50
5171,36,26,50,52
5172,36,25,50,50
5173,36,25,50,50
5174,36,24,50,48
5175,36,47,50,94
5176,36,22,50,44
5177,36,25,50,50
5178,36,24,50,48
5179,36,24,50,48
5180,36,22,50,44
5181,36,24,50,48
5182,36,25,50,50
5183,36,21,50,42
5184,36,27,50,54
5185,36,13,50,26
5186,36,24,50,48
5187,36,25,50,50
5188,36,25,50,50
5189,36,27,50,54
5190,36,25,50,50
5191,36,27,50,54
5192,36,23,50,46
5193,36,22,50,44
5194,36,22,50,44
5195,36,24,50,48
5196,36,23,50,46
5197,36,24,50,48
5198,36,23,50,46
5199,36,24,50,48
5200,36,35,50,70
5201,36,23,50,46
5202,36,21,50,42
5203,36,25,50,50
5204,36,27,50,54
5205,36,25,50,50
5206,36,23,50,46
5207,36,27,50,54
5208,36,20,50,40
5209,36,22,50,44
5210,36,25,50,50
5211,36,22,50,44
5212,36,23,50,46
5213,36,24,50,48
5214,36,23,50,46
5215,36,22,50,44
5216,36,26,50,52
5217,36,26,50,52
5218,36,23,50,46
5219,36,23,50,46
5220,36,24,50,48
5221,36,23,50,46
5222,36,40,50,80
5223,36,25,50,50
5224,36,24,50,48
5225,36,29,50,58
5226,36,29,50,58
5227,36,23,50,46
5228,36,25,50,50
5229,36,24,50,48
5230,36,21,50,42
5231,36,21,50,42
5232,36,23,50,46
5233,36,24,50,48
5234,36,23,50,46
5235,36,23,50,46
5236,36,28,50,56
5237,36,25,50,50
5238,36,23,50,46
5239,36,24,50,48
5240,36,24,50,48
5241,36,20,50,40
5242,36,33,50,66
5243,36,22,50,44
5244,36,23,50,46
5245,36,25,50,50
5246,36,24,50,48
5247,36,24,50,48
5248,36,22,50,44
5249,36,24,50,48
5250,36,31,50,62
5251,36,23,50,46
5252,36,27,50,54
5253,36,26,50,52
5254,36,25,50,50
5255,36,19,50,38
5256,36,23,50,46
5257,36,22,50,44
5258,36,30,50,60
5259,36,19,50,38
5260,36,21,50,42
5261,36,24,50,48
5262,36,23,50,46
5263,36,27,50,54
5264,36,26,50,52
5265,36,24,50,48
5266,36,23,50,46
5267,36,24,50,48
5268,36,22,50,44
5269,36,21,50,42
5270,36,28,50,56
5271,36,17,50,34
5272,36,23,50,46
5273,36,31,50,62
5274,36,26,50,52
5275,36,23,50,46
5276,36,23,50,46
5277,36,29,50,58
5278,36,24,50,48
5279,36,22,50,44
5280,36,24,50,48
5281,36,30,50,60
5282,36,20,50,40
5283,36,23,50,46
5284,36,22,50,44
5285,36,24,50,48
5286,36,23,50,46
5287,36,22,50,44
5288,36,22,50,44
5289,36,27,50,54
5290,36,44,50,88
5291,36,26,50,52
5292,36,25,50,50
5293,36,25,50,50
5294,36,24,50,48
5295,36,36,50,72
5296,36,23,50,46
5297,36,22,50,44
5298,36,25,50,50
5299,36,22,50,44
5300,36,26,50,52
5301,36,21,50,42
5302,36,32,50,64
5303,36,23,50,46
5304,36,25,50,50
5305,36,28,50,56
5306,36,25,50,50
5307,36,24,50,48
5308,36,24,50,48
5309,36,26,50,52
5310,36,22,50,44
5311,36,21,50,42
5312,36,24,50,48
5313,36,24,50,48
5314,36,25,50,50
5315,36,26,50,52
5316,36,23,50,46
5317,36,23,50,46
5318,36,34,50,68
5319,36,22,50,44
5320,36,19,50,38
5321,36,23,50,46
5322,36,23,50,46
5323,36,24,50,48
5324,36,25,50,50
5325,36,23,50,46
5326,36,28,50,56
5327,36,24,50,48
5328,36,24,50,48
5329,36,19,50,38
5330,36,24,50,48
5331,36,28,50,56
5332,36,25,50,50
5333,36,24,50,48
5334,36,24,50,48
5335,36,21,50,42
5336,36,24,50,48
5337,36,25,50,50
5338,36,22,50,44
5339,36,26,50,52
5340,36,24,50,48
5341,36,23,50,46
5342,36,22,50,44
5343,36,24,50,48
5344,36,23,50,46
5345,36,26,50,52
5346,36,46,50,92
5347,36,24,50,48
5348,36,25,50,50
5349,36,19,50,38
5350,36,31,50,62
5351,36,20,50,40
5352,36,22,50,44
5353,36,27,50,54
5354,36,26,50,52
5355,36,23,50,46
5356,36,23,50,46
5357,36,26,50,52
5358,36,27,50,54
5359,36,21,50,42
5360,36,23,50,46
5361,36,25,50,50
5362,36,23,50,46
5363,36,21,50,42
5364,36,43,50,86
5365,36,22,50,44
5366,36,21,50,42
5367,36,23,50,46
5368,36,24,50,48
5369,36,28,50,56
5370,36,27,50,54
5371,36,21,50,42
5372,36,28,50,56
5373,36,31,50,62
5374,36,30,50,60
5375,36,23,50,46
5376,36,21,50,42
5377,36,32,50,64
5378,36,27,50,54
5379,36,32,50,64
5380,36,25,50,50
5381,36,23,50,46
5382,36,23,50,46
5383,36,24,50,48
5384,36,22,50,44
5385,36,26,50,52
5386,36,21,50,42
5387,36,27,50,54
5388,36,26,50,52
5389,36,24,50,48
5390,36,24,50,48
5391,36,25,50,50
5392,36,22,50,44
5393,36,21,50,42
5394,36,24,50,48
5395,36,22,50,44
5396,36,22,50,44
5397,36,27,50,54
5398,36,24,50,48
5399,36,31,50,62
5400,36,32,50,64
5401,36,22,50,44
5402,36,24,50,48
5403,36,23,50,46
5404,36,20,50,40
5405,36,26,50,52
5406,36,24,50,48
5407,36,24,50,48
5408,36,21,50,42
5409,36,27,50,54
5410,36,22,50,44
5411,36,25,50,50
5412,36,24,50,48
5413,36,23,50,46
5414,36,21,50,42
5415,36,21,50,42
5416,36,21,50,42
5417,36,23,50,46
5418,36,20,50,40
5419,36,22,50,44
5420,36,21,50,42
5421,36,25,50,50
5422,36,24,50,48
5423,36,27,50,54
5424,36,39,50,78
5425,36,24,50,48
5426,36,24,50,48
5427,36,38,50,76
5428,36,24,50,48
5429,36,22,50,44
5430,36,22,50,44
5431,36,24,50,48
5432,36,21,50,42
5433,36,37,50,74
5434,36,29,50,58
5435,36,24,50,48
5436,36,25,50,50
5437,36,24,50,48
5438,36,24,50,48
5439,36,23,50,46
5440,36,26,50,52
5441,36,25,50,50
5442,36,22,50,44
5443,36,23,50,46
5444,36,22,50,44
5445,36,23,50,46
5446,36,24,50,48
5447,36,23,50,46
5448,36,25,50,50
5449,36,22,50,44
5450,36,25,50,50
5451,36,23,50,46
5452,36,22,50,44
5453,36,24,50,48
5454,36,25,50,50
5455,36,25,50,50
5456,36,22,50,44
5457,36,26,50,52
5458,36,26,50,52
5459,36,22,50,44
5460,36,42,50,84
5461,36,35,50,70
5462,36,23,50,46
5463,36,35,50,70
5464,36,24,50,48
5465,36,24,50,48
5466,36,30,50,60
5467,36,24,50,48
5468,36,31,50,62
5469,36,26,50,52
5470,36,23,50,46
5471,36,22,50,44
5472,36,22,50,44
5473,36,23,50,46
5474,36,22,50,44
5475,36,22,50,44
5476,36,23,50,46
5477,36,20,50,40
5478,36,25,50,50
5479,36,30,50,60
5480,36,26,50,52
5481,36,22,50,44
5482,36,21,50,42
5483,36,28,50,56
5484,36,23,50,46
5485,36,31,50,62
5486,36,25,50,50
5487,36,25,50,50
5488,36,24,50,48
5489,36,23,50,46
5490,36,29,50,58
5491,36,22,50,44
5492,36,23,50,46
5493,36,24,50,48
5494,36,23,50,46
5495,36,28,50,56
5496,36,21,50,42
5497,36,27,50,54
5498,36,22,50,44
5499,36,21,50,42
5500,36,27,50,54
5501,36,26,50,52
5502,36,24,50,48
5503,36,25,50,50
5504,36,41,50,82
5505,36,32,50,64
5506,36,23,50,46
5507,36,24,50,48
5508,36,29,50,58
5509,36,24,50,48
5510,36,27,50,54
5511,36,21,50,42
5512,36,21,50,42
5513,36,25,50,50
5514,36,32,50,64
5515,36,22,50,44
5516,36,21,50,42
5517,36,47,50,94
5518,36,27,50,54
5519,36,21,50,42
5520,36,27,50,54
5521,36,20,50,40
5522,36,24,50,48
5523,36,24,50,48
5524,36,24,50,48
5525,36,35,50,70
5526,36,26,50,52
5527,36,23,50,46
5528,36,24,50,48
5529,36,25,50,50
5530,36,27,50,54
5531,36,23,50,46
5532,36,24,50,48
5533,36,26,50,52
5534,36,23,50,46
5535,36,25,50,50
5536,36,23,50,46
5537,36,33,50,66
5538,36,20,50,40
5539,36,18,50,36
5540,36,28,50,56
5541,36,24,50,48
5542,36,21,50,42
5543,36,25,50,50
5544,36,20,50,40
5545,36,27,50,54
5546,36,24,50,48
5547,36,24,50,48
5548,36,24,50,48
5549,36,19,50,38
5550,36,23,50,46
5551,36,26,50,52
5552,36,21,50,42
5553,36,22,50,44
5554,36,24,50,48
5555,36,40,50,80
5556,36,32,50,64
5557,36,23,50,46
5558,36,21,50,42
5559,36,24,50,48
5560,36,21,50,42
5561,36,27,50,54
5562,36,27,50,54
5563,36,21,50,42
5564,36,25,50,50
5565,36,20,50,40
5566,36,24,50,48
5567,36,24,50,48
5568,36,26,50,52
5569,36,20,50,40
5570,36,41,50,82
5571,36,27,50,54
5572,36,24,50,48
5573,36,25,50,50
5574,36,24,50,48
5575,36,33,50,66
5576,36,23,50,46
5577,36,24,50,48
5578,36,23,50,46
5579,36,24,50,48
5580,36,23,50,46
5581,36,25,50,50
5582,36,26,50,52
5583,36,23,50,46
5584,36,26,50,52
5585,36,24,50,48
5586,36,24,50,48
5587,36,17,50,34
5588,36,26,50,52
5589,36,23,50,46
5590,36,20,50,40
5591,36,22,50,44
5592,36,24,50,48
5593,36,22,50,44
5594,36,27,50,54
5595,36,22,50,44
5596,36,24,50,48
5597,36,24,50,48
5598,36,23,50,46
5599,36,32,50,64
5600,36,23,50,46
5601,36,25,50,50
5602,36,21,50,42
5603,36,24,50,48
5604,36,21,50,42
5605,36,23,50,46
5606,36,24,50,48
5607,36,21,50,42
5608,36,22,50,44
5609,36,26,50,52
5610,36,24,50,48
5611,36,21,50,42
5612,36,24,50,48
5613,36,23,50,46
5614,36,21,50,42
5615,36,23,50,46
5616,36,22,50,44
5617,36,26,50,52
5618,36,26,50,52
5619,36,22,50,44
5620,36,21,50,42
5621,36,24,50,48
5622,36,24,50,48
5623,36,21,50,42
5624,36,21,50,42
5625,36,22,50,44
5626,36,26,50,52
5627,36,30,50,60
5628,36,23,50,46
5629,36,22,50,44
5630,36,28,50,56
5631,36,22,50,44
5632,36,20,50,40
5633,36,27,50,54
5634,36,22,50,44
5635,36,25,50,50
5636,36,23,50,46
5637,36,22,50,44
5638,36,20,50,40
5639,36,22,50,44
5640,36,24,50,48
5641,36,21,50,42
5642,36,24,50,48
5643,36,24,50,48
5644,36,25,50,50
5645,36,25,50,50
5646,36,24,50,48
5647,36,23,50,46
5648,36,24,50,48
5649,36,23,50,46
5650,36,21,50,42
5651,36,22,50,44
5652,36,23,50,46
5653,36,22,50,44
5654,36,24,50,48
5655,36,21,50,42
5656,36,21,50,42
5657,36,22,50,44
5658,36,23,50,46
5659,36,24,50,48
5660,36,22,50,44
5661,36,23,50,46
5662,36,24,50,48
5663,36,22,50,44
5664,36,22,50,44
5665,36,22,50,44
5666,36,32,50,64
5667,36,26,50,52
5668,36,22,50,44
5669,36,25,50,50
5670,36,24,50,48
5671,36,23,50,46
5672,36,23,50,46
5673,36,21,50,42
5674,36,21,50,42
5675,36,23,50,46
5676,36,21,50,42
5677,36,22,50,44
5678,36,22,50,44
5679,36,22,50,44
5680,36,28,50,56
5681,36,24,50,48
5682,36,24,50,48
5683,36,23,50,46
5684,36,24,50,48
5685,36,19,50,38
5686,36,25,50,50
5687,36,29,50,58
5688,36,24,50,48
5689,36,23,50,46
5690,36,23,50,46
5691,36,25,50,50
5692,36,21,50,42
5693,36,22,50,44
5694,36,26,50,52
5695,36,25,50,50
5696,36,27,50,54
5697,36,27,50,54
5698,36,23,50,46
5699,36,23,50,46
5700,36,22,50,44
5701,36,36,50,72
5702,36,23,50,46
5703,36,25,50,50
5704,36,24,50,48
5705,36,23,50,46
5706,36,34,50,68
5707,36,22,50,44
5708,36,21,50,42
5709,36,25,50,50
5710,36,25,50,50
5711,36,22,50,44
5712,36,25,50,50
5713,36,25,50,50
5714,36,22,50,44
5715,36,24,50,48
5716,36,22,50,44
5717,36,25,50,50
5718,36,24,50,48
5719,36,22,50,44
5720,36,24,50,48
5721,36,19,50,38
5722,36,23,50,46
5723,36,28,50,56
5724,36,22,50,44
5725,36,23,50,46
5726,36,23,50,46
5727,36,23,50,46
5728,36,21,50,42
5729,36,25,50,50
5730,36,24,50,48
5731,36,21,50,42
5732,36,23,50,46
5733,36,24,50,48
5734,36,22,50,44
5735,36,23,50,46
5736,36,24,50,48
5737,36,24,50,48
5738,36,22,50,44
5739,36,24,50,48
5740,36,25,50,50
5741,36,25,50,50
5742,36,20,50,40
5743,36,23,50,46
5744,36,29,50,58
5745,36,21,50,42
5746,36,23,50,46
5747,36,30,50,60
5748,36,25,50,50
5749,36,24,50,48
5750,36,20,50,40
5751,36,24,50,48
5752,36,21,50,42
5753,36,21,50,42
5754,36,24,50,48
5755,36,22,50,44
5756,36,28,50,56
5757,36,25,50,50
5758,36,24,50,48
5759,36,29,50,58
5760,36,21,50,42
5761,36,21,50,42
5762,36,22,50,44
5763,36,25,50,50
5764,36,25,50,50
5765,36,23,50,46
5766,36,19,50,38
5767,36,33,50,66
5768,36,23,50,46
5769,36,23,50,46
5770,36,24,50,48
5771,36,24,50,48
5772,36,23,50,46
5773,36,19,50,38
5774,36,22,50,44
5775,36,24,50,48
5776,36,23,50,46
5777,36,21,50,42
5778,36,22,50,44
5779,36,24,50,48
5780,36,25,50,50
5781,36,23,50,46
5782,36,23,50,46
5783,36,25,50,50
5784,36,22,50,44
5785,36,22,50,44
5786,36,22,50,44
5787,36,24,50,48
5788,36,25,50,50
5789,36,22,50,44
5790,36,21,50,42
5791,36,25,50,50
5792,36,23,50,46
5793,36,21,50,42
5794,36,25,50,50
5795,36,20,50,40
5796,36,21,50,42
5797,36,25,50,50
5798,36,26,50,52
5799,36,22,50,44
5800,36,30,50,60
5801,36,25,50,50
5802,36,28,50,56
5803,36,23,50,46
5804,36,23,50,46
5805,36,22,50,44
5806,36,21,50,42
5807,36,24,50,48
5808,36,22,50,44
5809,36,23,50,46
5810,36,26,50,52
5811,36,26,50,52
5812,36,21,50,42
5813,36,25,50,50
5814,36,38,50,76
5815,36,26,50,52
5816,36,21,50,42
5817,36,32,50,64
5818,36,23,50,46
5819,36,25,50,50
5820,36,21,50,42
5821,36,25,50,50
5822,36,34,50,68
5823,36,26,50,52
5824,36,22,50,44
5825,36,23,50,46
5826,36,24,50,48
5827,36,23,50,46
5828,36,23,50,46
5829,36,25,50,50
5830,36,21,50,42
5831,36,20,50,40
5832,36,27,50,54
5833,36,27,50,54
5834,36,24,50,48
5835,36,25,50,50
5836,36,24,50,48
5837,36,24,50,48
5838,36,22,50,44
5839,36,21,50,42
5840,36,20,50,40
5841,36,26,50,52
5842,36,21,50,42
5843,36,21,50,42
5844,36,41,50,82
5845,36,22,50,44
5846,36,25,50,50
5847,36,27,50,54
5848,36,25,50,50
5849,36,23,50,46
5850,36,23,50,46
5851,36,22,50,44
5852,36,24,50,48
5853,36,23,50,46
5854,36,22,50,44
5855,36,22,50,44
5856,36,19,50,38
5857,36,18,50,36
5858,36,24,50,48
5859,36,28,50,56
5860,36,28,50,56
5861,36,24,50,48
5862,36,27,50,54
5863,36,21,50,42
5864,36,28,50,56
5865,36,24,50,48
5866,36,31,50,62
5867,36,21,50,42
5868,36,23,50,46
5869,36,21,50,42
5870,36,23,50,46
5871,36,26,50,52
5872,36,25,50,50
5873,36,22,50,44
5874,36,23,50,46
5875,36,20,50,40
5876,36,21,50,42
5877,36,24,50,48
5878,36,23,50,46
5879,36,20,50,40
5880,36,26,50,52
5881,36,21,50,42
5882,36,21,50,42
5883,36,25,50,50
5884,36,24,50,48
5885,36,22,50,44
5886,36,29,50,58
5887,36,28,50,56
5888,36,24,50,48
5889,36,29,50,58
5890,36,25,50,50
5891,36,21,50,42
5892,36,23,50,46
5893,36,24,50,48
5894,36,24,50,48
5895,36,17,50,34
5896,36,26,50,52
5897,36,22,50,44
5898,36,31,50,62
5899,36,23,50,46
5900,36,24,50,48
5901,36,26,50,52
5902,36,25,50,50
5903,36,21,50,42
5904,36,24,50,48
5905,36,22,50,44
5906,36,23,50,46
5907,36,22,50,44
5908,36,23,50,46
5909,36,20,50,40
5910,36,23,50,46
5911,36,24,50,48
5912,36,21,50,42
5913,36,25,50,50
5914,36,23,50,46
5915,36,24,50,48
5916,36,24,50,48
5917,36,25,50,50
5918,36,26,50,52
5919,36,21,50,42
5920,36,21,50,42
5921,36,23,50,46
5922,36,21,50,42
5923,36,25,50,50
5924,36,24,50,48
5925,36,24,50,48
5926,36,20,50,40
5927,36,21,50,42
5928,36,22,50,44
5929,36,23,50,46
5930,36,21,50,42
5931,36,27,50,54
5932,36,24,50,48
5933,36,23,50,46
5934,36,22,50,44
5935,36,23,50,46
5936,36,19,50,38
5937,36,22,50,44
5938,36,22,50,44
5939,36,18,50,36
5940,36,22,50,44
5941,36,20,50,40
5942,36,23,50,46
5943,36,24,50,48
5944,36,25,50,50
5945,36,24,50,48
5946,36,26,50,52
5947,36,24,50,48
5948,36,24,50,48
5949,36,24,50,48
5950,36,23,50,46
5951,36,21,50,42
5952,36,32,50,64
5953,36,19,50,38
5954,36,20,50,40
5955,36,22,50,44
5956,36,21,50,42
5957,36,24,50,48
5958,36,25,50,50
5959,36,24,50,48
5960,36,19,50,38
5961,36,28,50,56
5962,36,22,50,44
5963,36,23,50,46
5964,36,23,50,46
5965,36,25,50,50
5966,36,26,50,52
5967,36,36,50,72
5968,36,24,50,48
5969,36,25,50,50
5970,36,31,50,62
5971,36,21,50,42
5972,36,24,50,48
5973,36,23,50,46
5974,36,25,50,50
5975,36,29,50,58
5976,36,24,50,48
5977,36,25,50,50
5978,36,28,50,56
5979,36,24,50,48
5980,36,19,50,38
5981,36,21,50,42
5982,36,22,50,44
5983,36,23,50,46
5984,36,21,50,42
5985,36,25,50,50
5986,36,24,50,48
5987,36,27,50,54
5988,36,22,50,44
5989,36,23,50,46
5990,36,25,50,50
5991,36,23,50,46
5992,36,23,50,46
5993,36,25,50,50
5994,36,23,50,46
5995,36,19,50,38
5996,36,22,50,44
5997,36,22,50,44
5998,36,21,50,42
5999,36,25,50,50
6000,36,21,50,42
6001,36,24,50,48
6002,36,23,50,46
6003,36,24,50,48
6004,36,34,50,68
6005,36,22,50,44
6006,36,22,50,44
6007,36,30,50,60
6008,36,29,50,58
6009,36,24,50,48
6010,36,21,50,42
6011,36,21,50,42
6012,36,19,50,38
6013,36,37,50,74
6014,36,26,50,52
6015,36,25,50,50
6016,36,23,50,46
6017,36,22,50,44
6018,36,22,50,44
6019,36,23,50,46
6020,36,22,50,44
6021,36,23,50,46
6022,36,22,50,44
6023,36,30,50,60
6024,36,28,50,56
6025,36,20,50,40
6026,36,23,50,46
6027,36,40,50,80
6028,36,23,50,46
6029,36,25,50,50
6030,36,33,50,66
6031,36,24,50,48
6032,36,23,50,46
6033,36,23,50,46
6034,36,33,50,66
6035,36,34,50,68
6036,36,44,50,88
6037,36,41,50,82
6038,36,38,50,76
6039,36,34,50,68
6040,36,25,50,50
6041,36,26,50,52
6042,36,27,50,54
6043,36,23,50,46
6044,36,22,50,44
6045,36,22,50,44
6046,36,21,50,42
6047,36,25,50,50
6048,36,18,50,36
6049,36,24,50,48
6050,36,25,50,50
6051,36,23,50,46
6052,36,21,50,42
6053,36,35,50,70
6054,36,30,50,60
6055,36,21,50,42
6056,36,20,50,40
6057,36,19,50,38
6058,36,22,50,44
6059,36,23,50,46
6060,36,22,50,44
6061,36,24,50,48
6062,36,27,50,54
6063,36,25,50,50
6064,36,23,50,46
6065,36,22,50,44
6066,36,20,50,40
6067,36,22,50,44
6068,36,21,50,42
6069,36,39,50,78
6070,36,23,50,46
6071,36,23,50,46
6072,36,21,50,42
6073,36,20,50,40
6074,36,25,50,50
6075,36,24,50,48
6076,36,20,50,40
6077,36,22,50,44
6078,36,39,50,78
6079,36,33,50,66
6080,36,19,50,38
6081,36,23,50,46
6082,36,23,50,46
6083,36,31,50,62
6084,36,22,50,44
6085,36,22,50,44
6086,36,23,50,46
6087,36,22,50,44
6088,36,23,50,46
6089,36,22,50,44
6090,36,21,50,42
6091,36,20,50,40
6092,36,25,50,50
6093,36,22,50,44
6094,36,23,50,46
6095,36,22,50,44
6096,36,24,50,48
6097,36,20,50,40
6098,36,41,50,82
6099,36,25,50,50
6100,36,42,50,84
6101,36,42,50,84
6102,36,46,50,92
6103,36,23,50,46
6104,36,41,50,82
6105,36,30,50,60
6106,36,27,50,54
6107,36,30,50,60
6108,36,22,50,44
6109,36,19,50,38
6110,36,41,50,82
6111,36,22,50,44
6112,36,24,50,48
6113,36,24,50,48
6114,36,21,50,42
6115,36,25,50,50
6116,36,24,50,48
6117,36,21,50,42
6118,36,22,50,44
6119,36,31,50,62
6120,36,23,50,46
6121,36,30,50,60
6122,36,24,50,48
6123,36,24,50,48
6124,36,48,50,96
6125,36,25,50,50
6126,36,23,50,46
6127,36,23,50,46
6128,36,23,50,46
6129,36,31,50,62
6130,36,22,50,44
6131,36,21,50,42
6132,36,25,50,50
6133,36,23,50,46
6134,36,23,50,46
6135,36,27,50,54
6136,36,20,50,40
6137,36,24,50,48
6138,36,21,50,42
6139,36,37,50,74
6140,36,22,50,44
6141,36,22,50,44
6142,36,25,50,50
6143,36,29,50,58
6144,36,27,50,54
6145,36,23,50,46
6146,36,23,50,46
6147,36,26,50,52
6148,36,23,50,46
6149,36,26,50,52
6150,36,23,50,46
6151,36,20,50,40
6152,36,21,50,42
6153,36,26,50,52
6154,36,22,50,44
6155,36,28,50,56
6156,36,21,50,42
6157,36,23,50,46
6158,36,21,50,42
6159,36,26,50,52
6160,36,23,50,46
6161,36,22,50,44
6162,36,24,50,48
6163,36,22,50,44
6164,36,22,50,44
6165,36,24,50,48
6166,36,24,50,48
6167,36,25,50,50
6168,36,19,50,38
6169,36,25,50,50
6170,36,23,50,46
6171,36,36,50,72
6172,36,23,50,46
6173,36,25,50,50
6174,36,22,50,44
6175,36,38,50,76
6176,36,28,50,56
6177,36,26,50,52
6178,36,26,50,52
6179,36,31,50,62
6180,36,21,50,42
6181,36,38,50,76
6182,36,21,50,42
6183,36,19,50,38
6184,36,31,50,62
6185,36,22,50,44
6186,36,24,50,48
6187,36,23,50,46
6188,36,21,50,42
6189,36,25,50,50
6190,36,21,50,42
6191,36,23,50,46
6192,36,34,50,68
6193,36,32,50,64
6194,36,24,50,48
6195,36,22,50,44
6196,36,24,50,48
6197,36,23,50,46
6198,36,24,50,48
6199,36,26,50,52
6200,36,25,50,50
6201,36,22,50,44
6202,36,23,50,46
6203,36,23,50,46
6204,36,40,50,80
6205,36,23,50,46
6206,36,25,50,50
6207,36,21,50,42
6208,36,24,50,48
6209,36,19,50,38
6210,36,20,50,40
6211,36,21,50,42
6212,36,32,50,64
6213,36,19,50,38
6214,36,20,50,40
6215,36,23,50,46
6216,36,23,50,46
6217,36,26,50,52
6218,36,32,50,64
6219,36,24,50,48
6220,36,20,50,40
6221,36,28,50,56
6222,36,25,50,50
6223,36,22,50,44
6224,36,23,50,46
6225,36,21,50,42
6226,36,23,50,46
6227,36,23,50,46
6228,36,20,50,40
6229,36,23,50,46
6230,36,24,50,48
6231,36,23,50,46
6232,36,23,50,46
6233,36,22,50,44
6234,36,25,50,50
6235,36,24,50,48
6236,36,35,50,70
6237,36,21,50,42
6238,36,23,50,46
6239,36,21,50,42
6240,36,25,50,50
6241,36,24,50,48
6242,36,23,50,46
6243,36,22,50,44
6244,36,24,50,48
6245,36,22,50,44
6246,36,22,50,44
6247,36,22,50,44
6248,36,23,50,46
6249,36,23,50,46
6250,36,21,50,42
6251,36,20,50,40
6252,36,24,50,48
6253,36,24,50,48
6254,36,22,50,44
6255,36,22,50,44
6256,36,21,50,42
6257,36,21,50,42
6258,36,29,50,58
6259,36,41,50,82
6260,36,23,50,46
6261,36,19,50,38
6262,36,23,50,46
6263,36,23,50,46
6264,36,24,50,48
6265,36,22,50,44
6266,36,26,50,52
6267,36,18,50,36
6268,36,20,50,40
6269,36,23,50,46
6270,36,27,50,54
6271,36,24,50,48
6272,36,23,50,46
6273,36,20,50,40
6274,36,22,50,44
6275,36,23,50,46
6276,36,28,50,56
6277,36,25,50,50
6278,36,21,50,42
6279,36,21,50,42
6280,36,23,50,46
6281,36,22,50,44
6282,36,24,50,48
6283,36,26,50,52
6284,36,21,50,42
6285,36,24,50,48
6286,36,24,50,48
6287,36,23,50,46
6288,36,30,50,60
6289,36,21,50,42
6290,36,22,50,44
6291,36,22,50,44
6292,36,24,50,48
6293,36,27,50,54
6294,36,36,50,72
6295,36,22,50,44
6296,36,29,50,58
6297,36,23,50,46
6298,36,23,50,46
6299,36,33,50,66
6300,36,23,50,46
6301,36,23,50,46
6302,36,26,50,52
6303,36,35,50,70
6304,36,40,50,80
6305,36,24,50,48
6306,36,23,50,46
6307,36,22,50,44
6308,36,22,50,44
6309,36,20,50,40
6310,36,23,50,46
6311,36,22,50,44
6312,36,22,50,44
6313,36,23,50,46
6314,36,25,50,50
6315,36,24,50,48
6316,36,25,50,50
6317,36,28,50,56
6318,36,24,50,48
6319,36,24,50,48
6320,36,22,50,44
6321,36,22,50,44
6322,36,21,50,42
6323,36,20,50,40
6324,36,24,50,48
6325,36,26,50,52
6326,36,22,50,44
6327,36,25,50,50
6328,36,21,50,42
6329,36,22,50,44
6330,36,24,50,48
6331,36,24,50,48
6332,36,25,50,50
6333,36,23,50,46
6334,36,27,50,54
6335,36,24,50,48
6336,36,33,50,66
6337,36,23,50,46
6338,36,23,50,46
6339,36,28,50,56
6340,36,22,50,44
6341,36,24,50,48
6342,36,24,50,48
6343,36,22,50,44
6344,36,40,50,80
6345,36,24,50,48
6346,36,21,50,42
6347,36,20,50,40
6348,36,22,50,44
6349,36,22,50,44
6350,36,23,50,46
6351,36,26,50,52
6352,36,22,50,44
6353,36,44,50,88
6354,36,20,50,40
6355,36,21,50,42
6356,36,22,50,44
6357,36,23,50,46
6358,36,41,50,82
6359,36,40,50,80
6360,36,23,50,46
6361,36,25,50,50
6362,36,21,50,42
6363,36,20,50,40
6364,36,22,50,44
6365,36,24,50,48
6366,36,22,50,44
6367,36,21,50,42
6368,36,28,50,56
6369,36,21,50,42
6370,36,23,50,46
6371,36,23,50,46
6372,36,31,50,62
6373,36,25,50,50
6374,36,23,50,46
6375,36,25,50,50
6376,36,23,50,46
6377,36,21,50,42
6378,36,20,50,40
6379,36,23,50,46
6380,36,23,50,46
6381,36,24,50,48
6382,36,25,50,50
6383,36,26,50,52
6384,36,25,50,50
6385,36,28,50,56
6386,36,22,50,44
6387,36,25,50,50
6388,36,19,50,38
6389,36,22,50,44
6390,36,23,50,46
6391,36,21,50,42
6392,36,22,50,44
6393,36,32,50,64
6394,36,39,50,78
6395,36,21,50,42
6396,36,23,50,46
6397,36,25,50,50
6398,36,19,50,38
6399,36,30,50,60
6400,36,24,50,48
6401,36,22,50,44
6402,36,23,50,46
6403,36,18,50,36
6404,36,24,50,48
6405,36,19,50,38
6406,36,21,50,42
6407,36,22,50,44
6408,36,25,50,50
6409,36,26,50,52
6410,36,21,50,42
6411,36,34,50,68
6412,36,22,50,44
6413,36,24,50,48
6414,36,23,50,46
6415,36,24,50,48
6416,36,24,50,48
6417,36,18,50,36
6418,36,19,50,38
6419,36,20,50,40
6420,36,28,50,56
6421,36,33,50,66
6422,36,25,50,50
6423,36,40,50,80
6424,36,23,50,46
6425,36,25,50,50
6426,36,25,50,50
6427,36,24,50,48
6428,36,26,50,52
6429,36,24,50,48
6430,36,24,50,48
6431,36,23,50,46
6432,36,23,50,46
6433,36,24,50,48
6434,36,38,50,76
6435,36,23,50,46
6436,36,23,50,46
6437,36,24,50,48
6438,36,24,50,48
6439,36,23,50,46
6440,36,24,50,48
6441,36,21,50,42
6442,36,24,50,48
6443,36,23,50,46
6444,36,35,50,70
6445,36,23,50,46
6446,36,23,50,46
6447,36,21,50,42
6448,36,22,50,44
6449,36,25,50,50
6450,36,25,50,50
6451,36,22,50,44
6452,36,25,50,50
6453,36,20,50,40
6454,36,36,50,72
6455,36,23,50,46
6456,36,26,50,52
6457,36,25,50,50
6458,36,23,50,46
6459,36,35,50,70
6460,36,27,50,54
6461,36,21,50,42
6462,36,24,50,48
6463,36,23,50,46
6464,36,23,50,46
6465,36,22,50,44
6466,36,22,50,44
6467,36,21,50,42
6468,36,25,50,50
6469,36,23,50,46
6470,36,24,50,48
6471,36,23,50,46
6472,36,23,50,46
6473,36,22,50,44
6474,36,23,50,46
6475,36,22,50,44
6476,36,21,50,42
6477,36,20,50,40
6478,36,24,50,48
6479,36,27,50,54
6480,36,22,50,44
6481,36,21,50,42
6482,36,22,50,44
6483,36,19,50,38
6484,36,25,50,50
6485,36,22,50,44
6486,36,35,50,70
6487,36,25,50,50
6488,36,35,50,70
6489,36,19,50,38
6490,36,21,50,42
6491,36,25,50,50
6492,36,26,50,52
6493,36,24,50,48
6494,36,21,50,42
6495,36,25,50,50
6496,36,24,50,48
6497,36,24,50,48
6498,36,29,50,58
6499,36,21,50,42
6500,36,23,50,46
6501,36,22,50,44
6502,36,24,50,48
6503,36,27,50,54
6504,36,21,50,42
6505,36,22,50,44
6506,36,25,50,50
6507,36,21,50,42
6508,36,26,50,52
6509,36,22,50,44
6510,36,21,50,42
6511,36,24,50,48
6512,36,29,50,58
6513,36,24,50,48
6514,36,24,50,48
6515,36,33,50,66
6516,36,22,50,44
6517,36,22,50,44
6518,36,22,50,44
6519,36,21,50,42
6520,36,22,50,44
6521,36,20,50,40
6522,36,23,50,46
6523,36,21,50,42
6524,36,27,50,54
6525,36,22,50,44
6526,36,24,50,48
6527,36,23,50,46
6528,36,24,50,48
6529,36,21,50,42
6530,36,22,50,44
6531,36,23,50,46
6532,36,20,50,40
6533,36,24,50,48
6534,36,20,50,40
6535,36,21,50,42
6536,36,23,50,46
6537,36,32,50,64
6538,36,23,50,46
6539,36,21,50,42
6540,36,22,50,44
6541,36,22,50,44
6542,36,22,50,44
6543,36,23,50,46
6544,36,23,50,46
6545,36,32,50,64
6546,36,23,50,46
6547,36,23,50,46
6548,36,26,50,52
6549,36,23,50,46
6550,36,24,50,48
6551,36,25,50,50
6552,36,21,50,42
6553,36,23,50,46
6554,36,25,50,50
6555,36,22,50,44
6556,36,21,50,42
6557,36,21,50,42
6558,36,24,50,48
6559,36,38,50,76
6560,36,24,50,48
6561,36,21,50,42
6562,36,18,50,36
6563,36,22,50,44
6564,36,23,50,46
6565,36,21,50,42
6566,36,21,50,42
6567,36,22,50,44
6568,36,23,50,46
6569,36,21,50,42
6570,36,22,50,44
6571,36,22,50,44
6572,36,24,50,48
6573,36,20,50,40
6574,36,22,50,44
6575,36,24,50,48
6576,36,24,50,48
6577,36,22,50,44
6578,36,21,50,42
6579,36,47,50,94
6580,36,25,50,50
6581,36,23,50,46
6582,36,24,50,48
6583,36,22,50,44
6584,36,22,50,44
6585,36,23,50,46
6586,36,21,50,42
6587,36,36,50,72
6588,36,24,50,48
6589,36,22,50,44
6590,36,22,50,44
6591,36,23,50,46
6592,36,25,50,50
6593,36,22,50,44
6594,36,23,50,46
6595,36,24,50,48
6596,36,22,50,44
6597,36,21,50,42
6598,36,27,50,54
6599,36,21,50,42
6600,36,22,50,44
6601,36,24,50,48
6602,36,19,50,38
6603,36,25,50,50
6604,36,21,50,42
6605,36,31,50,62
6606,36,19,50,38
6607,36,22,50,44
6608,36,24,50,48
6609,36,31,50,62
6610,36,27,50,54
6611,36,40,50,80
6612,36,23,50,46
6613,36,38,50,76
6614,36,23,50,46
6615,36,22,50,44
6616,36,40,50,80
6617,36,23,50,46
6618,36,25,50,50
6619,36,20,50,40
6620,36,22,50,44
6621,36,21,50,42
6622,36,22,50,44
6623,36,34,50,68
6624,36,24,50,48
6625,36,29,50,58
6626,36,21,50,42
6627,36,23,50,46
6628,36,22,50,44
6629,36,22,50,44
6630,36,23,50,46
6631,36,37,50,74
6632,36,23,50,46
6633,36,21,50,42
6634,36,21,50,42
6635,36,22,50,44
6636,36,25,50,50
6637,36,24,50,48
6638,36,24,50,48
6639,36,23,50,46
6640,36,21,50,42
6641,36,22,50,44
6642,36,24,50,48
6643,36,22,50,44
6644,36,23,50,46
6645,36,23,50,46
6646,36,28,50,56
6647,36,22,50,44
6648,36,34,50,68
6649,36,22,50,44
6650,36,22,50,44
6651,36,21,50,42
6652,36,21,50,42
6653,36,22,50,44
6654,36,22,50,44
6655,36,22,50,44
6656,36,24,50,48
6657,36,28,50,56
6658,36,20,50,40
6659,36,20,50,40
6660,36,23,50,46
6661,36,20,50,40
6662,36,20,50,40
6663,36,21,50,42
6664,36,25,50,50
6665,36,27,50,54
6666,36,19,50,38
6667,36,21,50,42
6668,36,25,50,50
6669,36,22,50,44
6670,36,33,50,66
6671,36,22,50,44
6672,36,24,50,48
6673,36,23,50,46
6674,36,24,50,48
6675,36,24,50,48
6676,36,23,50,46
6677,36,26,50,52
6678,36,22,50,44
6679,36,23,50,46
6680,36,24,50,48
6681,36,19,50,38
6682,36,23,50,46
6683,36,26,50,52
6684,36,23,50,46
6685,36,24,50,48
6686,36,23,50,46
6687,36,23,50,46
6688,36,24,50,48
6689,36,19,50,38
6690,36,24,50,48
6691,36,23,50,46
6692,36,23,50,46
6693,36,22,50,44
6694,36,23,50,46
6695,36,24,50,48
6696,36,23,50,46
6697,36,23,50,46
6698,36,22,50,44
6699,36,24,50,48
6700,36,26,50,52
6701,36,24,50,48
6702,36,19,50,38
6703,36,43,50,86
6704,36,24,50,48
6705,36,24,50,48
6706,36,21,50,42
6707,36,20,50,40
6708,36,21,50,42
6709,36,22,50,44
6710,36,21,50,42
6711,36,23,50,46
6712,36,23,50,46
6713,36,24,50,48
6714,36,24,50,48
6715,36,23,50,46
6716,36,24,50,48
6717,36,23,50,46
6718,36,22,50,44
6719,36,21,50,42
6720,36,48,50,96
6721,36,20,50,40
6722,36,20,50,40
6723,36,24,50,48
6724,36,28,50,56
6725,36,24,50,48
6726,36,35,50,70
6727,36,20,50,40
6728,36,20,50,40
6729,36,20,50,40
6730,36,23,50,46
6731,36,24,50,48
6732,36,25,50,50
6733,36,21,50,42
6734,36,23,50,46
6735,36,22,50,44
6736,36,20,50,40
6737,36,23,50,46
6738,36,21,50,42
6739,36,19,50,38
6740,36,24,50,48
6741,36,23,50,46
6742,36,23,50,46
6743,36,24,50,48
6744,36,24,50,48
6745,36,25,50,50
6746,36,22,50,44
6747,36,25,50,50
6748,36,22,50,44
6749,36,22,50,44
6750,36,22,50,44
6751,36,29,50,58
6752,36,22,50,44
6753,36,23,50,46
6754,36,30,50,60
6755,36,20,50,40
6756,36,24,50,48
6757,36,24,50,48
6758,36,22,50,44
6759,36,27,50,54
6760,36,33,50,66
6761,36,24,50,48
6762,36,22,50,44
6763,36,22,50,44
6764,36,20,50,40
6765,36,19,50,38
6766,36,22,50,44
6767,36,19,50,38
6768,36,24,50,48
6769,36,20,50,40
6770,36,23,50,46
6771,36,20,50,40
6772,36,26,50,52
6773,36,22,50,44
6774,36,22,50,44
6775,36,21,50,42
6776,36,25,50,50
6777,36,25,50,50
6778,36,21,50,42
6779,36,33,50,66
6780,36,33,50,66
6781,36,22,50,44
6782,36,24,50,48
6783,36,22,50,44
6784,36,22,50,44
6785,36,23,50,46
6786,36,26,50,52
6787,36,24,50,48
6788,36,26,50,52
6789,36,19,50,38
6790,36,29,50,58
6791,36,37,50,74
6792,36,22,50,44
6793,36,22,50,44
6794,36,22,50,44
6795,36,20,50,40
6796,36,26,50,52
6797,36,20,50,40
6798,36,23,50,46
6799,36,21,50,42
6800,36,22,50,44
6801,36,21,50,42
6802,36,22,50,44
6803,36,40,50,80
6804,36,22,50,44
6805,36,40,50,80
6806,36,23,50,46
6807,36,20,50,40
6808,36,21,50,42
6809,36,41,50,82
6810,36,24,50,48
6811,36,24,50,48
6812,36,22,50,44
6813,36,23,50,46
6814,36,22,50,44
6815,36,21,50,42
6816,36,22,50,44
6817,36,22,50,44
6818,36,21,50,42
6819,36,20,50,40
6820,36,21,50,42
6821,36,22,50,44
6822,36,19,50,38
6823,36,21,50,42
6824,36,23,50,46
6825,36,23,50,46
6826,36,23,50,46
6827,36,20,50,40
6828,36,21,50,42
6829,36,19,50,38
6830,36,42,50,84
6831,36,33,50,66
6832,36,23,50,46
6833,36,21,50,42
6834,36,22,50,44
6835,36,20,50,40
6836,36,25,50,50
6837,36,22,50,44
6838,36,19,50,38
6839,36,23,50,46
6840,36,23,50,46
6841,36,21,50,42
6842,36,21,50,42
6843,36,22,50,44
6844,36,22,50,44
6845,36,26,50,52
6846,36,31,50,62
6847,36,23,50,46
6848,36,23,50,46
6849,36,22,50,44
6850,36,28,50,56
6851,36,21,50,42
6852,36,33,50,66
6853,36,22,50,44
6854,36,24,50,48
6855,36,37,50,74
6856,36,25,50,50
6857,36,24,50,48
6858,14,24,50,48
6859,36,23,50,46
6860,36,25,50,50
6861,36,21,50,42
6862,36,32,50,64
6863,36,22,50,44
6864,36,21,50,42
6865,36,25,50,50
6866,36,23,50,46
6867,36,22,50,44
6868,36,24,50,48
6869,36,24,50,48
6870,36,28,50,56
6871,36,24,50,48
6872,36,27,50,54
6873,36,23,50,46
6874,36,23,50,46
6875,36,22,50,44
6876,36,23,50,46
6877,36,21,50,42
6878,36,22,50,44
6879,36,21,50,42
6880,36,29,50,58
6881,36,20,50,40
6882,36,21,50,42
6883,36,23,50,46
6884,36,24,50,48
6885,36,25,50,50
6886,36,24,50,48
6887,36,23,50,46
6888,36,22,50,44
6889,36,24,50,48
6890,36,24,50,48
6891,36,23,50,46
6892,36,41,50,82
6893,36,19,50,38
6894,36,21,50,42
6895,36,22,50,44
6896,36,28,50,56
6897,36,24,50,48
6898,36,15,50,30
6899,36,22,50,44
6900,36,21,50,42
6901,36,23,50,46
6902,36,25,50,50
6903,36,21,50,42
6904,36,20,50,40
6905,36,23,50,46
6906,36,21,50,42
6907,36,23,50,46
6908,36,21,50,42
6909,36,23,50,46
6910,36,31,50,62
6911,36,37,50,74
6912,36,31,50,62
6913,36,24,50,48
6914,36,22,50,44
6915,36,22,50,44
6916,36,21,50,42
6917,36,18,50,36
6918,36,28,50,56
6919,36,30,50,60
6920,36,18,50,36
6921,36,23,50,46
6922,36,26,50,52
6923,36,24,50,48
6924,36,36,50,72
6925,36,23,50,46
6926,36,22,50,44
6927,36,22,50,44
6928,36,22,50,44
6929,36,23,50,46
6930,36,23,50,46
6931,36,24,50,48
6932,36,21,50,42
6933,36,25,50,50
6934,36,22,50,44
6935,36,23,50,46
6936,36,23,50,46
6937,36,23,50,46
6938,36,24,50,48
6939,36,22,50,44
6940,36,24,50,48
6941,36,21,50,42
6942,36,19,50,38
6943,36,23,50,46
6944,36,23,50,46
6945,36,14,50,28
6946,36,23,50,46
6947,36,22,50,44
6948,36,24,50,48
6949,36,26,50,52
6950,36,23,50,46
6951,36,24,50,48
6952,36,22,50,44
6953,36,21,50,42
6954,36,22,50,44
6955,36,33,50,66
6956,36,25,50,50
6957,36,21,50,42
6958,36,23,50,46
6959,36,23,50,46
6960,36,25,50,50
6961,36,25,50,50
6962,36,23,50,46
6963,36,37,50,74
6964,36,31,50,62
6965,36,28,50,56
6966,36,24,50,48
6967,36,32,50,64
6968,36,32,50,64
6969,36,24,50,48
6970,36,22,50,44
6971,36,15,50,30
6972,36,23,50,46
6973,36,28,50,56
6974,36,22,50,44
6975,36,24,50,48
6976,36,24,50,48
6977,36,31,50,62
6978,36,36,50,72
6979,36,22,50,44
6980,36,22,50,44
6981,36,21,50,42
6982,36,24,50,48
6983,36,21,50,42
6984,36,22,50,44
6985,36,23,50,46
6986,36,18,50,36
6987,36,22,50,44
6988,36,38,50,76
6989,36,23,50,46
6990,36,41,50,82
6991,36,27,50,54
6992,36,37,50,74
6993,36,40,50,80
6994,36,27,50,54
6995,36,24,50,48
6996,36,22,50,44
6997,36,21,50,42
6998,36,24,50,48
6999,36,23,50,46
7000,36,23,50,46
7001,36,23,50,46
7002,36,23,50,46
7003,36,14,50,28
7004,36,23,50,46
7005,36,17,50,34
7006,36,23,50,46
7007,36,25,50,50
7008,36,25,50,50
7009,36,26,50,52
7010,36,32,50,64
7011,36,27,50,54
7012,36,28,50,56
7013,36,30,50,60
7014,36,41,50,82
7015,36,27,50,54
7016,36,26,50,52
7017,36,30,50,60
7018,36,25,50,50
7019,36,29,50,58
7020,36,28,50,56
7021,36,25,50,50
7022,36,27,50,54
7023,36,17,50,34
7024,36,23,50,46
7025,36,20,50,40
7026,36,18,50,36
7027,36,22,50,44
7028,36,17,50,34
7029,36,27,50,54
7030,36,27,50,54
7031,36,36,50,72
7032,36,35,50,70
7033,36,26,50,52
7034,36,23,50,46
7035,36,15,50,30
7036,36,27,50,54
7037,36,39,50,78
7038,36,35,50,70
7039,36,37,50,74
7040,36,44,50,88
7041,36,38,50,76
7042,36,39,50,78
7043,36,39,50,78
7044,36,25,50,50
7045,36,38,50,76
7046,36,39,50,78
7047,36,36,50,72
7048,36,38,50,76
7049,36,40,50,80
7050,36,42,50,84
7051,36,39,50,78
7052,36,43,50,86
7053,36,45,50,90
7054,36,32,50,64
7055,36,33,50,66
7056,36,42,50,84
7057,36,39,50,78
7058,36,32,50,64
7059,36,39,50,78
7060,36,43,50,86
7061,36,41,50,82
7062,36,42,50,84
7063,36,41,50,82
7064,36,39,50,78
7065,36,34,50,68
7066,36,36,50,72
7067,36,40,50,80
7068,36,40,50,80
7069,36,35,50,70
7070,36,35,50,70
7071,36,41,50,82
7072,36,46,50,92
7073,36,49,50,98
7074,36,44,50,88
7075,36,34,50,68
7076,36,41,50,82
7077,36,41,50,82
7078,36,43,50,86
7079,36,31,50,62
7080,36,40,50,80
7081,36,42,50,84
7082,36,41,50,82
7083,36,29,50,58
7084,36,41,50,82
7085,36,44,50,88
7086,36,30,50,60
7087,36,45,50,90
7088,36,45,50,90
7089,36,39,50,78
7090,36,43,50,86
7091,36,36,50,72
7092,36,46,50,92
7093,36,48,50,96
7094,36,43,50,86
7095,36,35,50,70
7096,36,47,50,94
7097,36,47,50,94
7098,36,43,50,86
7099,36,37,50,74
7100,36,36,50,72
7101,36,45,50,90
7102,36,43,50,86
7103,36,27,50,54
7104,36,48,50,96
7105,36,42,50,84
7106,36,33,50,66
7107,36,39,50,78
7108,36,47,50,94
7109,36,32,50,64
7110,36,34,50,68
7111,36,43,50,86
7112,36,35,50,70
7113,36,26,50,52
7114,36,37,50,74
7115,36,39,50,78
7116,36,45,50,90
7117,36,43,50,86
7118,36,36,50,72
7119,36,50,50,100
7120,36,36,50,72
7121,36,40,50,80
7122,36,20,50,40
7123,36,40,50,80
7124,36,46,50,92
7125,36,26,50,52
7126,36,47,50,94
7127,36,37,50,74
7128,36,39,50,78
7129,36,34,50,68
7130,36,36,50,72
7131,36,41,50,82
7132,36,44,50,88
7133,36,39,50,78
7134,36,31,50,62
7135,36,48,50,96
7136,36,38,50,76
7137,36,38,50,76
7138,36,45,50,90
7139,36,23,50,46
7140,36,49,50,98
7141,36,48,50,96
7142,279,24,50,48
7143,36,44,50,88
7144,36,45,50,90
7145,36,30,50,60
7146,36,41,50,82
7147,36,42,50,84
7148,36,30,50,60
7149,36,38,50,76
7150,36,35,50,70
7151,36,49,50,98
7152,36,35,50,70
7153,36,39,50,78
7154,36,32,50,64
7155,36,45,50,90
7156,36,38,50,76
7157,36,41,50,82
7158,36,26,50,52
7159,36,26,50,52
7160,36,38,50,76
7161,36,38,50,76
7162,36,23,50,46
7163,36,26,50,52
7164,36,29,50,58
7165,279,21,50,42
7166,36,41,50,82
7167,36,35,50,70
7168,36,48,50,96
7169,36,35,50,70
7170,36,32,50,64
7171,36,33,50,66
7172,279,17,50,34
7173,36,24,50,48
7174,36,32,50,64
7175,36,26,50,52
7176,36,21,50,42
7177,36,30,50,60
7178,36,23,50,46
7179,36,26,50,52
7180,36,26,50,52
7181,36,38,50,76
7182,36,46,50,92
7183,36,24,50,48
7184,36,39,50,78
7185,36,47,50,94
7186,36,28,50,56
7187,36,36,50,72
7188,36,47,50,94
7189,36,32,50,64
7190,36,46,50,92
7191,36,48,50,96
7192,36,50,50,100
7193,36,50,50,100
7194,36,42,50,84
7195,36,37,50,74
7196,36,43,50,86
7197,36,47,50,94
7198,36,40,50,80
7199,36,47,50,94
7200,36,50,50,100
7201,36,42,50,84
7202,36,49,50,98
7203,36,29,50,58
7204,36,36,50,72
7205,36,40,50,80
7206,36,48,50,96
7207,36,32,50,64
7208,36,42,50,84
7209,36,40,50,80
7210,36,34,50,68
7211,36,32,50,64
7212,36,39,50,78
7213,36,37,50,74
7214,36,48,50,96
7215,36,32,50,64
7216,36,27,50,54
7217,36,39,50,78
7218,36,24,50,48
7219,36,50,50,100
7220,36,37,50,74
7221,36,43,50,86
7222,36,41,50,82
7223,36,26,50,52
7224,36,48,50,96
7225,36,44,50,88
7226,36,32,50,64
7227,36,37,50,74
7228,36,25,50,50
7229,36,25,50,50
7230,36,30,50,60
7231,36,33,50,66
7232,36,25,50,50
7233,36,48,50,96
7234,36,23,50,46
7235,36,41,50,82
7236,36,48,50,96
7237,36,34,50,68
7238,36,27,50,54
7239,36,33,50,66
7240,36,36,50,72
7241,36,48,50,96
7242,36,22,50,44
7243,36,24,50,48
7244,36,45,50,90
7245,36,24,50,48
7246,36,44,50,88
7247,36,23,50,46
7248,36,27,50,54
7249,36,40,50,80
7250,36,27,50,54
7251,36,40,50,80
7252,36,32,50,64
7253,36,35,50,70
7254,36,45,50,90
7255,36,45,50,90
7256,36,38,50,76
7257,36,26,50,52
7258,36,37,50,74
7259,36,26,50,52
7260,36,25,50,50
7261,36,39,50,78
7262,36,39,50,78
7263,36,34,50,68
7264,36,38,50,76
7265,36,47,50,94
7266,36,46,50,92
7267,36,30,50,60
7268,36,40,50,80
7269,36,31,50,62
7270,36,48,50,96
7271,36,43,50,86
7272,36,31,50,62
7273,36,39,50,78
7274,36,43,50,86
7275,36,22,50,44
7276,36,26,50,52
7277,36,34,50,68
7278,36,39,50,78
7279,36,25,50,50
7280,36,41,50,82
7281,36,20,50,40
7282,36,19,50,38
7283,36,27,50,54
7284,36,21,50,42
7285,36,41,50,82
7286,36,29,50,58
7287,36,26,50,52
7288,36,41,50,82
7289,36,28,50,56
7290,36,26,50,52
7291,36,29,50,58
7292,36,49,50,98
7293,36,31,50,62
7294,36,30,50,60
7295,36,29,50,58
7296,36,25,50,50
7297,36,38,50,76
7298,36,49,50,98
7299,36,46,50,92
7300,36,44,50,88
7301,36,48,50,96
7302,36,50,50,100
7303,36,44,50,88
7304,36,41,50,82
7305,36,36,50,72
7306,36,42,50,84
7307,36,45,50,90
7308,36,50,50,100
7309,36,34,50,68
7310,36,25,50,50
7311,36,22,50,44
7312,36,32,50,64
7313,36,26,50,52
7314,36,33,50,66
7315,36,27,50,54
7316,36,22,50,44
7317,36,27,50,54
7318,36,28,50,56
7319,36,34,50,68
7320,36,25,50,50
7321,36,26,50,52
7322,36,29,50,58
7323,36,23,50,46
7324,36,26,50,52
7325,36,31,50,62
7326,36,23,50,46
7327,36,27,50,54
7328,36,23,50,46
7329,36,42,50,84
7330,36,34,50,68
7331,36,34,50,68
7332,36,27,50,54
7333,36,41,50,82
7334,36,43,50,86
7335,36,26,50,52
7336,36,25,50,50
7337,36,30,50,60
7338,36,26,50,52
7339,36,33,50,66
7340,36,26,50,52
7341,36,35,50,70
7342,36,26,50,52
7343,36,27,50,54
7344,36,28,50,56
7345,36,21,50,42
7346,36,27,50,54
7347,36,42,50,84
7348,36,48,50,96
7349,36,45,50,90
7350,36,26,50,52
7351,36,40,50,80
7352,36,40,50,80
7353,36,30,50,60
7354,36,39,50,78
7355,36,26,50,52
7356,36,29,50,58
7357,36,22,50,44
7358,36,22,50,44
7359,36,26,50,52
7360,36,22,50,44
7361,36,23,50,46
7362,36,23,50,46
7363,36,23,50,46
7364,36,23,50,46
7365,36,26,50,52
7366,36,23,50,46
7367,36,37,50,74
7368,36,40,50,80
7369,36,23,50,46
7370,36,29,50,58
7371,36,30,50,60
7372,36,24,50,48
7373,36,26,50,52
7374,36,27,50,54
7375,36,24,50,48
7376,36,26,50,52
7377,36,29,50,58
7378,36,24,50,48
7379,36,32,50,64
7380,36,31,50,62
7381,36,44,50,88
7382,36,31,50,62
7383,36,26,50,52
7384,36,20,50,40
7385,36,24,50,48
7386,36,23,50,46
7387,36,24,50,48
7388,36,33,50,66
7389,36,24,50,48
7390,36,36,50,72
7391,36,27,50,54
7392,36,29,50,58
7393,36,26,50,52
7394,36,31,50,62
7395,36,29,50,58
7396,36,27,50,54
7397,36,29,50,58
7398,36,26,50,52
7399,36,32,50,64
7400,36,24,50,48
7401,36,22,50,44
7402,36,26,50,52
7403,36,25,50,50
7404,36,26,50,52
7405,36,24,50,48
7406,36,40,50,80
7407,36,41,50,82
7408,36,23,50,46
7409,36,21,50,42
7410,36,32,50,64
7411,36,24,50,48
7412,36,41,50,82
7413,36,25,50,50
7414,36,24,50,48
7415,36,24,50,48
7416,36,27,50,54
7417,36,22,50,44
7418,36,24,50,48
7419,36,26,50,52
7420,36,25,50,50
7421,36,25,50,50
7422,36,26,50,52
7423,36,25,50,50
7424,36,25,50,50
7425,36,21,50,42
7426,36,24,50,48
7427,36,25,50,50
7428,36,25,50,50
7429,36,24,50,48
7430,36,27,50,54
7431,36,28,50,56
7432,36,30,50,60
7433,36,30,50,60
7434,36,28,50,56
7435,36,25,50,50
7436,36,27,50,54
7437,36,28,50,56
7438,36,29,50,58
7439,36,28,50,56
7440,36,33,50,66
7441,36,28,50,56
7442,36,26,50,52
7443,36,29,50,58
7444,36,32,50,64
7445,36,29,50,58
7446,36,29,50,58
7447,36,24,50,48
7448,36,34,50,68
7449,36,24,50,48
7450,36,23,50,46
7451,36,25,50,50
7452,36,28,50,56
7453,36,25,50,50
7454,36,22,50,44
7455,36,34,50,68
7456,36,38,50,76
7457,36,21,50,42
7458,36,23,50,46
7459,36,27,50,54
7460,36,23,50,46
7461,36,25,50,50
7462,36,24,50,48
7463,36,23,50,46
7464,36,23,50,46
7465,36,29,50,58
7466,36,25,50,50
7467,36,32,50,64
7468,36,24,50,48
7469,36,23,50,46
7470,36,27,50,54
7471,36,26,50,52
7472,36,23,50,46
7473,36,25,50,50
7474,36,34,50,68
7475,36,25,50,50
7476,36,30,50,60
7477,36,34,50,68
7478,36,27,50,54
7479,36,26,50,52
7480,36,25,50,50
7481,36,29,50,58
7482,36,26,50,52
7483,36,26,50,52
7484,36,26,50,52
7485,36,24,50,48
7486,36,32,50,64
7487,36,26,50,52
7488,36,25,50,50
7489,36,34,50,68
7490,36,24,50,48
7491,36,38,50,76
7492,36,41,50,82
7493,36,24,50,48
7494,36,26,50,52
7495,36,33,50,66
7496,36,25,50,50
7497,36,27,50,54
7498,36,27,50,54
7499,36,29,50,58
7500,36,24,50,48
7501,36,26,50,52
7502,36,24,50,48
7503,36,23,50,46
7504,36,26,50,52
7505,36,22,50,44
7506,36,34,50,68
7507,36,27,50,54
7508,36,23,50,46
7509,36,22,50,44
7510,36,25,50,50
7511,36,24,50,48
7512,36,24,50,48
7513,36,27,50,54
7514,36,24,50,48
7515,36,26,50,52
7516,36,25,50,50
7517,36,26,50,52
7518,36,24,50,48
7519,36,23,50,46
7520,36,24,50,48
7521,36,25,50,50
7522,36,32,50,64
7523,36,27,50,54
7524,36,25,50,50
7525,36,19,50,38
7526,36,27,50,54
7527,36,35,50,70
7528,36,26,50,52
7529,36,28,50,56
7530,36,30,50,60
7531,36,32,50,64
7532,36,26,50,52
7533,36,25,50,50
7534,36,29,50,58
7535,36,25,50,50
7536,36,27,50,54
7537,36,27,50,54
7538,36,27,50,54
7539,36,22,50,44
7540,36,25,50,50
7541,36,31,50,62
7542,36,27,50,54
7543,36,29,50,58
7544,36,35,50,70
7545,36,31,50,62
7546,36,24,50,48
7547,36,24,50,48
7548,36,24,50,48
7549,36,23,50,46
7550,36,27,50,54
7551,36,28,50,56
7552,36,30,50,60
7553,36,27,50,54
7554,36,31,50,62
7555,36,29,50,58
7556,36,30,50,60
7557,36,26,50,52
7558,36,26,50,52
7559,36,29,50,58
7560,36,28,50,56
7561,36,39,50,78
7562,36,35,50,70
7563,36,30,50,60
7564,36,28,50,56
7565,36,25,50,50
7566,36,26,50,52
7567,36,37,50,74
7568,36,30,50,60
7569,36,27,50,54
7570,36,26,50,52
7571,36,31,50,62
7572,36,23,50,46
7573,36,24,50,48
7574,36,28,50,56
7575,36,27,50,54
7576,36,25,50,50
7577,36,22,50,44
7578,36,23,50,46
7579,36,25,50,50
7580,36,25,50,50
7581,36,27,50,54
7582,36,27,50,54
7583,36,29,50,58
7584,36,26,50,52
7585,36,26,50,52
7586,36,29,50,58
7587,36,28,50,56
7588,36,24,50,48
7589,36,27,50,54
7590,36,24,50,48
7591,36,27,50,54
7592,36,26,50,52
7593,36,25,50,50
7594,36,25,50,50
7595,36,34,50,68
7596,36,26,50,52
7597,36,25,50,50
7598,36,29,50,58
7599,36,28,50,56
7600,36,27,50,54
7601,36,25,50,50
7602,36,34,50,68
7603,36,32,50,64
7604,36,36,50,72
7605,36,30,50,60
7606,36,25,50,50
7607,36,25,50,50
7608,36,27,50,54
7609,36,26,50,52
7610,36,25,50,50
7611,36,23,50,46
7612,36,24,50,48
7613,36,29,50,58
7614,36,26,50,52
7615,36,27,50,54
7616,36,31,50,62
7617,36,27,50,54
7618,36,26,50,52
7619,36,25,50,50
7620,36,24,50,48
7621,36,31,50,62
7622,36,26,50,52
7623,36,22,50,44
7624,36,24,50,48
7625,36,27,50,54
7626,36,28,50,56
7627,36,34,50,68
7628,36,26,50,52
7629,36,22,50,44
7630,36,20,50,40
7631,36,34,50,68
7632,36,26,50,52
7633,36,26,50,52
7634,36,24,50,48
7635,36,23,50,46
7636,36,24,50,48
7637,36,24,50,48
7638,36,27,50,54
7639,36,23,50,46
7640,36,23,50,46
7641,36,26,50,52
7642,36,41,50,82
7643,36,26,50,52
7644,36,24,50,48
7645,36,36,50,72
7646,36,25,50,50
7647,36,27,50,54
7648,36,37,50,74
7649,36,24,50,48
7650,36,29,50,58
7651,36,24,50,48
7652,36,24,50,48
7653,36,32,50,64
7654,36,24,50,48
7655,36,27,50,54
7656,36,24,50,48
7657,36,29,50,58
7658,36,29,50,58
7659,36,27,50,54
7660,36,25,50,50
7661,36,27,50,54
7662,36,27,50,54
7663,36,25,50,50
7664,36,21,50,42
7665,36,24,50,48
7666,36,24,50,48
7667,36,28,50,56
7668,36,25,50,50
7669,36,25,50,50
7670,36,28,50,56
7671,36,24,50,48
7672,36,25,50,50
7673,36,24,50,48
7674,36,27,50,54
7675,36,48,50,96
7676,36,25,50,50
7677,36,28,50,56
7678,36,23,50,46
7679,36,25,50,50
7680,36,27,50,54
7681,36,25,50,50
7682,36,28,50,56
7683,36,28,50,56
7684,36,27,50,54
7685,36,27,50,54
7686,36,24,50,48
7687,36,26,50,52
7688,36,26,50,52
7689,36,27,50,54
7690,36,37,50,74
7691,36,28,50,56
7692,36,30,50,60
7693,36,27,50,54
7694,36,28,50,56
7695,36,38,50,76
7696,36,29,50,58
7697,36,23,50,46
7698,36,26,50,52
7699,36,27,50,54
7700,36,35,50,70
7701,36,29,50,58
7702,36,28,50,56
7703,36,26,50,52
7704,36,24,50,48
7705,36,35,50,70
7706,36,26,50,52
7707,36,24,50,48
7708,36,26,50,52
7709,36,28,50,56
7710,36,29,50,58
7711,36,26,50,52
7712,36,28,50,56
7713,36,30,50,60
7714,36,25,50,50
7715,36,25,50,50
7716,36,25,50,50
7717,36,25,50,50
7718,36,22,50,44
7719,36,28,50,56
7720,36,24,50,48
7721,36,26,50,52
7722,36,25,50,50
7723,36,27,50,54
7724,36,28,50,56
7725,36,24,50,48
7726,36,23,50,46
7727,36,30,50,60
7728,36,25,50,50
7729,36,32,50,64
7730,36,28,50,56
7731,36,28,50,56
7732,36,34,50,68
7733,36,27,50,54
7734,36,26,50,52
7735,36,26,50,52
7736,36,24,50,48
7737,36,26,50,52
7738,36,40,50,80
7739,36,27,50,54
7740,36,29,50,58
7741,36,30,50,60
7742,36,24,50,48
7743,36,27,50,54
7744,36,25,50,50
7745,36,26,50,52
7746,36,26,50,52
7747,36,17,50,34
7748,36,26,50,52
7749,36,27,50,54
7750,36,27,50,54
7751,36,25,50,50
7752,36,36,50,72
7753,36,25,50,50
7754,36,27,50,54
7755,36,24,50,48
7756,36,27,50,54
7757,36,27,50,54
7758,36,31,50,62
7759,36,25,50,50
7760,36,26,50,52
7761,36,24,50,48
7762,36,25,50,50
7763,36,23,50,46
7764,36,28,50,56
7765,36,24,50,48
7766,36,24,50,48
7767,36,24,50,48
7768,36,25,50,50
7769,36,30,50,60
7770,36,26,50,52
7771,36,27,50,54
7772,36,27,50,54
7773,36,29,50,58
7774,36,23,50,46
7775,36,25,50,50
7776,36,24,50,48
7777,36,24,50,48
7778,36,23,50,46
7779,36,23,50,46
7780,36,27,50,54
7781,36,32,50,64
7782,36,25,50,50
7783,36,26,50,52
7784,36,32,50,64
7785,36,24,50,48
7786,36,25,50,50
7787,36,22,50,44
7788,36,22,50,44
7789,36,23,50,46
7790,36,23,50,46
7791,36,24,50,48
7792,36,26,50,52
7793,36,26,50,52
7794,36,22,50,44
7795,36,29,50,58
7796,36,24,50,48
7797,36,26,50,52
7798,36,25,50,50
7799,36,22,50,44
7800,36,22,50,44
7801,36,25,50,50
7802,36,24,50,48
7803,36,23,50,46
7804,36,26,50,52
7805,36,24,50,48
7806,36,24,50,48
7807,36,27,50,54
7808,36,26,50,52
7809,36,28,50,56
7810,36,24,50,48
7811,36,22,50,44
7812,36,24,50,48
7813,36,24,50,48
7814,36,41,50,82
7815,36,24,50,48
7816,36,24,50,48
7817,36,25,50,50
7818,36,27,50,54
7819,36,27,50,54
7820,36,25,50,50
7821,36,29,50,58
7822,36,29,50,58
7823,36,26,50,52
7824,36,26,50,52
7825,36,22,50,44
7826,36,26,50,52
7827,36,27,50,54
7828,36,27,50,54
7829,36,26,50,52
7830,36,26,50,52
7831,36,30,50,60
7832,36,25,50,50
7833,36,27,50,54
7834,36,20,50,40
7835,36,28,50,56
7836,36,23,50,46
7837,36,30,50,60
7838,36,25,50,50
7839,36,26,50,52
7840,36,26,50,52
7841,36,27,50,54
7842,36,25,50,50
7843,36,21,50,42
7844,36,28,50,56
7845,36,33,50,66
7846,36,36,50,72
7847,36,23,50,46
7848,36,25,50,50
7849,36,27,50,54
7850,36,25,50,50
7851,36,26,50,52
7852,36,23,50,46
7853,36,26,50,52
7854,36,25,50,50
7855,36,30,50,60
7856,36,33,50,66
7857,36,26,50,52
7858,36,29,50,58
7859,36,24,50,48
7860,36,25,50,50
7861,36,28,50,56
7862,36,23,50,46
7863,36,26,50,52
7864,36,25,50,50
7865,36,32,50,64
7866,36,27,50,54
7867,36,24,50,48
7868,36,29,50,58
7869,36,30,50,60
7870,36,23,50,46
7871,36,25,50,50
7872,36,26,50,52
7873,36,24,50,48
7874,36,24,50,48
7875,36,25,50,50
7876,36,25,50,50
7877,36,25,50,50
7878,36,23,50,46
7879,36,26,50,52
7880,36,24,50,48
7881,36,26,50,52
7882,36,37,50,74
7883,36,28,50,56
7884,36,23,50,46
7885,36,23,50,46
7886,36,29,50,58
7887,36,24,50,48
7888,36,24,50,48
7889,36,24,50,48
7890,36,25,50,50
7891,36,23,50,46
7892,36,27,50,54
7893,36,22,50,44
7894,36,23,50,46
7895,36,24,50,48
7896,36,23,50,46
7897,36,26,50,52
7898,36,22,50,44
7899,36,28,50,56
7900,36,22,50,44
7901,36,22,50,44
7902,36,24,50,48
7903,36,24,50,48
7904,36,24,50,48
7905,36,22,50,44
7906,36,24,50,48
7907,36,27,50,54
7908,36,24,50,48
7909,36,22,50,44
7910,36,26,50,52
7911,36,24,50,48
7912,36,25,50,50
7913,36,21,50,42
7914,36,25,50,50
7915,36,25,50,50
7916,36,26,50,52
7917,36,25,50,50
7918,36,30,50,60
7919,36,24,50,48
7920,36,34,50,68
7921,36,24,50,48
7922,36,28,50,56
7923,36,26,50,52
7924,36,25,50,50
7925,36,30,50,60
7926,36,24,50,48
7927,36,25,50,50
7928,36,22,50,44
7929,36,23,50,46
7930,36,22,50,44
7931,36,23,50,46
7932,36,23,50,46
7933,36,26,50,52
7934,36,27,50,54
7935,36,26,50,52
7936,36,24,50,48
7937,36,23,50,46
7938,36,24,50,48
7939,36,22,50,44
7940,36,26,50,52
7941,36,25,50,50
7942,36,24,50,48
7943,36,23,50,46
7944,36,29,50,58
7945,36,25,50,50
7946,36,24,50,48
7947,36,34,50,68
7948,36,25,50,50
7949,36,30,50,60
7950,36,33,50,66
7951,36,27,50,54
7952,36,25,50,50
7953,36,27,50,54
7954,36,23,50,46
7955,36,24,50,48
7956,36,28,50,56
7957,36,23,50,46
7958,36,24,50,48
7959,36,22,50,44
7960,36,25,50,50
7961,36,25,50,50
7962,36,24,50,48
7963,36,25,50,50
7964,36,23,50,46
7965,36,31,50,62
7966,36,25,50,50
7967,36,28,50,56
7968,36,28,50,56
7969,36,32,50,64
7970,36,23,50,46
7971,36,25,50,50
7972,36,32,50,64
7973,36,24,50,48
7974,36,23,50,46
7975,36,25,50,50
7976,36,30,50,60
7977,36,25,50,50
7978,36,26,50,52
7979,36,27,50,54
7980,36,24,50,48
7981,36,23,50,46
7982,36,25,50,50
7983,36,28,50,56
7984,36,27,50,54
7985,36,24,50,48
7986,36,26,50,52
7987,36,23,50,46
7988,36,24,50,48
7989,36,26,50,52
7990,36,23,50,46
7991,36,27,50,54
7992,36,25,50,50
7993,36,24,50,48
7994,36,45,50,90
7995,36,28,50,56
7996,36,24,50,48
7997,36,16,50,32
7998,36,29,50,58
7999,36,23,50,46
8000,36,36,50,72
8001,36,23,50,46
8002,36,23,50,46
8003,36,25,50,50
8004,36,23,50,46
8005,36,27,50,54
8006,36,25,50,50
8007,36,32,50,64
8008,36,25,50,50
8009,36,23,50,46
8010,36,24,50,48
8011,36,23,50,46
8012,36,32,50,64
8013,36,22,50,44
8014,36,26,50,52
8015,36,25,50,50
8016,36,28,50,56
8017,36,25,50,50
8018,36,31,50,62
8019,36,23,50,46
8020,36,34,50,68
8021,36,26,50,52
8022,36,26,50,52
8023,36,24,50,48
8024,36,24,50,48
8025,36,24,50,48
8026,36,26,50,52
8027,36,24,50,48
8028,36,25,50,50
8029,36,25,50,50
8030,36,23,50,46
8031,36,22,50,44
8032,36,25,50,50
8033,36,31,50,62
8034,36,25,50,50
8035,36,26,50,52
8036,36,25,50,50
8037,36,29,50,58
8038,36,26,50,52
8039,36,25,50,50
8040,36,23,50,46
8041,36,24,50,48
8042,36,24,50,48
8043,36,23,50,46
8044,36,21,50,42
8045,36,24,50,48
8046,36,23,50,46
8047,36,23,50,46
8048,36,22,50,44
8049,36,24,50,48
8050,36,26,50,52
8051,36,25,50,50
8052,36,26,50,52
8053,36,24,50,48
8054,36,24,50,48
8055,36,23,50,46
8056,36,21,50,42
8057,36,23,50,46
8058,36,24,50,48
8059,36,25,50,50
8060,36,26,50,52
8061,36,30,50,60
8062,36,25,50,50
8063,36,26,50,52
8064,36,28,50,56
8065,36,40,50,80
8066,36,27,50,54
8067,36,26,50,52
8068,36,26,50,52
8069,36,26,50,52
8070,36,20,50,40
8071,36,26,50,52
8072,36,30,50,60
8073,36,24,50,48
8074,36,25,50,50
8075,36,23,50,46
8076,36,25,50,50
8077,36,36,50,72
8078,36,23,50,46
8079,36,25,50,50
8080,36,25,50,50
8081,36,23,50,46
8082,36,28,50,56
8083,36,25,50,50
8084,36,24,50,48
8085,36,26,50,52
8086,36,25,50,50
8087,36,24,50,48
8088,36,29,50,58
8089,36,25,50,50
8090,36,22,50,44
8091,36,22,50,44
8092,36,24,50,48
8093,36,26,50,52
8094,36,21,50,42
8095,36,24,50,48
8096,36,24,50,48
8097,36,22,50,44
8098,36,27,50,54
8099,36,27,50,54
8100,36,25,50,50
8101,36,27,50,54
8102,36,26,50,52
8103,36,24,50,48
8104,36,28,50,56
8105,36,25,50,50
8106,36,27,50,54
8107,36,24,50,48
8108,36,36,50,72
8109,36,24,50,48
8110,36,24,50,48
8111,36,23,50,46
8112,36,24,50,48
8113,36,23,50,46
8114,36,24,50,48
8115,36,23,50,46
8116,36,18,50,36
8117,36,18,50,36
8118,36,25,50,50
8119,36,20,50,40
8120,36,23,50,46
8121,36,23,50,46
8122,36,19,50,38
8123,36,27,50,54
8124,36,24,50,48
8125,36,19,50,38
8126,36,23,50,46
8127,36,20,50,40
8128,36,26,50,52
8129,36,24,50,48
8130,36,47,50,94
8131,36,23,50,46
8132,36,24,50,48
8133,36,29,50,58
8134,36,29,50,58
8135,36,25,50,50
8136,36,31,50,62
8137,36,27,50,54
8138,36,35,50,70
8139,36,44,50,88
8140,36,43,50,86
8141,36,50,50,100
8142,36,50,50,100
8143,36,50,50,100
8144,36,38,50,76
8145,36,47,50,94
8146,36,50,50,100
8147,36,47,50,94
8148,36,47,50,94
8149,36,48,50,96
8150,36,47,50,94
8151,36,46,50,92
8152,36,48,50,96
8153,36,32,50,64
8154,36,42,50,84
8155,36,37,50,74
8156,36,25,50,50
8157,36,26,50,52
8158,36,27,50,54
8159,36,22,50,44
8160,36,26,50,52
8161,36,22,50,44
8162,36,23,50,46
8163,36,21,50,42
8164,36,19,50,38
8165,36,20,50,40
8166,36,20,50,40
8167,36,23,50,46
8168,36,22,50,44
8169,36,18,50,36
8170,36,8,50,16
8171,36,13,50,26
8172,36,16,50,32
8173,36,19,50,38
8174,36,15,50,30
8175,36,21,50,42
8176,36,21,50,42
8177,36,20,50,40
8178,36,20,50,40
8179,36,17,50,34
8180,36,21,50,42
8181,36,21,50,42
8182,36,22,50,44
8183,36,24,50,48
8184,36,22,50,44
8185,36,24,50,48
8186,36,21,50,42
8187,36,29,50,58
8188,36,16,50,32
8189,36,22,50,44
8190,36,24,50,48
8191,36,19,50,38
8192,36,19,50,38
8193,36,23,50,46
8194,36,19,50,38
8195,36,22,50,44
8196,36,23,50,46
8197,36,24,50,48
8198,36,24,50,48
8199,36,20,50,40
8200,36,18,50,36
8201,36,26,50,52
8202,36,25,50,50
8203,36,21,50,42
8204,36,24,50,48
8205,36,21,50,42
8206,36,30,50,60
8207,36,22,50,44
8208,36,27,50,54
8209,36,21,50,42
8210,36,24,50,48
8211,36,27,50,54
8212,36,27,50,54
8213,36,22,50,44
8214,36,23,50,46
8215,36,22,50,44
8216,279,19,50,38
8217,36,38,50,76
8218,36,41,50,82
8219,36,26,50,52
8220,36,42,50,84
8221,36,31,50,62
8222,36,27,50,54
8223,36,26,50,52
8224,36,28,50,56
8225,36,42,50,84
8226,36,28,50,56
8227,36,47,50,94
8228,36,47,50,94
8229,36,37,50,74
8230,36,45,50,90
8231,36,49,50,98
8232,36,48,50,96
8233,36,47,50,94
8234,36,26,50,52
8235,36,47,50,94
8236,36,27,50,54
8237,36,49,50,98
8238,36,48,50,96
8239,36,44,50,88
8240,36,45,50,90
8241,36,27,50,54
8242,36,30,50,60
8243,36,22,50,44
8244,36,41,50,82
8245,36,35,50,70
8246,36,30,50,60
8247,36,43,50,86
8248,36,34,50,68
8249,36,32,50,64
8250,36,38,50,76
8251,36,28,50,56
8252,36,28,50,56
8253,36,28,50,56
8254,36,24,50,48
8255,36,27,50,54
8256,36,25,50,50
8257,36,28,50,56
8258,36,26,50,52
8259,36,25,50,50
8260,36,31,50,62
8261,36,28,50,56
8262,36,24,50,48
8263,36,24,50,48
8264,36,32,50,64
8265,36,24,50,48
8266,36,40,50,80
8267,36,23,50,46
8268,36,38,50,76
8269,36,24,50,48
8270,36,25,50,50
8271,36,24,50,48
8272,36,24,50,48
8273,36,28,50,56
8274,36,29,50,58
8275,36,23,50,46
8276,36,26,50,52
8277,36,34,50,68
8278,36,28,50,56
8279,36,27,50,54
8280,36,24,50,48
8281,36,28,50,56
8282,36,41,50,82
8283,36,26,50,52
8284,36,38,50,76
8285,36,30,50,60
8286,36,24,50,48
8287,36,27,50,54
8288,36,37,50,74
8289,36,35,50,70
8290,36,33,50,66
8291,36,29,50,58
8292,36,32,50,64
8293,36,26,50,52
8294,36,22,50,44
8295,36,31,50,62
8296,36,31,50,62
8297,36,26,50,52
8298,36,25,50,50
8299,36,24,50,48
8300,36,48,50,96
8301,36,25,50,50
8302,36,36,50,72
8303,36,24,50,48
8304,36,27,50,54
8305,36,23,50,46
8306,36,28,50,56
8307,36,36,50,72
8308,36,23,50,46
8309,36,28,50,56
8310,36,28,50,56
8311,36,33,50,66
8312,36,28,50,56
8313,36,28,50,56
8314,36,24,50,48
8315,36,29,50,58
8316,36,24,50,48
8317,36,22,50,44
8318,36,25,50,50
8319,36,37,50,74
8320,36,29,50,58
8321,36,24,50,48
8322,36,27,50,54
8323,36,26,50,52
8324,36,25,50,50
8325,36,26,50,52
8326,36,23,50,46
8327,36,26,50,52
8328,36,28,50,56
8329,36,30,50,60
8330,36,22,50,44
8331,36,28,50,56
8332,36,22,50,44
8333,36,23,50,46
8334,36,30,50,60
8335,36,22,50,44
8336,36,27,50,54
8337,36,24,50,48
8338,36,23,50,46
8339,36,26,50,52
8340,36,25,50,50
8341,36,28,50,56
8342,36,26,50,52
8343,36,25,50,50
8344,36,26,50,52
8345,36,27,50,54
8346,36,25,50,50
8347,36,25,50,50
8348,36,21,50,42
8349,36,31,50,62
8350,36,22,50,44
8351,36,27,50,54
8352,36,26,50,52
8353,36,26,50,52
8354,36,30,50,60
8355,36,24,50,48
8356,36,22,50,44
8357,36,25,50,50
8358,36,34,50,68
8359,36,24,50,48
8360,36,24,50,48
8361,36,23,50,46
8362,36,29,50,58
8363,36,24,50,48
8364,36,21,50,42
8365,36,25,50,50
8366,36,27,50,54
8367,36,18,50,36
8368,36,24,50,48
8369,36,29,50,58
8370,36,24,50,48
8371,36,26,50,52
8372,36,27,50,54
8373,36,25,50,50
8374,36,26,50,52
8375,36,25,50,50
8376,36,23,50,46
8377,36,36,50,72
8378,36,26,50,52
8379,36,36,50,72
8380,36,24,50,48
8381,36,24,50,48
8382,36,26,50,52
8383,36,23,50,46
8384,36,26,50,52
8385,36,23,50,46
8386,36,24,50,48
8387,36,27,50,54
8388,36,23,50,46
8389,36,24,50,48
8390,36,27,50,54
8391,36,21,50,42
8392,36,24,50,48
8393,36,26,50,52
8394,36,25,50,50
8395,36,30,50,60
8396,36,36,50,72
8397,36,23,50,46
8398,36,24,50,48
8399,36,25,50,50
8400,36,25,50,50
8401,36,35,50,70
8402,36,24,50,48
8403,36,35,50,70
8404,36,24,50,48
8405,36,25,50,50
8406,36,24,50,48
8407,36,21,50,42
8408,36,24,50,48
8409,36,34,50,68
8410,36,25,50,50
8411,36,21,50,42
8412,36,30,50,60
8413,36,26,50,52
8414,36,27,50,54
8415,36,28,50,56
8416,36,26,50,52
8417,36,26,50,52
8418,36,25,50,50
8419,36,26,50,52
8420,36,28,50,56
8421,36,37,50,74
8422,36,24,50,48
8423,36,26,50,52
8424,36,25,50,50
8425,36,23,50,46
8426,36,24,50,48
8427,36,26,50,52
8428,36,23,50,46
8429,36,27,50,54
8430,36,24,50,48
8431,36,24,50,48
8432,36,26,50,52
8433,36,35,50,70
8434,36,24,50,48
8435,36,24,50,48
8436,36,30,50,60
8437,36,31,50,62
8438,36,24,50,48
8439,36,25,50,50
8440,36,22,50,44
8441,36,24,50,48
8442,36,23,50,46
8443,36,24,50,48
8444,36,37,50,74
8445,36,24,50,48
8446,36,25,50,50
8447,36,34,50,68
8448,36,24,50,48
8449,36,25,50,50
8450,36,22,50,44
8451,36,27,50,54
8452,36,25,50,50
8453,36,26,50,52
8454,36,35,50,70
8455,36,27,50,54
8456,36,26,50,52
8457,36,29,50,58
8458,36,25,50,50
8459,36,23,50,46
8460,36,22,50,44
8461,36,24,50,48
8462,36,24,50,48
8463,36,38,50,76
8464,36,34,50,68
8465,36,26,50,52
8466,36,24,50,48
8467,36,24,50,48
8468,36,23,50,46
8469,36,25,50,50
8470,36,23,50,46
8471,36,26,50,52
8472,36,24,50,48
8473,36,25,50,50
8474,36,34,50,68
8475,36,25,50,50
8476,36,25,50,50
8477,36,29,50,58
8478,36,24,50,48
8479,36,24,50,48
8480,36,25,50,50
8481,36,33,50,66
8482,36,29,50,58
8483,36,25,50,50
8484,36,26,50,52
8485,36,25,50,50
8486,36,23,50,46
8487,36,24,50,48
8488,36,26,50,52
8489,36,28,50,56
8490,36,28,50,56
8491,36,24,50,48
8492,36,27,50,54
8493,36,24,50,48
8494,36,27,50,54
8495,36,19,50,38
8496,36,23,50,46
8497,36,25,50,50
8498,36,24,50,48
8499,36,23,50,46
8500,36,25,50,50
8501,36,23,50,46
8502,36,36,50,72
8503,36,24,50,48
8504,36,25,50,50
8505,36,30,50,60
8506,36,42,50,84
8507,36,26,50,52
8508,36,39,50,78
8509,36,33,50,66
8510,36,25,50,50
8511,36,25,50,50
8512,36,24,50,48
8513,36,24,50,48
8514,36,26,50,52
8515,36,19,50,38
8516,36,32,50,64
8517,36,24,50,48
8518,36,23,50,46
