1,0.0442,0.0310,0.1328,0.1109,0.0964,0.4981
2,0.1042,0.0307,0.1161,0.1216,0.0671,0.5675
3,0.0314,0.0263,0.0799,0.1213,0.0599,0.5671
4,0.0443,0.0263,0.0845,0.1219,0.0713,0.5720
5,0.0272,0.0263,0.0843,0.1189,0.0530,0.5676
6,0.0643,0.0263,0.1013,0.1199,0.0634,0.5537
7,0.0620,0.0324,0.0893,0.1235,0.0692,0.5706
8,0.0274,0.0328,0.0716,0.1237,0.0666,0.5719
9,0.0341,0.0489,0.0730,0.1353,0.0531,0.5834
10,0.0974,0.0325,0.1255,0.1246,0.0844,0.5729
11,0.0691,0.0448,0.1051,0.1323,0.0787,0.5753
12,0.0480,0.0266,0.0998,0.1201,0.0678,0.5730
13,0.0471,0.0261,0.0796,0.1201,0.0581,0.5716
14,0.0298,0.0263,0.0780,0.1193,0.0731,0.5679
15,0.0436,0.0384,0.0816,0.1284,0.0778,0.5815
16,0.0319,0.0264,0.0926,0.1222,0.0779,0.5717
17,0.0623,0.0300,0.1150,0.1230,0.0705,0.5746
18,0.0272,0.0264,0.0775,0.1201,0.0537,0.5692
19,0.0307,0.0264,0.0774,0.1196,0.0773,0.5644
20,0.0334,0.0364,0.0760,0.1258,0.0884,0.5891
21,0.0262,0.0264,0.0767,0.1219,0.0721,0.5718
22,0.0254,0.0264,0.0776,0.1200,0.0725,0.5808
23,0.0271,0.0320,0.0786,0.1239,0.0715,0.5782
24,0.0269,0.0262,0.0891,0.1214,0.0827,0.5733
25,0.0253,0.0264,0.1007,0.1218,0.0919,0.5719
26,0.0293,0.0263,0.0945,0.1227,0.0892,0.5946
27,0.0623,0.0318,0.0977,0.1236,0.0794,0.5817
28,0.0291,0.0263,0.0695,0.1199,0.0924,0.5847
29,0.0313,0.0264,0.0808,0.1216,0.0817,0.5873
30,0.0320,0.0265,0.0839,0.1202,0.0918,0.5726
31,0.0326,0.0636,0.0897,0.1455,0.0847,0.6058
32,0.0912,0.0366,0.1183,0.1270,0.1029,0.5995
33,0.0253,0.0315,0.0762,0.1250,0.0933,0.5814
34,0.0378,0.0692,0.0724,0.1468,0.0869,0.6331
35,0.0255,0.0263,0.0897,0.1212,0.0770,0.5940
36,0.0284,0.0314,0.0825,0.1229,0.0810,0.5952
37,0.0229,0.0328,0.0803,0.1246,0.1021,0.5893
38,0.0701,0.0389,0.1077,0.1309,0.0883,0.5985
39,0.0287,0.0263,0.0883,0.1223,0.1121,0.5921
40,0.1233,0.0322,0.1246,0.1256,0.0754,0.5998
41,0.0408,0.0264,0.1010,0.1196,0.0979,0.5940
42,0.0463,0.0265,0.0850,0.1206,0.1147,0.5940
43,0.0453,0.0264,0.0826,0.1203,0.0870,0.5961
44,0.0437,0.0265,0.0908,0.1221,0.0992,0.5935
45,0.0626,0.0261,0.0789,0.1201,0.1001,0.6126
46,0.0444,0.0321,0.0902,0.1241,0.1107,0.6079
47,0.0445,0.0263,0.0969,0.1215,0.1071,0.6046
48,0.0269,0.0262,0.0665,0.1215,0.1064,0.6145
49,0.0279,0.0326,0.0796,0.1250,0.1093,0.6345
50,0.0453,0.0265,0.0950,0.1231,0.1065,0.6103
51,0.0256,0.0327,0.0823,0.1249,0.1243,0.6277
52,0.0211,0.0262,0.0754,0.1213,0.1136,0.6138
53,0.0285,0.0266,0.0740,0.1197,0.1341,0.6197
54,0.0583,0.0261,0.0815,0.1231,0.1013,0.6313
55,0.0327,0.0261,0.0771,0.1229,0.1634,0.6419
56,0.0455,0.0384,0.0672,0.1311,0.1013,0.6615
57,0.0289,0.0265,0.0730,0.1198,0.1515,0.6198
58,0.0303,0.0264,0.0714,0.1214,0.1978,0.6413
59,0.0648,0.0381,0.0860,0.1324,0.2097,0.6890
60,0.0282,0.0264,0.0708,0.1227,0.2268,0.6706
61,0.0313,0.0263,0.0646,0.1247,0.2535,0.7071
62,0.0444,0.0384,0.0850,0.1303,0.2598,0.7151
63,0.0338,0.0262,0.0821,0.1252,0.2354,0.7045
64,0.0347,0.0328,0.0772,0.1272,0.2029,0.7046
65,0.0199,0.0263,0.0786,0.1216,0.3024,0.7275
66,0.0267,0.0265,0.0609,0.1222,0.2294,0.7180
67,0.1342,0.0659,0.1320,0.1471,0.3343,0.8482
68,0.0312,0.0262,0.0618,0.1256,0.2762,0.7212
69,0.0490,0.0380,0.0783,0.1338,0.1926,0.7609
70,0.0621,0.0262,0.0909,0.1253,0.3377,0.7792
71,0.0277,0.0380,0.0687,0.1314,0.2320,0.8844
72,0.0487,0.0443,0.0584,0.1379,0.2934,0.8707
73,0.0285,0.0311,0.0552,0.1246,0.3260,0.8202
74,0.0296,0.0262,0.0635,0.1214,0.3677,0.8456
75,0.0286,0.0265,0.0560,0.1209,0.3040,0.8407
76,0.0271,0.0314,0.0708,0.1294,0.3508,0.8561
77,0.0258,0.0263,0.0698,0.1248,0.2898,0.8491
78,0.0461,0.0322,0.0745,0.1295,0.4113,0.9227
79,0.0811,0.0328,0.0979,0.1349,0.4355,1.0045
80,0.0477,0.0517,0.0857,0.1447,0.3939,0.9833
81,0.0312,0.0264,0.0758,0.1234,0.3312,0.8291
82,0.0739,0.0459,0.0916,0.1368,0.3932,0.9631
83,0.0653,0.0443,0.0786,0.1366,0.3636,0.9431
84,0.0337,0.0263,0.0781,0.1227,0.3983,0.9513
85,0.0266,0.0263,0.0479,0.1256,0.4392,0.9716
86,0.0302,0.0261,0.0774,0.1252,0.3283,0.8995
87,0.0465,0.0391,0.0747,0.1401,0.3579,1.0964
88,0.0461,0.0264,0.0611,0.1236,0.3740,0.9798
89,0.0488,0.0388,0.0787,0.1339,0.4274,1.0540
90,0.0286,0.0264,0.0710,0.1216,0.2971,0.9214
91,0.0288,0.0264,0.0680,0.1245,0.3490,0.9785
92,0.0248,0.0264,0.0810,0.1222,0.3250,0.9560
93,0.0318,0.0329,0.0626,0.1328,0.4247,1.0668
94,0.0288,0.0265,0.0610,0.1249,0.3774,0.9189
95,0.0299,0.0264,0.0717,0.1213,0.3359,0.9266
96,0.3002,0.0733,0.2583,0.1626,0.5351,1.3814
97,0.0312,0.0319,0.0503,0.1324,0.5211,1.2140
98,0.0322,0.0325,0.0515,0.1316,0.3558,1.0677
99,0.0530,0.0327,0.0781,0.1325,0.4984,1.1086
100,0.0272,0.0264,0.0759,0.1226,0.4745,1.0118
101,0.0762,0.0259,0.0960,0.1296,0.4916,1.1654
102,0.0347,0.0265,0.0468,0.1254,0.4410,1.1003
103,0.0281,0.0265,0.0577,0.1268,0.4336,1.0615
104,0.0279,0.0262,0.0739,0.1266,0.3946,1.0862
105,0.0605,0.0265,0.0743,0.1262,0.5059,1.1949
106,0.0296,0.0264,0.0679,0.1235,0.5050,1.1651
107,0.0281,0.0264,0.0703,0.1235,0.4551,1.0780
108,0.0622,0.0266,0.0899,0.1293,0.4582,1.0968
109,0.0242,0.0266,0.0646,0.1239,0.4863,1.0636
110,0.0477,0.0264,0.0614,0.1274,0.4336,1.1118
111,0.0305,0.0325,0.0664,0.1320,0.4725,1.1520
112,0.0341,0.0265,0.0607,0.1255,0.4740,1.1339
113,0.0415,0.0331,0.0635,0.1295,0.3570,1.1134
114,0.0654,0.0324,0.0929,0.1293,0.4951,1.2372
115,0.0530,0.0265,0.0661,0.1302,0.3733,1.0875
116,0.0739,0.0381,0.0882,0.1369,0.4583,1.2603
117,0.0308,0.0265,0.0527,0.1257,0.4933,1.1340
118,0.0283,0.0266,0.0577,0.1264,0.3688,1.1473
119,0.0326,0.0264,0.0611,0.1221,0.3710,1.1215
120,0.0640,0.0264,0.0764,0.1271,0.3608,1.2011
121,0.0792,0.0323,0.0731,0.1333,0.4499,1.2811
122,0.0313,0.0330,0.0611,0.1314,0.3946,1.2140
123,0.0258,0.0263,0.0625,0.1249,0.4009,1.1792
124,0.0282,0.0266,0.0568,0.1271,0.4460,1.1942
125,0.0274,0.0266,0.0545,0.1278,0.2829,1.0459
126,0.0209,0.0331,0.0450,0.1334,0.4196,1.2755
127,0.0307,0.0329,0.0455,0.1332,0.3584,1.1854
128,0.0497,0.0265,0.0553,0.1261,0.4646,1.1848
129,0.0601,0.0263,0.0746,0.1276,0.4512,1.2656
130,0.0292,0.0266,0.0570,0.1309,0.3444,1.2420
131,0.0310,0.0267,0.0552,0.1279,0.4184,1.3431
132,0.0854,0.0266,0.0817,0.1282,0.5123,1.3491
133,0.0303,0.0264,0.0494,0.1287,0.4416,1.2718
134,0.0662,0.0321,0.0820,0.1343,0.4745,1.3859
135,0.0319,0.0266,0.0524,0.1251,0.4208,1.2400
136,0.0631,0.0265,0.0792,0.1288,0.4132,1.2733
137,0.0332,0.0326,0.0543,0.1314,0.4518,1.3356
138,0.2382,0.0655,0.2062,0.1536,0.4790,1.5516
139,0.0488,0.0500,0.0645,0.1441,0.4496,1.3739
140,0.0625,0.0263,0.0742,0.1266,0.5023,1.3246
141,0.0279,0.0322,0.0479,0.1319,0.3719,1.2362
142,0.0301,0.0266,0.0521,0.1278,0.3458,1.2555
143,0.0310,0.0265,0.0420,0.1253,0.4057,1.3587
144,0.0628,0.0266,0.0779,0.1264,0.4541,1.2406
145,0.0705,0.0438,0.0740,0.1451,0.4631,1.4148
146,0.0302,0.0443,0.0536,0.1423,0.3446,1.3771
147,0.0288,0.0266,0.0448,0.1283,0.3489,1.1664
148,0.0316,0.0385,0.0423,0.1382,0.3462,1.3078
149,0.0264,0.0268,0.0492,0.1277,0.3894,1.2089
150,0.0298,0.0326,0.0585,0.1332,0.5431,1.3971
151,0.0329,0.0268,0.0461,0.1261,0.4598,1.3075
152,0.0309,0.0266,0.0526,0.1292,0.3419,1.2919
153,0.0290,0.0267,0.0591,0.1300,0.3347,1.2034
154,0.0231,0.0269,0.0418,0.1305,0.4539,1.3451
155,0.0325,0.0330,0.0622,0.1337,0.3660,1.3829
156,0.0260,0.0267,0.0400,0.1312,0.4017,1.2524
157,0.0292,0.0266,0.0430,0.1313,0.3723,1.2243
158,0.0290,0.0265,0.0505,0.1256,0.4772,1.2953
159,0.0272,0.0385,0.0433,0.1353,0.3097,1.2480
160,0.0407,0.0266,0.0535,0.1276,0.4620,1.3030
161,0.0621,0.0267,0.0679,0.1313,0.3927,1.2804
162,0.0289,0.0326,0.0447,0.1319,0.3169,1.2339
163,0.0286,0.0330,0.0420,0.1327,0.3164,1.3769
164,0.0290,0.0267,0.0561,0.1244,0.4111,1.3550
165,0.0309,0.0269,0.0414,0.1281,0.2993,1.3647
166,0.0269,0.0373,0.0454,0.1352,0.4059,1.3889
167,0.0311,0.0264,0.0439,0.1246,0.4062,1.2233
168,0.0520,0.0265,0.0590,0.1246,0.3855,1.3621
169,0.0488,0.0266,0.0574,0.1259,0.3831,1.2941
170,0.0267,0.0315,0.0395,0.1264,0.5302,1.4940
171,0.0297,0.0268,0.0454,0.1256,0.4252,1.3474
172,0.0417,0.0320,0.0533,0.1275,0.3324,1.3457
173,0.0284,0.0266,0.0477,0.1256,0.4885,1.3832
174,0.0283,0.0319,0.0443,0.1321,0.2229,1.3566
175,0.0346,0.0266,0.0485,0.1269,0.4927,1.4595
176,0.0327,0.0383,0.0476,0.1350,0.4169,1.4045
177,0.0345,0.0268,0.0479,0.1315,0.3693,1.3696
178,0.0344,0.0269,0.0573,0.1327,0.3561,1.4005
179,0.0269,0.0270,0.0455,0.1219,0.5311,1.4068
180,0.0853,0.0266,0.0868,0.1273,0.5309,1.5399
181,0.0263,0.0330,0.0502,0.1279,0.4062,1.4454
182,0.0459,0.0267,0.0450,0.1282,0.3849,1.3740
183,0.0670,0.0270,0.0602,0.1313,0.5450,1.4964
184,0.0271,0.0269,0.0398,0.1271,0.2695,1.3532
185,0.0307,0.0333,0.0431,0.1338,0.4189,1.4420
186,0.0308,0.0269,0.0434,0.1254,0.3798,1.4505
187,0.0400,0.0311,0.0605,0.1270,0.4592,1.3688
188,0.0522,0.0270,0.0467,0.1274,0.4270,1.4114
189,0.0768,0.0269,0.0752,0.1260,0.4189,1.3683
190,0.0316,0.0383,0.0489,0.1331,0.3559,1.4261
191,0.0343,0.0269,0.0498,0.1211,0.4611,1.3898
192,0.0233,0.0269,0.0363,0.1265,0.4293,1.2829
193,0.0830,0.0269,0.0720,0.1224,0.5123,1.4536
194,0.0331,0.0273,0.0445,0.1303,0.3652,1.2913
195,0.0981,0.0322,0.0821,0.1276,0.4710,1.4460
196,0.0351,0.0267,0.0430,0.1281,0.3474,1.2921
197,0.0506,0.0330,0.0504,0.1320,0.4244,1.3880
198,0.0431,0.0445,0.0484,0.1351,0.3905,1.3483
199,0.0292,0.0328,0.0457,0.1300,0.3295,1.2900
200,0.0280,0.0380,0.0454,0.1307,0.4664,1.4420
201,0.0344,0.0270,0.0425,0.1305,0.4110,1.3497
202,0.0288,0.0446,0.0432,0.1398,0.3508,1.4354
203,0.1173,0.0270,0.1016,0.1303,0.4541,1.4810
204,0.0335,0.0272,0.0378,0.1271,0.4174,1.4816
205,0.0265,0.0268,0.0417,0.1276,0.3124,1.3300
206,0.0377,0.0268,0.0462,0.1229,0.3246,1.3798
207,0.0234,0.0267,0.0573,0.1290,0.3600,1.3169
208,0.0276,0.0266,0.0399,0.1234,0.3841,1.3969
209,0.0308,0.0269,0.0476,0.1242,0.4385,1.3499
210,0.0302,0.0269,0.0432,0.1271,0.4814,1.4971
211,0.0310,0.0266,0.0461,0.1233,0.3731,1.4913
212,0.0327,0.0269,0.0477,0.1248,0.4178,1.4272
213,0.0283,0.0270,0.0417,0.1268,0.5172,1.5105
214,0.0268,0.0331,0.0392,0.1288,0.4028,1.4881
215,0.0863,0.0266,0.0672,0.1187,0.4869,1.5233
216,0.0291,0.0269,0.0387,0.1229,0.3324,1.4583
217,0.0328,0.0270,0.0461,0.1301,0.4401,1.5145
218,0.0301,0.0272,0.0470,0.1253,0.4306,1.4881
219,0.0794,0.0334,0.0763,0.1324,0.4477,1.5684
220,0.0681,0.0381,0.0720,0.1355,0.3268,1.5479
221,0.0322,0.0269,0.0472,0.1214,0.4488,1.6167
222,0.0476,0.0271,0.0516,0.1261,0.3339,1.3673
223,0.0437,0.0316,0.0537,0.1302,0.4632,1.5768
224,0.0766,0.0316,0.0609,0.1266,0.4699,1.5950
225,0.0568,0.0268,0.0559,0.1213,0.4688,1.7105
226,0.0324,0.0268,0.0438,0.1225,0.2667,1.5884
227,0.0572,0.0319,0.0465,0.1292,0.4339,1.5860
228,0.0356,0.0270,0.0467,0.1232,0.4410,1.5685
229,0.0348,0.0375,0.0536,0.1274,0.4462,1.7337
230,0.0486,0.0326,0.0540,0.1272,0.4714,1.6336
231,0.0498,0.0335,0.0679,0.1282,0.4934,1.5824
232,0.0823,0.0275,0.0915,0.1293,0.4374,1.5049
233,0.0567,0.0268,0.0531,0.1239,0.3915,1.4969
234,0.0495,0.0274,0.0558,0.1297,0.2917,1.3724
235,0.0372,0.0270,0.0371,0.1291,0.3732,1.4413
236,0.0283,0.0273,0.0461,0.1244,0.3081,1.4154
237,0.0323,0.0273,0.0367,0.1311,0.2346,1.3900
238,0.0679,0.0271,0.0560,0.1246,0.4245,1.4469
239,0.0325,0.0337,0.0388,0.1281,0.2975,1.4342
240,0.0248,0.0272,0.0402,0.1285,0.3476,1.5234
241,0.0284,0.0399,0.0404,0.1319,0.4015,1.5687
242,0.0312,0.0273,0.0437,0.1270,0.4072,1.5254
243,0.0229,0.0272,0.0442,0.1264,0.4347,1.5152
244,0.0321,0.0273,0.0375,0.1306,0.3823,1.5398
245,0.0279,0.0274,0.0477,0.1308,0.2904,1.4887
246,0.0274,0.0338,0.0423,0.1337,0.3530,1.5781
247,0.0459,0.0449,0.0487,0.1370,0.3468,1.6193
248,0.0376,0.0273,0.0414,0.1264,0.4587,1.6576
249,0.0426,0.0274,0.0593,0.1300,0.3629,1.5881
250,0.0241,0.0438,0.0445,0.1294,0.4894,1.6856
251,0.0375,0.0272,0.0466,0.1274,0.4662,1.6457
252,0.0301,0.0272,0.0451,0.1270,0.3542,1.6059
253,0.0388,0.0276,0.0416,0.1339,0.2432,1.5603
254,0.0612,0.0275,0.0769,0.1300,0.4569,1.4747
255,0.0845,0.0323,0.0842,0.1295,0.4313,1.5987
256,0.0883,0.0395,0.0802,0.1322,0.4082,1.6410
257,0.0221,0.0272,0.0472,0.1303,0.2803,1.5397
258,0.0317,0.0272,0.0538,0.1305,0.3347,1.5434
259,0.1030,0.0333,0.0787,0.1230,0.4580,1.7443
260,0.0501,0.0275,0.0558,0.1283,0.3887,1.6516
261,0.0403,0.0275,0.0443,0.1294,0.3756,1.4840
262,0.0326,0.0271,0.0502,0.1274,0.4081,1.4968
263,0.0428,0.0272,0.0447,0.1257,0.3693,1.6094
264,0.0356,0.0273,0.0444,0.1305,0.3893,1.5006
265,0.0322,0.0274,0.0394,0.1293,0.3779,1.5133
266,0.0532,0.0276,0.0536,0.1245,0.3918,1.5345
267,0.1732,0.0643,0.1232,0.1349,0.4727,1.7006
268,0.0333,0.0333,0.0323,0.1309,0.3438,1.4701
269,0.0521,0.0401,0.0613,0.1343,0.3422,1.4859
270,0.0439,0.0387,0.0561,0.1365,0.3970,1.6393
271,0.0218,0.0270,0.0426,0.1231,0.3907,1.5358
272,0.0338,0.0272,0.0481,0.1254,0.3433,1.5087
273,0.1026,0.0275,0.0838,0.1263,0.3835,1.6073
274,0.0277,0.0275,0.0367,0.1245,0.4771,1.6452
275,0.0293,0.0270,0.0413,0.1330,0.3173,1.4310
276,0.0339,0.0278,0.0471,0.1330,0.3710,1.4592
277,0.0329,0.0276,0.0414,0.1339,0.3454,1.4938
278,0.0275,0.0274,0.0472,0.1331,0.3338,1.5028
279,0.0426,0.0276,0.0383,0.1308,0.3314,1.5984
280,0.0339,0.0333,0.0431,0.1322,0.4234,1.6555
281,0.0432,0.0275,0.0480,0.1297,0.4070,1.7236
282,0.0455,0.0275,0.0582,0.1238,0.4134,1.7497
283,0.0356,0.0273,0.0616,0.1267,0.3145,1.5619
284,0.0473,0.0336,0.0636,0.1291,0.4209,1.7053
285,0.0399,0.0319,0.0402,0.1289,0.3521,1.8247
286,0.0853,0.0501,0.0820,0.1341,0.4666,1.8625
287,0.0383,0.0321,0.0416,0.1259,0.4160,1.7499
288,0.0504,0.0273,0.0455,0.1272,0.3671,1.6109
289,0.0514,0.0276,0.0563,0.1313,0.2750,1.6361
290,0.0342,0.0278,0.0449,0.1345,0.2676,1.5964
291,0.0331,0.0275,0.0393,0.1300,0.3942,1.6167
292,0.0288,0.0280,0.0388,0.1343,0.3085,1.4629
293,0.0909,0.0548,0.0933,0.1361,0.4909,1.8715
294,0.0313,0.0339,0.0368,0.1276,0.3642,1.7942
295,0.0711,0.0475,0.0747,0.1291,0.4886,1.8977
296,0.0365,0.0274,0.0372,0.1287,0.3668,1.6139
297,0.0415,0.0276,0.0398,0.1303,0.3606,1.6466
298,0.0425,0.0271,0.0662,0.1293,0.4916,1.6411
299,0.0477,0.0329,0.0418,0.1320,0.4570,1.6416
300,0.0297,0.0276,0.0449,0.1279,0.3724,1.7549
301,0.0815,0.0276,0.0648,0.1224,0.5039,1.8513
302,0.0479,0.0328,0.0433,0.1288,0.3567,1.7766
303,0.0435,0.0340,0.0487,0.1308,0.3316,1.6587
304,0.0330,0.0328,0.0487,0.1321,0.3273,1.5899
305,0.0874,0.0275,0.0832,0.1232,0.5018,1.7944
306,0.0680,0.0365,0.0629,0.1283,0.4624,1.7346
307,0.0346,0.0279,0.0512,0.1282,0.3657,1.6350
308,0.0407,0.0277,0.0496,0.1307,0.2983,1.5097
309,0.1078,0.0509,0.1023,0.1331,0.5378,1.9395
310,0.0273,0.0279,0.0425,0.1331,0.5030,1.6807
311,0.0399,0.0335,0.0474,0.1270,0.4099,1.8500
312,0.0336,0.0281,0.0439,0.1339,0.4037,1.7597
313,0.0422,0.0275,0.0477,0.1266,0.4689,1.8196
314,0.0958,0.0277,0.0919,0.1313,0.5070,1.9386
315,0.0407,0.0334,0.0550,0.1318,0.4050,1.8854
316,0.0444,0.0278,0.0448,0.1309,0.3796,1.8583
317,0.0394,0.0334,0.0517,0.1352,0.2971,1.5842
318,0.0386,0.0338,0.0526,0.1358,0.4430,1.7268
319,0.0358,0.0373,0.0503,0.1356,0.4817,1.7559
320,0.0430,0.0338,0.0431,0.1310,0.3657,1.7830
321,0.0616,0.0277,0.0590,0.1262,0.4946,1.8038
322,0.0512,0.0342,0.0447,0.1352,0.3339,1.6514
323,0.0494,0.0276,0.0599,0.1307,0.2845,1.6517
324,0.0557,0.0280,0.0553,0.1319,0.3081,1.5360
325,0.1116,0.0708,0.0926,0.1376,0.4376,1.9195
326,0.0317,0.0280,0.0447,0.1295,0.3644,1.6365
327,0.0327,0.0397,0.0426,0.1351,0.2988,1.5975
328,0.0292,0.0277,0.0460,0.1318,0.2712,1.6132
329,0.0301,0.0278,0.0498,0.1287,0.3553,1.6188
330,0.0331,0.0333,0.0444,0.1316,0.2941,1.6464
331,0.0401,0.0337,0.0383,0.1294,0.3208,1.8284
332,0.0437,0.0335,0.0423,0.1334,0.3095,1.6294
333,0.0415,0.0401,0.0607,0.1341,0.4700,1.8105
334,0.0287,0.0277,0.0513,0.1276,0.4439,1.6762
335,0.0479,0.0278,0.0528,0.1312,0.4264,1.6827
336,0.0279,0.0279,0.0475,0.1315,0.2876,1.7290
337,0.0370,0.0335,0.0525,0.1260,0.4631,1.8210
338,0.0718,0.0280,0.0597,0.1292,0.4441,1.8614
339,0.0352,0.0341,0.0449,0.1373,0.3084,1.6232
340,0.1017,0.0329,0.0804,0.1294,0.4276,1.8195
341,0.0370,0.0283,0.0541,0.1364,0.3133,1.5404
342,0.0308,0.0338,0.0421,0.1357,0.2930,1.7013
343,0.0596,0.0273,0.0600,0.1285,0.4809,1.6941
344,0.0333,0.0282,0.0492,0.1354,0.3234,1.6511
345,0.0570,0.0282,0.0614,0.1295,0.2675,1.7724
346,0.0359,0.0278,0.0465,0.1233,0.2995,1.8415
347,0.0352,0.0281,0.0407,0.1314,0.2098,1.7023
348,0.0493,0.0283,0.0482,0.1330,0.2887,1.7537
349,0.0433,0.0280,0.0434,0.1300,0.4252,1.7261
350,0.0517,0.0282,0.0589,0.1352,0.2974,1.6436
351,0.0593,0.0281,0.0579,0.1284,0.3389,1.6823
352,0.0730,0.0451,0.0627,0.1332,0.3596,1.7761
353,0.0617,0.0280,0.0536,0.1315,0.4578,1.7988
354,0.0239,0.0281,0.0444,0.1321,0.3854,1.6152
355,0.0344,0.0436,0.0468,0.1361,0.4329,1.7168
356,0.0667,0.0401,0.0714,0.1371,0.3044,1.7372
357,0.0630,0.0397,0.0610,0.1322,0.3362,1.7360
358,0.1445,0.0537,0.0984,0.1304,0.4909,2.0566
359,0.0433,0.0279,0.0490,0.1297,0.2969,1.7566
360,0.0282,0.0277,0.0426,0.1229,0.4044,1.7657
361,0.1010,0.0333,0.0690,0.1266,0.4243,1.8452
362,0.0714,0.0285,0.0647,0.1317,0.3560,1.7230
363,0.0336,0.0280,0.0492,0.1411,0.2217,1.5747
364,0.0437,0.0282,0.0390,0.1295,0.2572,1.7720
365,0.0771,0.0344,0.0695,0.1386,0.3771,1.6472
366,0.1030,0.0284,0.0852,0.1326,0.2936,1.7566
367,0.0402,0.0334,0.0516,0.1416,0.3567,1.6754
368,0.0388,0.0279,0.0393,0.1266,0.3722,1.8511
369,0.0608,0.0339,0.0499,0.1374,0.3807,1.7310
370,0.0383,0.0277,0.0472,0.1304,0.3662,1.8089
371,0.0291,0.0282,0.0498,0.1346,0.4242,1.7729
372,0.0434,0.0280,0.0380,0.1394,0.3208,1.7424
373,0.0470,0.0345,0.0390,0.1368,0.3473,1.7660
374,0.0481,0.0279,0.0534,0.1298,0.4634,1.8652
375,0.0393,0.0341,0.0471,0.1352,0.2713,1.8675
376,0.1190,0.0391,0.0788,0.1280,0.4826,2.0227
377,0.0580,0.0282,0.0453,0.1289,0.3635,1.7562
378,0.0380,0.0280,0.0457,0.1292,0.3629,1.6640
379,0.0545,0.0335,0.0564,0.1300,0.3730,1.9297
380,0.0334,0.0283,0.0480,0.1353,0.3314,1.5797
381,0.0251,0.0279,0.0386,0.1285,0.3117,1.7584
382,0.0460,0.0281,0.0492,0.1321,0.3348,1.6523
383,0.0497,0.0446,0.0540,0.1387,0.2820,1.7791
384,0.0976,0.0512,0.0747,0.1347,0.3789,1.8476
385,0.0390,0.0280,0.0467,0.1331,0.3252,1.7855
386,0.0438,0.0282,0.0494,0.1350,0.3490,1.6231
387,0.0772,0.0284,0.0657,0.1347,0.3374,1.7959
388,0.0666,0.0283,0.0518,0.1373,0.3762,1.7358
389,0.0779,0.0325,0.0692,0.1325,0.3937,1.8854
390,0.0329,0.0281,0.0480,0.1291,0.3084,1.8211
391,0.0304,0.0277,0.0486,0.1234,0.4228,1.9597
392,0.0533,0.0283,0.0499,0.1362,0.3548,1.8320
393,0.0642,0.0341,0.0602,0.1390,0.3763,1.8367
394,0.0907,0.0283,0.0614,0.1358,0.3569,1.8707
395,0.0515,0.0279,0.0439,0.1327,0.2644,1.9725
396,0.0367,0.0285,0.0432,0.1421,0.3226,1.7012
397,0.0342,0.0281,0.0508,0.1393,0.2936,1.6939
398,0.0522,0.0281,0.0511,0.1327,0.2415,1.8734
399,0.0756,0.0344,0.0546,0.1313,0.4025,1.9623
400,0.0818,0.0345,0.0511,0.1397,0.2622,1.8783
401,0.0563,0.0342,0.0505,0.1318,0.3980,2.0366
402,0.0361,0.0346,0.0406,0.1410,0.3170,1.8249
403,0.0469,0.0282,0.0491,0.1367,0.3098,1.8381
404,0.0388,0.0282,0.0429,0.1380,0.3138,1.7499
405,0.0480,0.0284,0.0510,0.1343,0.2857,1.8635
406,0.0696,0.0285,0.0581,0.1375,0.3357,1.7769
407,0.0536,0.0286,0.0369,0.1439,0.2619,1.6807
408,0.0816,0.0463,0.0768,0.1386,0.3727,2.1039
409,0.0508,0.0281,0.0401,0.1353,0.1895,1.7507
410,0.0412,0.0285,0.0585,0.1346,0.4145,1.8151
411,0.0424,0.0281,0.0462,0.1422,0.3059,1.7398
412,0.0546,0.0285,0.0458,0.1344,0.2662,1.8613
413,0.0624,0.0282,0.0504,0.1340,0.3545,1.8343
414,0.0333,0.0281,0.0332,0.1379,0.1619,1.7494
415,0.0510,0.0280,0.0494,0.1331,0.2783,1.8535
416,0.0351,0.0284,0.0420,0.1345,0.2749,1.7440
417,0.0329,0.0381,0.0595,0.1349,0.3763,1.7260
418,0.0408,0.0287,0.0487,0.1424,0.2286,1.6003
419,0.0633,0.0285,0.0473,0.1332,0.2782,1.9285
420,0.0861,0.0401,0.0704,0.1347,0.3415,1.8813
421,0.0414,0.0287,0.0407,0.1450,0.1343,1.6867
422,0.0421,0.0284,0.0545,0.1401,0.2753,1.6865
423,0.0438,0.0346,0.0413,0.1349,0.3556,1.8786
424,0.1245,0.0481,0.0855,0.1393,0.3998,2.0492
425,0.0324,0.0281,0.0482,0.1359,0.2894,1.7270
426,0.0774,0.0340,0.0619,0.1358,0.2937,1.8789
427,0.0420,0.0285,0.0454,0.1343,0.2232,1.8044
428,0.0645,0.0342,0.0515,0.1385,0.3233,1.8492
429,0.0443,0.0457,0.0403,0.1334,0.2869,2.0148
430,0.0324,0.0281,0.0417,0.1321,0.3188,1.8370
431,0.0569,0.0341,0.0446,0.1369,0.3787,1.9008
432,0.0444,0.0282,0.0441,0.1304,0.2036,1.9470
433,0.0743,0.0282,0.0644,0.1359,0.3069,1.9089
434,0.0938,0.0285,0.0648,0.1318,0.3094,1.8826
435,0.1182,0.0556,0.0935,0.1341,0.5050,2.2296
436,0.0341,0.0343,0.0471,0.1358,0.3146,1.7602
437,0.0449,0.0345,0.0465,0.1383,0.3040,1.7501
438,0.0471,0.0284,0.0618,0.1399,0.2879,1.6939
439,0.0724,0.0329,0.0760,0.1377,0.3255,1.9637
440,0.0831,0.0344,0.0536,0.1384,0.3992,1.9173
441,0.0496,0.0290,0.0592,0.1451,0.2989,1.7508
442,0.0542,0.0282,0.0503,0.1388,0.3023,1.7496
443,0.2694,0.0840,0.1859,0.1382,0.4022,2.3543
444,0.0294,0.0342,0.0472,0.1423,0.1800,1.6718
445,0.0696,0.0287,0.0644,0.1429,0.2911,1.6024
446,0.0311,0.0285,0.0352,0.1343,0.2788,1.8853
447,0.0583,0.0286,0.0451,0.1387,0.3170,1.8109
448,0.0831,0.0331,0.0535,0.1402,0.2753,1.8472
449,0.0321,0.0344,0.0534,0.1373,0.2404,1.8813
450,0.0469,0.0288,0.0508,0.1428,0.2642,1.8490
451,0.0555,0.0288,0.0522,0.1359,0.2965,1.9996
452,0.0563,0.0347,0.0535,0.1386,0.2205,1.9305
453,0.0903,0.0398,0.0596,0.1346,0.3506,1.9743
454,0.0587,0.0286,0.0523,0.1362,0.3030,1.8519
455,0.0914,0.0402,0.0878,0.1377,0.3303,1.9515
456,0.0416,0.0390,0.0373,0.1465,0.2825,1.8879
457,0.0384,0.0341,0.0377,0.1409,0.2483,2.1673
458,0.0344,0.0284,0.0507,0.1284,0.2662,2.0216
459,0.0459,0.0286,0.0457,0.1387,0.2528,2.0085
460,0.0555,0.0287,0.0609,0.1370,0.2731,1.9614
461,0.0484,0.0284,0.0442,0.1450,0.2892,1.8118
462,0.0958,0.0441,0.0667,0.1385,0.3189,2.2176
463,0.0595,0.0328,0.0563,0.1385,0.3119,2.0184
464,0.0594,0.0287,0.0435,0.1304,0.3281,2.1244
465,0.0417,0.0285,0.0633,0.1330,0.3994,1.9539
466,0.1114,0.0391,0.0781,0.1384,0.3342,2.1262
467,0.0571,0.0634,0.0526,0.1530,0.2891,2.1758
468,0.0370,0.0347,0.0610,0.1400,0.3334,2.0872
469,0.0835,0.0287,0.0544,0.1338,0.3471,2.0994
470,0.0298,0.0285,0.0514,0.1383,0.3080,1.7955
471,0.0440,0.0289,0.0586,0.1432,0.2854,1.7788
472,0.0867,0.0346,0.0627,0.1388,0.3498,1.9409
473,0.0412,0.0284,0.0422,0.1418,0.2170,1.8685
474,0.0329,0.0287,0.0381,0.1467,0.2281,1.7891
475,0.0547,0.0289,0.0697,0.1343,0.3645,2.1950
476,0.0419,0.0284,0.0527,0.1451,0.2310,1.8360
477,0.0367,0.0390,0.0595,0.1473,0.2008,1.8462
478,0.0454,0.0352,0.0478,0.1512,0.2708,1.9312
479,0.0435,0.0393,0.0483,0.1484,0.2335,2.0442
480,0.0310,0.0284,0.0489,0.1353,0.3060,2.1185
481,0.0359,0.0290,0.0421,0.1419,0.3565,1.9746
482,0.0535,0.0285,0.0420,0.1308,0.2948,2.1581
483,0.0415,0.0346,0.0494,0.1509,0.2572,1.7844
484,0.0479,0.0348,0.0469,0.1369,0.3400,2.0008
485,0.0400,0.0286,0.0685,0.1340,0.3715,2.0463
486,0.1158,0.0391,0.0919,0.1436,0.2997,2.1742
487,0.0463,0.0287,0.0426,0.1384,0.3311,1.9572
488,0.0947,0.0340,0.0677,0.1416,0.3553,2.1247
489,0.0532,0.0403,0.0530,0.1465,0.2944,2.0034
490,0.0374,0.0286,0.0646,0.1350,0.3117,2.1125
491,0.0499,0.0288,0.0466,0.1526,0.2717,1.8996
492,0.1095,0.0286,0.0631,0.1381,0.3685,2.0838
493,0.1045,0.0343,0.0745,0.1412,0.4096,2.2027
494,0.0351,0.0289,0.0475,0.1407,0.3794,2.0919
495,0.0378,0.0408,0.0646,0.1454,0.3969,2.1382
496,0.0372,0.0335,0.0541,0.1450,0.3118,2.0812
497,0.0966,0.0289,0.0647,0.1390,0.3473,2.1610
498,0.0513,0.0346,0.0519,0.1482,0.3038,2.0739
499,0.0479,0.0283,0.0560,0.1403,0.3243,2.1531
500,0.0490,0.0290,0.0471,0.1476,0.3290,1.9062
501,0.0544,0.0341,0.0673,0.1431,0.2820,2.0596
502,0.0304,0.0295,0.0531,0.1506,0.2201,1.8491
503,0.0381,0.0288,0.0490,0.1460,0.2241,1.8892
504,0.0444,0.0290,0.0472,0.1529,0.1645,1.7074
505,0.0439,0.0350,0.0529,0.1494,0.2597,1.8052
506,0.0520,0.0287,0.0434,0.1504,0.1873,1.8360
507,0.0459,0.0286,0.0468,0.1448,0.2081,1.6516
508,0.0365,0.0285,0.0495,0.1421,0.3159,1.8030
509,0.0622,0.0286,0.0619,0.1512,0.2771,1.8062
510,0.0639,0.0347,0.0622,0.1524,0.1815,1.9173
511,0.0905,0.0290,0.0801,0.1505,0.2701,1.8660
512,0.0387,0.0347,0.0412,0.1401,0.1984,2.0618
513,0.1033,0.0284,0.0920,0.1378,0.3283,2.2403
514,0.0692,0.0378,0.0601,0.1509,0.2706,2.0474
515,0.0763,0.0337,0.0650,0.1391,0.2300,2.2753
516,0.0545,0.0291,0.0575,0.1503,0.2113,1.9018
517,0.0698,0.0345,0.0580,0.1471,0.3243,2.0422
518,0.0563,0.0289,0.0504,0.1524,0.2754,1.9088
519,0.1177,0.0283,0.0853,0.1385,0.3303,2.2030
520,0.1024,0.0286,0.0953,0.1356,0.4392,2.2109
521,0.0662,0.0350,0.0582,0.1460,0.2496,2.0796
522,0.1053,0.0293,0.0824,0.1461,0.3378,2.1413
523,0.0589,0.0289,0.0573,0.1467,0.2373,1.9882
524,0.0574,0.0346,0.0544,0.1482,0.2842,2.0738
525,0.0271,0.0349,0.0508,0.1519,0.3048,1.9901
526,0.0815,0.0342,0.0635,0.1453,0.3351,2.2470
527,0.0475,0.0294,0.0629,0.1484,0.3325,1.9608
528,0.0439,0.0284,0.0627,0.1452,0.3217,1.9250
529,0.0529,0.0341,0.0545,0.1456,0.2470,2.0301
530,0.0740,0.0286,0.0763,0.1419,0.3984,2.1480
531,0.0845,0.0290,0.0841,0.1437,0.2355,2.0192
532,0.0541,0.0290,0.0551,0.1455,0.2537,2.0032
533,0.0513,0.0287,0.0553,0.1438,0.3065,1.9535
534,0.0432,0.0353,0.0577,0.1443,0.3231,2.0491
535,0.0385,0.0465,0.0545,0.1586,0.2571,2.0950
536,0.0403,0.0352,0.0479,0.1514,0.2494,1.9191
537,0.0838,0.0289,0.0699,0.1375,0.3068,2.1234
538,0.0778,0.0332,0.0634,0.1446,0.3314,2.0078
539,0.0486,0.0350,0.0634,0.1512,0.2406,1.8513
540,0.0396,0.0292,0.0564,0.1536,0.1619,1.8467
541,0.0422,0.0298,0.0506,0.1551,0.1758,1.9209
542,0.0864,0.0292,0.0890,0.1433,0.2093,2.1311
543,0.0613,0.0291,0.0458,0.1458,0.1403,1.9957
544,0.0329,0.0294,0.0482,0.1524,0.2171,1.9070
545,0.0389,0.0291,0.0555,0.1462,0.2859,1.9447
546,0.0494,0.0357,0.0432,0.1562,0.1627,1.9463
547,0.0599,0.0288,0.0532,0.1498,0.2987,1.9059
548,0.0474,0.0355,0.0426,0.1579,0.2404,2.0039
549,0.0512,0.0294,0.0571,0.1584,0.2502,1.8774
550,0.0774,0.0290,0.0658,0.1467,0.1898,2.0934
551,0.0743,0.0430,0.0864,0.1588,0.3202,2.0984
552,0.0498,0.0349,0.0550,0.1568,0.3202,1.9553
553,0.0636,0.0295,0.0640,0.1535,0.2490,1.9146
554,0.0664,0.0292,0.0518,0.1451,0.2126,1.9249
555,0.0642,0.0293,0.0616,0.1584,0.2533,1.9509
556,0.0613,0.0354,0.0615,0.1523,0.1729,2.0224
557,0.0588,0.0352,0.0495,0.1632,0.1405,1.8902
558,0.0761,0.0292,0.0613,0.1468,0.1462,2.0270
559,0.1174,0.0288,0.0710,0.1448,0.3273,2.1726
560,0.0947,0.0291,0.0629,0.1465,0.2560,2.2460
561,0.0771,0.0290,0.0775,0.1398,0.2125,2.3016
562,0.0601,0.0353,0.0505,0.1465,0.2824,2.1971
563,0.0593,0.0351,0.0553,0.1511,0.2516,2.0894
564,0.0571,0.0293,0.0597,0.1547,0.1960,1.9011
565,0.0896,0.0344,0.0653,0.1470,0.3122,2.2676
566,0.0648,0.0393,0.0565,0.1544,0.2175,2.1863
567,0.1113,0.0354,0.0840,0.1458,0.2512,2.3246
568,0.0620,0.0447,0.0729,0.1478,0.2836,2.6924
569,0.1323,0.0288,0.1037,0.1395,0.3776,2.4186
570,0.0557,0.0350,0.0554,0.1543,0.3018,2.0901
571,0.0318,0.0291,0.0583,0.1481,0.3362,2.2320
572,0.0475,0.0295,0.0493,0.1442,0.2589,2.2566
573,0.0415,0.0393,0.0405,0.1497,0.3241,2.5230
574,0.1053,0.0284,0.0714,0.1411,0.3557,2.1901
575,0.0637,0.0291,0.0565,0.1443,0.2303,2.2745
576,0.0504,0.0297,0.0519,0.1641,0.1671,1.9975
577,0.0566,0.0357,0.0545,0.1633,0.2705,2.0734
578,0.0582,0.0288,0.0728,0.1465,0.3069,2.0410
579,0.0407,0.0352,0.0662,0.1536,0.2349,1.9714
580,0.0610,0.0399,0.0591,0.1499,0.2571,2.1215
581,0.0431,0.0289,0.0544,0.1499,0.2216,1.9608
582,0.0678,0.0292,0.0600,0.1436,0.3149,2.3398
583,0.0466,0.0293,0.0511,0.1555,0.2219,2.1964
584,0.1222,0.0348,0.1013,0.1468,0.2269,2.4015
585,0.1928,0.0460,0.1562,0.1620,0.3812,2.4313
586,0.0892,0.0496,0.0857,0.1539,0.4186,2.3470
587,0.1186,0.0417,0.0822,0.1567,0.2634,2.1337
588,0.0641,0.0396,0.0454,0.1533,0.2467,2.2436
589,0.0456,0.0409,0.0543,0.1612,0.2944,2.2390
590,0.0759,0.0296,0.0453,0.1626,0.2343,2.0317
591,0.0605,0.0292,0.0676,0.1550,0.2589,2.1640
592,0.0568,0.0297,0.0554,0.1560,0.1891,2.2759
593,0.0550,0.0294,0.0668,0.1561,0.2191,2.2166
594,0.0556,0.0290,0.0624,0.1574,0.3025,1.9418
595,0.0709,0.0295,0.0618,0.1474,0.2869,2.4291
596,0.0691,0.0300,0.0504,0.1609,0.2427,2.0874
597,0.0412,0.0344,0.0662,0.1565,0.3366,2.1887
598,0.0471,0.0354,0.0586,0.1549,0.1821,2.1497
599,0.0921,0.0346,0.0794,0.1464,0.3041,2.3394
600,0.0902,0.0297,0.0655,0.1520,0.3029,2.0752
601,0.0620,0.0292,0.0661,0.1459,0.2687,2.1110
602,0.1213,0.0334,0.0910,0.1496,0.3449,2.2743
603,0.0700,0.0407,0.0698,0.1623,0.2317,2.0576
604,0.0610,0.0298,0.0545,0.1626,0.1583,1.9363
605,0.0745,0.0339,0.0695,0.1574,0.3042,2.0055
606,0.0692,0.0293,0.0545,0.1497,0.2016,2.1141
607,0.0432,0.0354,0.0600,0.1608,0.1958,2.1785
608,0.0810,0.0296,0.0724,0.1572,0.2671,2.0733
609,0.1077,0.0295,0.0924,0.1525,0.2269,2.2863
610,0.0558,0.0291,0.0617,0.1609,0.2007,1.9822
611,0.0437,0.0292,0.0490,0.1564,0.2558,2.1031
612,0.1199,0.0294,0.0944,0.1397,0.3556,2.4430
613,0.0886,0.0298,0.0853,0.1586,0.3552,2.1219
614,0.0558,0.0390,0.0492,0.1598,0.2329,2.1202
615,0.0379,0.0296,0.0506,0.1606,0.2265,1.9476
616,0.0614,0.0295,0.0655,0.1619,0.1574,2.0011
617,0.0726,0.0296,0.0703,0.1564,0.2355,2.1693
618,0.0705,0.0292,0.0780,0.1484,0.1907,2.2065
619,0.1191,0.0295,0.0848,0.1490,0.3370,2.1863
620,0.0853,0.0416,0.0795,0.1594,0.2502,2.1339
621,0.0866,0.0349,0.0731,0.1646,0.2750,2.1240
622,0.0461,0.0295,0.0671,0.1647,0.2273,1.9537
623,0.0395,0.0409,0.0498,0.1665,0.3408,2.3734
624,0.0420,0.0297,0.0708,0.1554,0.2103,2.2430
625,0.0776,0.0300,0.0739,0.1634,0.2582,2.2642
626,0.1314,0.0298,0.0934,0.1582,0.3147,2.2634
627,0.0459,0.0343,0.0581,0.1605,0.2899,1.9940
628,0.0809,0.0295,0.0641,0.1525,0.2771,2.2024
629,0.0494,0.0296,0.0485,0.1625,0.2449,2.1698
630,0.1039,0.0293,0.0905,0.1502,0.3183,2.1551
631,0.0829,0.0566,0.0580,0.1607,0.2777,2.5073
632,0.0387,0.0349,0.0638,0.1505,0.3477,2.3019
633,0.0770,0.0398,0.0646,0.1705,0.3533,2.3716
634,0.0369,0.0359,0.0589,0.1599,0.2730,2.0566
635,0.0544,0.0296,0.0608,0.1510,0.3128,2.3236
636,0.0686,0.0301,0.0819,0.1680,0.3020,2.1173
637,0.0431,0.0351,0.0693,0.1550,0.3005,2.3803
638,0.0663,0.0292,0.0667,0.1587,0.2661,2.1577
639,0.0350,0.0294,0.0452,0.1594,0.1786,1.8443
640,0.0344,0.0420,0.0540,0.1570,0.3405,2.5167
641,0.1048,0.0344,0.0826,0.1496,0.3521,2.5798
642,0.0444,0.0300,0.0676,0.1642,0.2534,1.9451
643,0.1168,0.0297,0.0737,0.1569,0.2761,2.2940
644,0.0674,0.0404,0.0591,0.1664,0.2115,2.2803
645,0.0920,0.0296,0.0622,0.1604,0.2715,2.1061
646,0.0562,0.0295,0.0634,0.1530,0.2663,2.4134
647,0.0603,0.0359,0.0571,0.1585,0.2604,2.2801
648,0.1115,0.0351,0.0747,0.1660,0.2752,2.2788
649,0.0655,0.0292,0.0618,0.1530,0.2063,2.2145
650,0.0595,0.0354,0.0514,0.1602,0.2031,2.2256
651,0.0731,0.0287,0.0719,0.1553,0.1966,2.1829
652,0.0860,0.0297,0.0593,0.1562,0.2862,2.4447
653,0.0648,0.0295,0.0708,0.1578,0.2199,2.1619
654,0.0958,0.0289,0.0852,0.1488,0.3521,2.4446
655,0.0532,0.0296,0.0565,0.1619,0.2235,2.1336
656,0.1113,0.0350,0.0900,0.1634,0.2901,2.2908
657,0.0571,0.0294,0.0542,0.1679,0.1830,1.9458
658,0.0616,0.0298,0.0733,0.1629,0.2930,2.1851
659,0.1105,0.0353,0.0893,0.1568,0.3122,2.3620
660,0.0429,0.0412,0.0575,0.1613,0.2197,2.3939
661,0.0656,0.0391,0.0561,0.1668,0.2531,2.2010
662,0.0568,0.0356,0.0675,0.1648,0.2384,2.3523
663,0.0477,0.0349,0.0503,0.1623,0.2069,2.0994
664,0.0581,0.0343,0.0592,0.1606,0.2368,2.2372
665,0.0783,0.0393,0.0805,0.1592,0.2670,2.4314
666,0.1136,0.0292,0.0789,0.1556,0.2918,2.2534
667,0.0675,0.0350,0.0804,0.1742,0.2348,2.0595
668,0.0765,0.0295,0.0673,0.1644,0.2150,2.2546
669,0.0550,0.0296,0.0623,0.1665,0.2289,2.0169
670,0.0769,0.0300,0.0652,0.1741,0.2416,2.2127
671,0.0795,0.0294,0.0724,0.1620,0.2345,2.0701
672,0.0786,0.0302,0.0845,0.1657,0.2541,2.4294
673,0.0806,0.0472,0.0824,0.1701,0.2286,2.4708
674,0.0508,0.0360,0.0471,0.1684,0.2484,2.4356
675,0.1139,0.0346,0.0795,0.1644,0.2516,2.3500
676,0.0388,0.0346,0.0525,0.1747,0.2175,2.0655
677,0.0723,0.0351,0.0531,0.1596,0.2570,2.2444
678,0.2547,0.0737,0.1815,0.1628,0.3519,2.8429
679,0.0464,0.0300,0.0573,0.1685,0.2597,2.0795
680,0.0594,0.0412,0.0544,0.1681,0.2092,2.2521
681,0.0650,0.0400,0.0605,0.1662,0.2197,2.2708
682,0.1008,0.0298,0.0709,0.1561,0.1894,2.2215
683,0.0981,0.0408,0.0730,0.1562,0.2901,2.5804
684,0.0801,0.0358,0.0722,0.1653,0.2756,2.2659
685,0.0824,0.0292,0.0761,0.1621,0.1777,2.2234
686,0.0699,0.0301,0.0599,0.1806,0.1854,2.0312
687,0.0925,0.0454,0.0822,0.1722,0.2744,2.2998
688,0.2283,0.0670,0.1779,0.1688,0.4020,3.0337
689,0.0927,0.0295,0.0812,0.1519,0.3177,2.4736
690,0.0631,0.0359,0.0574,0.1792,0.2246,2.1170
691,0.0746,0.0297,0.0773,0.1612,0.2227,2.3294
692,0.1539,0.0415,0.1025,0.1695,0.2748,2.2740
693,0.0740,0.0359,0.0763,0.1813,0.2344,2.0894
694,0.0438,0.0360,0.0587,0.1719,0.3076,2.1080
695,0.0544,0.0304,0.0560,0.1694,0.2669,2.2666
696,0.0622,0.0296,0.0723,0.1628,0.2882,2.3204
697,0.0837,0.0294,0.0643,0.1760,0.2845,2.2379
698,0.0520,0.0300,0.0724,0.1783,0.2411,2.1704
699,0.0552,0.0297,0.0626,0.1673,0.2228,2.4602
700,0.0500,0.0360,0.0581,0.1790,0.2280,2.4115
701,0.0509,0.0299,0.0665,0.1777,0.2610,2.2824
702,0.1179,0.0294,0.0938,0.1623,0.1748,2.7670
703,0.0518,0.0299,0.0635,0.1675,0.2283,2.0672
704,0.0580,0.0301,0.0701,0.1756,0.1614,2.2027
705,0.0800,0.0300,0.0618,0.1750,0.1569,2.1602
706,0.0568,0.0453,0.0654,0.1817,0.2217,2.7561
707,0.1328,0.0360,0.1180,0.1705,0.2979,2.3550
708,0.0657,0.0337,0.0616,0.1727,0.1845,2.3058
709,0.0548,0.0297,0.0734,0.1752,0.2117,1.9905
710,0.1372,0.0348,0.1027,0.1639,0.3404,2.6458
711,0.0818,0.0305,0.0895,0.1767,0.2355,2.4461
712,0.0891,0.0361,0.0766,0.1815,0.2787,2.3348
713,0.0498,0.0350,0.0607,0.1728,0.2722,2.2675
714,0.1025,0.0302,0.0845,0.1753,0.2897,2.4583
715,0.0499,0.0359,0.0617,0.1683,0.2868,2.6986
716,0.2639,0.0783,0.2233,0.1688,0.3822,3.7729
717,0.0668,0.0299,0.0572,0.1767,0.1878,2.1776
718,0.0686,0.0298,0.0594,0.1726,0.2568,2.2719
719,0.0621,0.0299,0.0764,0.1672,0.2649,2.5085
720,0.0867,0.0302,0.1002,0.1764,0.2589,2.2310
721,0.0657,0.0302,0.0606,0.1751,0.2047,2.2245
722,0.0604,0.0302,0.0710,0.1736,0.2639,2.3978
723,0.0737,0.0300,0.0765,0.1764,0.2061,2.4276
724,0.0557,0.0419,0.0823,0.1909,0.2654,2.1044
725,0.1789,0.0294,0.1301,0.1570,0.2968,2.9262
726,0.1225,0.0576,0.0950,0.1859,0.2213,2.5542
727,0.0605,0.0358,0.0587,0.1723,0.2569,2.5262
728,0.0859,0.0297,0.0980,0.1693,0.2357,2.4991
729,0.0390,0.0294,0.0832,0.1569,0.2318,2.7692
730,0.0837,0.0350,0.0623,0.1768,0.1928,2.4819
731,0.0661,0.0406,0.0848,0.1751,0.2697,2.6030
732,0.0659,0.0299,0.0735,0.1695,0.2904,2.7000
733,0.0642,0.0297,0.0773,0.1709,0.1867,2.4508
734,0.0795,0.0302,0.0763,0.1819,0.2064,2.1424
735,0.0705,0.0300,0.0697,0.1810,0.1980,2.2324
736,0.0638,0.0299,0.0740,0.1747,0.2046,2.4327
737,0.0596,0.0299,0.0635,0.1737,0.2040,2.2039
738,0.0724,0.0299,0.0812,0.1592,0.2155,3.0547
739,0.0491,0.0300,0.0956,0.1713,0.2791,2.4816
740,0.0652,0.0350,0.0616,0.1836,0.2213,2.4499
741,0.0781,0.0305,0.0701,0.1801,0.2764,2.4953
742,0.0758,0.0297,0.0753,0.1714,0.2645,2.4267
743,0.0805,0.0303,0.0758,0.1794,0.2582,2.2784
744,0.0768,0.0304,0.0763,0.1801,0.3205,2.4896
745,0.0652,0.0368,0.0635,0.1829,0.1944,2.5760
746,0.0779,0.0523,0.0902,0.1836,0.2472,2.6826
747,0.0680,0.0295,0.0799,0.1744,0.3208,2.5083
748,0.0960,0.0302,0.0806,0.1796,0.1810,2.3663
749,0.0606,0.0300,0.0778,0.1684,0.2936,2.6694
750,0.0468,0.0421,0.0589,0.1742,0.2826,2.7011
751,0.0723,0.0301,0.0638,0.1778,0.1437,2.5665
752,0.0482,0.0355,0.0674,0.1822,0.2199,2.4653
753,0.1291,0.0306,0.1323,0.1915,0.2387,2.2478
754,0.0845,0.0360,0.0973,0.1817,0.2508,2.5615
755,0.0792,0.0298,0.0646,0.1821,0.2305,2.4413
756,0.1393,0.0299,0.1225,0.1631,0.2485,2.4013
757,0.0962,0.0303,0.0976,0.1797,0.2638,2.3953
758,0.0702,0.0421,0.0986,0.1763,0.2695,2.8719
759,0.0886,0.0306,0.0884,0.1818,0.2297,2.4653
760,0.1563,0.0468,0.1372,0.1824,0.2730,2.9027
761,0.0869,0.0296,0.0933,0.1774,0.2238,2.3559
762,0.0473,0.0357,0.0610,0.1820,0.2217,2.5201
763,0.0837,0.0355,0.0747,0.1754,0.2861,2.7339
764,0.0725,0.0302,0.0644,0.1835,0.2134,2.3799
765,0.0765,0.0306,0.0723,0.1815,0.2737,2.3318
766,0.1140,0.0304,0.1054,0.1776,0.2766,2.6304
767,0.0803,0.0301,0.0773,0.1813,0.2545,2.2028
768,0.1183,0.0308,0.1084,0.1869,0.2369,2.4655
769,0.1012,0.0303,0.0892,0.1751,0.3054,2.4598
770,0.0676,0.0302,0.0579,0.1819,0.1815,2.2978
771,0.0902,0.0299,0.1014,0.1785,0.2770,2.5312
772,0.0950,0.0363,0.0788,0.1789,0.1875,2.9513
773,0.0922,0.0301,0.0789,0.1766,0.2245,2.4757
774,0.0538,0.0362,0.0724,0.1878,0.1795,2.2980
775,0.1269,0.0349,0.0980,0.1773,0.2657,2.3932
776,0.0765,0.0304,0.0828,0.1828,0.2091,2.3761
777,0.0705,0.0303,0.0630,0.1762,0.2152,2.4094
778,0.0491,0.0362,0.0660,0.1895,0.2491,2.1804
779,0.1064,0.0301,0.0883,0.1704,0.3209,2.5620
780,0.0991,0.0305,0.0865,0.1826,0.1964,2.5099
781,0.1035,0.0364,0.1081,0.1898,0.2941,2.6917
782,0.0893,0.0412,0.0829,0.1800,0.2317,2.6077
783,0.1026,0.0358,0.0752,0.1746,0.2326,2.5273
784,0.1365,0.0354,0.1093,0.1696,0.2947,2.5686
785,0.0928,0.0306,0.0878,0.1814,0.2281,2.5113
786,0.0807,0.0418,0.0755,0.1837,0.2062,2.7186
787,0.0421,0.0471,0.0701,0.1877,0.2874,2.7600
788,0.1197,0.0304,0.0819,0.1785,0.3006,2.3981
789,0.0705,0.0306,0.0704,0.1871,0.2102,2.3088
790,0.1224,0.0297,0.1224,0.1739,0.3029,2.6228
791,0.0535,0.0368,0.0742,0.1840,0.2492,2.4545
792,0.0583,0.0298,0.0678,0.1889,0.2287,2.1072
793,0.0799,0.0306,0.0715,0.1833,0.2937,2.4881
794,0.0722,0.0309,0.0753,0.1848,0.2436,2.3162
795,0.0538,0.0364,0.0690,0.1866,0.1834,2.3663
796,0.0955,0.0476,0.0849,0.1833,0.2740,2.6938
797,0.0858,0.0528,0.0840,0.1842,0.2558,3.1299
798,0.0587,0.0306,0.0735,0.1830,0.1874,2.3436
799,0.1139,0.0301,0.0825,0.1761,0.1773,2.5197
800,0.0750,0.0304,0.0796,0.1717,0.1760,2.6203
801,0.0517,0.0309,0.0622,0.1892,0.2129,2.2593
802,0.0814,0.0305,0.0730,0.1829,0.2845,2.4648
803,0.0703,0.0302,0.0766,0.1849,0.2105,2.2812
804,0.1415,0.0408,0.1316,0.1717,0.3985,3.2850
805,0.0713,0.0358,0.0743,0.1869,0.2406,2.4685
806,0.0429,0.0296,0.0869,0.1791,0.2521,2.2644
807,0.0699,0.0307,0.0712,0.1848,0.3249,2.6598
808,0.1035,0.0351,0.0801,0.1837,0.3223,2.5169
809,0.1099,0.0354,0.0927,0.1864,0.3757,2.7353
810,0.1105,0.0402,0.1098,0.1814,0.3598,2.8256
811,0.1171,0.0301,0.0996,0.1777,0.2577,2.3813
812,0.1032,0.0352,0.0996,0.1921,0.1761,2.5603
813,0.0763,0.0367,0.0672,0.1978,0.1958,2.3545
814,0.0509,0.0347,0.0697,0.1826,0.3000,2.4166
815,0.0919,0.0301,0.0859,0.1850,0.2045,2.5067
816,0.0739,0.0302,0.0882,0.1792,0.2527,2.3118
817,0.0966,0.0350,0.1002,0.1799,0.2246,2.8599
818,0.0788,0.0368,0.0966,0.1829,0.3730,2.8526
819,0.0694,0.0303,0.0835,0.2008,0.2169,2.3288
820,0.0767,0.0304,0.0706,0.1817,0.2322,2.5202
821,0.1164,0.0303,0.1027,0.1703,0.3480,3.0020
822,0.0947,0.0410,0.0861,0.1866,0.2205,2.6096
823,0.1337,0.0358,0.1103,0.1858,0.3095,2.6603
824,0.0573,0.0304,0.0855,0.1856,0.2660,2.6432
825,0.0875,0.0306,0.0908,0.1886,0.2824,2.5835
826,0.0739,0.0305,0.0966,0.1833,0.2244,2.7632
827,0.1020,0.0485,0.0944,0.1877,0.2698,3.0420
828,0.0541,0.0419,0.0796,0.1887,0.2614,2.9767
829,0.0952,0.0352,0.0836,0.1933,0.3237,2.4523
830,0.1024,0.0521,0.0945,0.1977,0.2950,2.7424
831,0.0512,0.0302,0.0813,0.1874,0.2259,2.5671
832,0.0640,0.0357,0.0905,0.1930,0.2699,2.5783
833,0.0624,0.0303,0.0654,0.1939,0.2547,2.3322
834,0.0893,0.0307,0.0894,0.1825,0.1925,2.5149
835,0.0804,0.0305,0.0752,0.1911,0.1929,2.2036
836,0.0825,0.0306,0.0789,0.1827,0.1938,2.5988
837,0.0798,0.0305,0.0651,0.1900,0.2045,2.8929
838,0.0917,0.0357,0.0727,0.1902,0.1941,2.5732
839,0.1215,0.0304,0.0965,0.1816,0.3482,2.6210
840,0.0660,0.0303,0.0807,0.1822,0.2025,2.8866
841,0.0742,0.0364,0.0669,0.1981,0.1926,2.5084
842,0.0639,0.0357,0.0846,0.1981,0.2755,2.4553
843,0.0960,0.0301,0.0865,0.1769,0.2711,2.8876
844,0.1655,0.0350,0.1139,0.1887,0.3816,2.9662
845,0.1047,0.0309,0.0810,0.1873,0.1695,2.3863
846,0.0664,0.0306,0.0818,0.1920,0.2799,2.4361
847,0.0906,0.0305,0.0793,0.1874,0.2424,2.5839
848,0.0644,0.0306,0.0686,0.1846,0.2065,2.4271
849,0.0979,0.0302,0.0733,0.1799,0.1838,2.6641
850,0.1115,0.0303,0.0894,0.1946,0.2150,2.4218
851,0.0532,0.0360,0.0796,0.1890,0.2453,2.8088
852,0.0677,0.0313,0.0862,0.1926,0.2971,2.4513
853,0.0573,0.0357,0.0722,0.1949,0.2952,2.4835
854,0.0760,0.0306,0.0860,0.2058,0.2361,2.2984
855,0.0801,0.0412,0.0900,0.1888,0.3317,2.6432
856,0.0757,0.0303,0.0946,0.1883,0.2056,2.5902
857,0.0753,0.0299,0.0866,0.1915,0.2096,2.3739
858,0.0571,0.0306,0.0726,0.1993,0.2058,2.4774
859,0.0944,0.0397,0.1031,0.1836,0.2552,3.0217
860,0.0666,0.0307,0.0739,0.1936,0.3020,2.7270
861,0.1191,0.0364,0.0967,0.1942,0.3179,2.6318
862,0.1174,0.0305,0.1063,0.1848,0.2405,2.9984
863,0.0958,0.0367,0.0837,0.1904,0.1699,2.6625
864,0.0628,0.0347,0.0832,0.1984,0.2494,2.3063
865,0.0764,0.0308,0.0642,0.1885,0.1481,2.6849
866,0.0475,0.0361,0.0715,0.2046,0.2273,2.4288
867,0.0999,0.0424,0.0739,0.2014,0.1609,2.5428
868,0.0909,0.0308,0.0878,0.2042,0.2665,2.3774
869,0.1496,0.0358,0.1218,0.1905,0.2479,2.7972
870,0.0709,0.0415,0.0650,0.2086,0.1857,2.3779
871,0.0936,0.0305,0.0772,0.1939,0.1554,2.6105
872,0.0725,0.0304,0.1047,0.1880,0.2284,2.4472
873,0.1000,0.0354,0.0836,0.1996,0.2845,2.5502
874,0.0905,0.0365,0.0602,0.1963,0.2459,2.4057
875,0.0696,0.0310,0.0774,0.1990,0.2149,2.6081
876,0.0716,0.0305,0.0730,0.2035,0.2009,2.3250
877,0.0577,0.0307,0.0889,0.1981,0.2040,2.3249
878,0.0644,0.0422,0.0782,0.2012,0.2221,2.5109
879,0.1303,0.0303,0.0909,0.1859,0.2280,2.6022
880,0.0528,0.0355,0.0890,0.1819,0.3022,2.7894
881,0.0856,0.0303,0.0728,0.2058,0.1893,2.3425
882,0.1170,0.0305,0.0902,0.1951,0.2276,2.4367
883,0.0462,0.0309,0.0774,0.1898,0.3318,2.6285
884,0.0561,0.0298,0.1010,0.2027,0.2496,2.2925
885,0.1218,0.0310,0.0955,0.1990,0.2549,2.6423
886,0.2730,0.0786,0.2306,0.1977,0.2734,3.2780
887,0.1021,0.0418,0.0850,0.2054,0.2454,2.4970
888,0.1032,0.0310,0.0842,0.1855,0.2675,2.6998
889,0.0649,0.0307,0.0843,0.2000,0.3434,2.6728
890,0.1001,0.0304,0.1025,0.1942,0.3373,2.6628
891,0.1012,0.0304,0.0732,0.1916,0.2818,2.5602
892,0.0842,0.0310,0.0924,0.1988,0.2713,2.4734
893,0.1032,0.0309,0.0851,0.2037,0.2623,2.6782
894,0.1078,0.0307,0.0749,0.1967,0.2684,2.4783
895,0.0735,0.0309,0.0830,0.1922,0.2915,2.5815
896,0.1739,0.0518,0.1461,0.2064,0.2323,3.0147
897,0.0665,0.0306,0.0711,0.1961,0.2758,2.5848
898,0.0639,0.0306,0.0932,0.2084,0.3134,2.3608
899,0.0682,0.0304,0.0869,0.2004,0.3434,2.4272
900,0.1095,0.0309,0.0873,0.2074,0.3087,2.5060
901,0.0931,0.0358,0.0715,0.2053,0.2320,2.8405
902,0.0660,0.0349,0.0871,0.2015,0.2360,2.4567
903,0.1162,0.0308,0.0896,0.1954,0.2380,2.7610
904,0.1093,0.0485,0.0838,0.2034,0.2459,2.9331
905,0.0987,0.0309,0.0842,0.1895,0.2783,2.6567
906,0.0940,0.0309,0.0910,0.1960,0.3096,2.8124
907,0.0749,0.0428,0.1189,0.2000,0.2303,2.5054
908,0.0859,0.0312,0.0873,0.2077,0.2170,2.4052
909,0.0937,0.0305,0.0843,0.2023,0.2863,2.4355
910,0.1166,0.0481,0.1382,0.2041,0.2671,2.6968
911,0.0851,0.0301,0.0868,0.1972,0.2662,2.4249
912,0.0685,0.0365,0.0639,0.2186,0.2536,2.5983
913,0.0541,0.0308,0.0883,0.1951,0.2524,2.5840
914,0.0634,0.0428,0.0989,0.2073,0.2602,2.6380
915,0.0597,0.0311,0.0909,0.2103,0.3084,2.4847
916,0.0490,0.0306,0.0709,0.2066,0.2880,2.4549
917,0.0808,0.0302,0.0903,0.2125,0.2902,2.6005
918,0.1035,0.0363,0.0942,0.1930,0.2579,2.8028
919,0.0707,0.0361,0.0712,0.2014,0.2327,2.7724
920,0.0984,0.0308,0.0901,0.2047,0.2734,2.7105
921,0.0735,0.0313,0.0774,0.2081,0.2258,2.9867
922,0.0704,0.0312,0.0987,0.2190,0.2680,2.4116
923,0.1600,0.0302,0.1185,0.1923,0.3088,2.9710
924,0.2252,0.0644,0.2303,0.2194,0.3475,3.0981
925,0.0763,0.0354,0.0849,0.2151,0.1973,2.9331
926,0.1467,0.0462,0.0948,0.2180,0.2660,3.2945
927,0.0561,0.0374,0.1002,0.2162,0.2595,2.7262
928,0.0793,0.0302,0.0812,0.2059,0.2672,2.6071
929,0.0749,0.0311,0.0704,0.2092,0.3276,2.4410
930,0.1305,0.0313,0.1642,0.2074,0.3853,2.4660
931,0.1075,0.0309,0.0886,0.1952,0.2672,3.4043
932,0.1275,0.0361,0.1306,0.2018,0.2699,3.2463
933,0.1031,0.0362,0.0897,0.2052,0.2276,3.0038
934,0.0953,0.0365,0.0937,0.2149,0.2108,2.9944
935,0.1095,0.0307,0.1003,0.2076,0.2536,2.8040
936,0.0816,0.0312,0.0869,0.2058,0.2379,2.9686
937,0.1721,0.0315,0.1184,0.2093,0.2677,3.3725
938,0.1180,0.0366,0.1103,0.2014,0.1982,2.8677
939,0.0978,0.0312,0.0910,0.2131,0.1784,2.6504
940,0.0598,0.0308,0.0882,0.2032,0.2920,2.9532
941,0.1067,0.0309,0.0872,0.2063,0.2243,2.7070
942,0.0849,0.0368,0.0954,0.2176,0.2288,2.8935
943,0.0600,0.0413,0.0735,0.2059,0.2155,3.0237
944,0.1150,0.0308,0.0976,0.2119,0.2438,2.4984
945,0.0554,0.0311,0.0844,0.2133,0.2257,2.4531
946,0.0803,0.0304,0.0849,0.1999,0.2716,2.7341
947,0.1028,0.0316,0.0920,0.2237,0.2511,2.6276
948,0.0610,0.0312,0.0926,0.2033,0.2603,2.9653
949,0.0856,0.0434,0.0922,0.2204,0.2235,3.0800
950,0.1673,0.0362,0.1104,0.1935,0.2932,3.0629
951,0.0767,0.0309,0.0774,0.2006,0.2187,3.1021
952,0.1024,0.0317,0.0851,0.2106,0.2471,2.7408
953,0.0855,0.0309,0.0855,0.2274,0.2018,2.5574
954,0.0625,0.0412,0.0828,0.2244,0.1609,2.9346
955,0.1011,0.0306,0.0676,0.2113,0.2057,2.6785
956,0.0759,0.0366,0.0890,0.2093,0.1709,2.8315
957,0.0821,0.0367,0.0891,0.2157,0.2289,2.9743
958,0.1070,0.0307,0.0946,0.1959,0.2177,2.6138
959,0.0919,0.0301,0.0910,0.2072,0.2220,2.5340
960,0.0581,0.0369,0.0981,0.2304,0.1972,3.0769
961,0.1044,0.0306,0.0993,0.2101,0.2643,2.9781
962,0.0800,0.0430,0.1270,0.2282,0.2313,2.9138
963,0.0997,0.0302,0.1021,0.2115,0.2572,2.7401
964,0.0709,0.0310,0.0855,0.2224,0.2219,2.7565
965,0.0570,0.0312,0.0794,0.2181,0.2199,2.9241
966,0.0795,0.0313,0.1144,0.2211,0.2772,3.1706
967,0.0855,0.0309,0.0788,0.2143,0.1859,2.6280
968,0.1534,0.0488,0.1372,0.2267,0.2485,2.7691
969,0.1009,0.0313,0.1129,0.2216,0.2802,2.7196
970,0.1889,0.0357,0.1523,0.2009,0.2787,3.6448
971,0.0629,0.0311,0.0954,0.2192,0.2534,2.6639
972,0.1148,0.0363,0.1184,0.2132,0.2027,2.6616
973,0.0915,0.0368,0.0887,0.2196,0.1946,3.0315
974,0.1152,0.0310,0.0984,0.2255,0.2071,2.8129
975,0.0682,0.0315,0.0804,0.2231,0.1889,2.5439
976,0.0910,0.0362,0.1089,0.2257,0.2257,2.9305
977,0.1059,0.0360,0.0894,0.2195,0.1909,3.2733
978,0.1095,0.0308,0.0959,0.2033,0.2614,3.3124
979,0.0732,0.0428,0.0951,0.2332,0.2030,3.1100
980,0.1028,0.0366,0.1128,0.2084,0.2866,2.7258
981,0.0633,0.0309,0.0793,0.2091,0.2150,3.3516
982,0.1769,0.0554,0.1361,0.2315,0.3525,3.8705
983,0.0936,0.0316,0.1021,0.2185,0.2406,3.3560
984,0.0821,0.0313,0.0917,0.2301,0.2764,3.0258
985,0.0800,0.0313,0.0767,0.2256,0.1969,2.6529
986,0.1314,0.0359,0.1132,0.2140,0.3169,3.4076
987,0.1150,0.0311,0.0789,0.2207,0.2704,2.5399
988,0.0962,0.0310,0.1036,0.2110,0.2155,3.0027
989,0.0816,0.0308,0.0823,0.2187,0.2165,2.7519
990,0.1092,0.0309,0.0926,0.2297,0.1973,2.6704
991,0.0998,0.0308,0.0998,0.2110,0.2170,3.2187
992,0.0547,0.0314,0.0889,0.2119,0.2012,3.0680
993,0.1071,0.0626,0.0789,0.2291,0.2292,3.5140
994,0.0521,0.0310,0.0909,0.2213,0.2243,3.0613
995,0.0940,0.0458,0.1293,0.2546,0.2960,3.4833
996,0.1207,0.0313,0.0838,0.2289,0.2719,2.9726
997,0.0923,0.0421,0.0876,0.2335,0.2082,2.7526
998,0.1357,0.0362,0.0930,0.2168,0.1843,3.2959
999,0.1039,0.0314,0.0887,0.2150,0.2408,3.0226
1000,0.1680,0.0307,0.1334,0.1912,0.3370,3.5522
1001,0.0997,0.0313,0.0883,0.2272,0.2082,2.6852
1002,0.1447,0.0369,0.1153,0.2167,0.2521,3.1748
1003,0.1032,0.0312,0.0832,0.2198,0.2136,3.4522
1004,0.0913,0.0458,0.1259,0.2194,0.2558,3.2353
1005,0.1016,0.0314,0.0821,0.2223,0.1905,3.0701
1006,0.1648,0.0308,0.1422,0.2068,0.2634,3.3527
1007,0.0592,0.0355,0.0974,0.2232,0.2453,3.0443
1008,0.1671,0.0485,0.1505,0.2266,0.3513,3.7386
1009,0.1008,0.0311,0.0855,0.2239,0.1921,2.8113
1010,0.1322,0.0379,0.1163,0.2356,0.2514,2.6961
1011,0.1087,0.0308,0.0931,0.2166,0.2297,2.9286
1012,0.0579,0.0314,0.0838,0.2153,0.2304,3.1245
1013,0.1071,0.0307,0.1148,0.2083,0.2684,3.0655
1014,0.1377,0.0309,0.1223,0.2096,0.2819,3.6233
1015,0.1177,0.0365,0.0956,0.2173,0.2430,3.1328
1016,0.0681,0.0364,0.0888,0.2169,0.2901,3.2154
1017,0.1424,0.0396,0.1171,0.2115,0.2892,3.6665
1018,0.0786,0.0312,0.0854,0.2211,0.2568,2.6260
1019,0.1194,0.0312,0.0907,0.2199,0.1792,3.1843
1020,0.1435,0.0365,0.1117,0.2255,0.2671,3.1020
1021,0.1604,0.0482,0.1386,0.2307,0.3522,3.6252
1022,0.1133,0.0311,0.0975,0.2179,0.2245,2.8866
1023,0.1181,0.0316,0.1339,0.2190,0.3280,2.5686
1024,0.1155,0.0437,0.0904,0.2429,0.2510,3.3207
1025,0.0727,0.0307,0.0792,0.2191,0.2342,3.1256
1026,0.0928,0.0314,0.0758,0.2356,0.1599,2.6526
1027,0.1101,0.0410,0.0928,0.2269,0.2668,3.1747
1028,0.1208,0.0311,0.0784,0.2185,0.2397,3.0959
1029,0.1178,0.0376,0.1115,0.2301,0.2541,2.7746
1030,0.1157,0.0370,0.1147,0.2292,0.2245,3.3292
1031,0.1188,0.0319,0.0861,0.2190,0.2440,3.3468
1032,0.1102,0.0368,0.1003,0.2191,0.2458,3.5728
1033,0.0662,0.0308,0.1274,0.2323,0.2605,3.2644
1034,0.0793,0.0319,0.0948,0.2267,0.2647,2.7465
1035,0.1031,0.0312,0.1186,0.2168,0.2677,3.5385
1036,0.0991,0.0315,0.0834,0.2444,0.2198,2.7822
1037,0.1119,0.0316,0.1005,0.2348,0.2428,3.1634
1038,0.1161,0.0639,0.0776,0.2299,0.2228,4.2080
1039,0.2594,0.0760,0.2168,0.2302,0.3625,4.2946
1040,0.1157,0.0315,0.0803,0.2272,0.1923,2.8453
1041,0.0909,0.0321,0.1162,0.2232,0.2970,3.3768
1042,0.1092,0.0306,0.0963,0.2329,0.2037,2.8567
1043,0.1094,0.0309,0.1038,0.2275,0.2360,2.9837
1044,0.0713,0.0309,0.0843,0.2243,0.2731,3.2050
1045,0.0568,0.0321,0.0818,0.2302,0.1837,3.2066
1046,0.1758,0.0313,0.1242,0.2063,0.2608,2.9338
1047,0.0686,0.0318,0.0780,0.2406,0.2099,2.7453
1048,0.0790,0.0310,0.1311,0.2210,0.3110,3.6458
1049,0.1365,0.0372,0.0917,0.2147,0.2087,3.5637
1050,0.1121,0.0307,0.1144,0.2318,0.2715,3.1257
1051,0.0667,0.0434,0.0910,0.2287,0.2416,3.1466
1052,0.1108,0.0371,0.0798,0.2299,0.2299,3.0854
1053,0.1534,0.0308,0.1404,0.2164,0.2414,2.9208
1054,0.1051,0.0319,0.0980,0.2281,0.1661,2.5520
1055,0.1093,0.0376,0.0963,0.2136,0.3013,3.5397
1056,0.1054,0.0310,0.1198,0.2144,0.1963,3.2846
1057,0.1042,0.0311,0.1122,0.2223,0.2488,3.2931
1058,0.0799,0.0323,0.0853,0.2220,0.2421,2.7045
1059,0.0768,0.0314,0.0999,0.2294,0.2555,3.4283
1060,0.1544,0.0385,0.1219,0.2475,0.2161,3.4530
1061,0.0850,0.0315,0.0600,0.2434,0.1949,2.7895
1062,0.1072,0.0317,0.0954,0.2129,0.2534,3.1937
1063,0.0767,0.0415,0.1011,0.2278,0.2879,3.5531
1064,0.1103,0.0441,0.1063,0.2237,0.2546,3.6537
1065,0.2153,0.0780,0.1721,0.2358,0.3872,4.4081
1066,0.0756,0.0372,0.0874,0.2208,0.2853,3.4940
1067,0.0653,0.0372,0.0932,0.2282,0.2532,3.1596
1068,0.1939,0.0588,0.1423,0.2570,0.2915,3.8009
1069,0.0748,0.0312,0.0884,0.2107,0.2402,3.2665
1070,0.0707,0.0312,0.0924,0.2121,0.2739,3.6593
1071,0.1102,0.0320,0.0819,0.2235,0.2155,2.9622
1072,0.1088,0.0318,0.0845,0.2262,0.2472,3.2088
1073,0.1291,0.0317,0.0760,0.2143,0.2089,2.9529
1074,0.1401,0.0318,0.1266,0.2261,0.2914,3.1508
1075,0.0852,0.0315,0.1058,0.2399,0.2571,2.9131
1076,0.1001,0.0313,0.0945,0.2299,0.2395,3.0680
1077,0.1352,0.0378,0.0797,0.2281,0.1937,2.8411
1078,0.1174,0.0368,0.0972,0.2278,0.2596,2.8976
1079,0.1575,0.0385,0.0927,0.2303,0.2106,3.0861
1080,0.1148,0.0372,0.1090,0.2384,0.1728,2.9904
1081,0.1172,0.0377,0.1074,0.2210,0.2128,3.0228
1082,0.0972,0.0316,0.0893,0.2316,0.2493,2.9594
1083,0.1271,0.0307,0.1160,0.2310,0.3288,2.8184
1084,0.0772,0.0318,0.1027,0.2371,0.3047,3.0548
1085,0.0904,0.0315,0.1015,0.2385,0.2554,2.9116
1086,0.1096,0.0306,0.0838,0.2305,0.2411,2.8712
1087,0.0594,0.0318,0.1018,0.2375,0.2422,3.3973
1088,0.0624,0.0426,0.0958,0.2335,0.2520,3.4429
1089,0.2785,0.0779,0.2410,0.2352,0.3450,4.2125
1090,0.1054,0.0458,0.0967,0.2493,0.2735,4.2895
1091,0.0801,0.0312,0.1022,0.2437,0.3082,3.1228
1092,0.1009,0.0312,0.1074,0.2304,0.3055,3.2128
1093,0.1226,0.0323,0.1395,0.2309,0.2039,2.7569
1094,0.1489,0.0371,0.1186,0.2594,0.1998,3.1714
1095,0.1598,0.0315,0.1089,0.2268,0.2199,3.1404
1096,0.1145,0.0433,0.1048,0.2276,0.2302,3.2179
1097,0.0770,0.0323,0.1004,0.2412,0.2427,2.9545
1098,0.0948,0.0432,0.1041,0.2337,0.2540,3.2051
1099,0.1725,0.0317,0.1190,0.2238,0.2175,3.2802
1100,0.1770,0.0505,0.1631,0.2417,0.2457,3.4775
1101,0.1142,0.0313,0.0958,0.2426,0.1979,2.7702
1102,0.0733,0.0315,0.1158,0.2298,0.2604,2.8679
1103,0.1791,0.0322,0.1828,0.2185,0.3510,4.6897
1104,0.1359,0.0318,0.1391,0.2332,0.3540,3.4737
1105,0.0708,0.0313,0.1037,0.2299,0.2709,3.1910
1106,0.0775,0.0377,0.1320,0.2414,0.1989,2.7244
1107,0.0909,0.0323,0.1152,0.2598,0.2531,3.6935
1108,0.1804,0.0319,0.1011,0.2363,0.2560,3.0411
1109,0.1134,0.0376,0.1051,0.2512,0.3088,3.7926
1110,0.0915,0.0380,0.1300,0.2596,0.2628,3.4266
1111,0.1992,0.0637,0.1617,0.2912,0.2787,4.4566
1112,0.0797,0.0320,0.1220,0.2487,0.3025,3.3710
1113,0.0627,0.0317,0.1109,0.2467,0.2497,2.8986
1114,0.1045,0.0318,0.1130,0.2610,0.2965,3.1283
1115,0.0772,0.0378,0.0862,0.2664,0.2323,2.9908
1116,0.1041,0.0313,0.1305,0.2426,0.3584,3.3925
1117,0.1752,0.0317,0.1608,0.2382,0.2307,3.2783
1118,0.1656,0.0320,0.1493,0.2466,0.3158,3.6689
1119,0.0618,0.0383,0.1244,0.2765,0.2335,3.5058
1120,0.1021,0.0493,0.1279,0.2828,0.2333,3.4108
1121,0.0943,0.0322,0.1034,0.2699,0.2122,3.1367
1122,0.1413,0.0436,0.1041,0.2492,0.2520,3.5468
1123,0.0950,0.0321,0.1391,0.2326,0.3386,4.3693
1124,0.1644,0.0498,0.1547,0.2686,0.3346,3.8025
1125,0.0934,0.0321,0.1347,0.2825,0.3232,3.6906
1126,0.0727,0.0369,0.1195,0.2675,0.2737,2.8874
1127,0.0901,0.0317,0.0934,0.2614,0.1715,2.8642
1128,0.1146,0.0314,0.1214,0.2549,0.1951,3.3041
1129,0.1184,0.0316,0.1172,0.2432,0.2674,3.6734
1130,0.1301,0.0380,0.1369,0.2608,0.2552,3.7018
1131,0.1499,0.0318,0.1130,0.2469,0.2054,3.8280
1132,0.1477,0.0441,0.1391,0.2886,0.2787,3.6567
1133,0.1105,0.0318,0.0992,0.2465,0.2236,3.4448
1134,0.1216,0.0440,0.1157,0.2945,0.2493,4.0217
1135,0.0846,0.0382,0.0844,0.2590,0.2401,3.5199
1136,0.0994,0.0325,0.1297,0.2607,0.2745,3.2389
1137,0.1002,0.0372,0.1144,0.2632,0.2533,3.3637
1138,0.1405,0.0318,0.1110,0.2553,0.2181,2.9998
1139,0.0967,0.0319,0.1249,0.2660,0.2966,3.0270
1140,0.1241,0.0319,0.1350,0.2760,0.2553,3.1266
1141,0.1155,0.0323,0.1406,0.2685,0.2678,3.1978
1142,0.1131,0.0378,0.1333,0.2629,0.2277,3.3186
1143,0.1257,0.0322,0.1080,0.2623,0.2024,3.1980
1144,0.0679,0.0320,0.1340,0.2793,0.2726,3.5219
1145,0.1137,0.0372,0.1386,0.2785,0.2555,3.3616
1146,0.1291,0.0316,0.1180,0.2602,0.2302,3.2216
1147,0.1692,0.0317,0.1207,0.2723,0.2976,3.8577
1148,0.1088,0.0315,0.1039,0.2682,0.2490,3.6167
1149,0.1351,0.0322,0.1415,0.2575,0.2926,3.5951
1150,0.1271,0.0319,0.1086,0.2650,0.2680,3.3535
1151,0.0918,0.0322,0.1539,0.2715,0.3774,3.4868
1152,0.1099,0.0316,0.1166,0.2594,0.3256,2.8804
1153,0.1578,0.0320,0.1188,0.2548,0.2355,3.2534
1154,0.1287,0.0365,0.1198,0.2440,0.3013,3.6847
1155,0.0934,0.0317,0.1372,0.2576,0.2311,3.0262
1156,0.1687,0.0321,0.1109,0.2432,0.3506,3.4527
1157,0.1056,0.0319,0.1366,0.2809,0.3131,3.1240
1158,0.1274,0.0317,0.1135,0.2656,0.2117,3.1725
1159,0.1810,0.0642,0.1857,0.3062,0.2788,4.6289
1160,0.1837,0.0320,0.1188,0.2502,0.2232,3.5473
1161,0.1018,0.0322,0.1018,0.2726,0.2594,3.7554
1162,0.1295,0.0322,0.1233,0.2707,0.2540,3.2768
1163,0.0828,0.0501,0.1346,0.3192,0.2679,4.0132
1164,0.1152,0.0312,0.1200,0.2681,0.2674,3.2048
1165,0.2246,0.0332,0.1588,0.2898,0.2355,4.1045
1166,0.1056,0.0312,0.0980,0.2678,0.2777,3.3615
1167,0.1036,0.0551,0.1928,0.3238,0.2786,3.8246
1168,0.1029,0.0321,0.0988,0.2693,0.2452,3.5292
1169,0.1068,0.0328,0.1160,0.2878,0.3412,3.4123
1170,0.1239,0.0314,0.1457,0.2809,0.3487,3.6108
1171,0.0745,0.0382,0.1006,0.2638,0.2625,4.2368
1172,0.1334,0.0316,0.0857,0.2455,0.1942,3.3863
1173,0.0759,0.0322,0.1030,0.2689,0.3592,3.3854
1174,0.1249,0.0321,0.0910,0.2557,0.2221,3.7218
1175,0.1249,0.0330,0.1071,0.2717,0.2335,3.1501
1176,0.1468,0.0373,0.1520,0.3003,0.3740,3.8166
1177,0.1166,0.0322,0.0896,0.2768,0.2544,3.4073
1178,0.1414,0.0381,0.1412,0.2707,0.3517,3.6817
1179,0.1645,0.0368,0.1512,0.2687,0.3954,3.6205
1180,0.1304,0.0318,0.1240,0.2555,0.4784,3.9052
1181,0.2233,0.0318,0.2499,0.2742,0.5664,4.2314
1182,0.1230,0.0390,0.0849,0.3000,0.2562,4.0907
1183,0.1038,0.0447,0.1527,0.3040,0.3225,3.4301
1184,0.1384,0.0321,0.1342,0.2841,0.2551,3.6965
1185,0.1390,0.0318,0.1331,0.2784,0.2781,3.2687
1186,0.0971,0.0316,0.1330,0.3046,0.3136,2.8728
1187,0.1901,0.0435,0.1754,0.2944,0.2581,2.9242
1188,0.1926,0.0326,0.1340,0.2665,0.2837,2.8330
1189,0.1262,0.0316,0.1546,0.2900,0.3168,2.8227
1190,0.1309,0.0318,0.1383,0.2712,0.3053,3.0530
1191,0.1330,0.0317,0.1235,0.2627,0.3318,3.5171
1192,0.0531,0.0323,0.1579,0.2747,0.3991,4.1718
1193,0.1175,0.0314,0.1752,0.2984,0.3748,3.2660
1194,0.2122,0.0381,0.1664,0.2898,0.3317,3.8747
1195,0.1486,0.0388,0.1562,0.3170,0.2807,3.4795
1196,0.0892,0.0313,0.1251,0.2727,0.3439,2.9733
1197,0.1189,0.0325,0.1155,0.2772,0.3311,4.4170
1198,0.1365,0.0435,0.1557,0.3011,0.3759,3.5468
1199,0.1190,0.0317,0.1962,0.2885,0.3795,3.1623
1200,0.1798,0.0324,0.1066,0.2707,0.3115,3.4653
1201,0.1366,0.0322,0.1010,0.2846,0.2956,3.1733
1202,0.1361,0.0381,0.1296,0.2987,0.2864,3.5136
1203,0.1292,0.0325,0.1289,0.3221,0.2570,3.1533
1204,0.1130,0.0326,0.1240,0.2980,0.3304,2.9728
1205,0.0927,0.0440,0.1234,0.3586,0.2194,3.3359
1206,0.2111,0.0544,0.1462,0.3189,0.2779,3.3494
1207,0.1196,0.0316,0.1177,0.2941,0.2707,3.2129
1208,0.1256,0.0369,0.1175,0.2827,0.2470,3.2932
1209,0.1574,0.0869,0.1915,0.3722,0.2333,3.9133
1210,0.2262,0.0326,0.1947,0.2879,0.2368,2.8582
1211,0.1415,0.0325,0.1736,0.2958,0.2812,3.4302
1212,0.2402,0.0849,0.2578,0.3497,0.3339,3.6923
1213,0.1315,0.0327,0.2041,0.3359,0.3234,3.1265
1214,0.0774,0.0319,0.1746,0.3120,0.3243,3.2029
1215,0.1551,0.0323,0.1581,0.3099,0.2867,3.3158
1216,0.1533,0.0321,0.1636,0.3099,0.2692,3.3765
1217,0.0734,0.0378,0.1028,0.3244,0.2640,3.5671
1218,0.1651,0.0433,0.1642,0.3332,0.2625,3.2863
1219,0.1781,0.0315,0.1951,0.3107,0.3260,3.4741
1220,0.0856,0.0318,0.0956,0.3030,0.1868,2.9939
1221,0.1264,0.0429,0.1532,0.3914,0.2172,3.3980
1222,0.0745,0.0318,0.1426,0.3086,0.2927,3.2242
1223,0.1461,0.0388,0.1378,0.3816,0.2282,3.5768
1224,0.1628,0.0380,0.1548,0.3271,0.1657,3.6432
1225,0.1288,0.0319,0.1444,0.3150,0.2382,3.2502
1226,0.0727,0.0380,0.1565,0.3432,0.2957,3.5901
1227,0.0697,0.0363,0.1118,0.3290,0.2203,3.4020
1228,0.1778,0.0315,0.1651,0.3708,0.1821,3.5919
1229,0.0826,0.0378,0.1010,0.3454,0.2231,3.5978
1230,0.0771,0.0325,0.1817,0.3298,0.3231,3.2686
1231,0.1230,0.0315,0.2338,0.3480,0.3439,3.5654
1232,0.1114,0.0314,0.1398,0.3368,0.1995,3.2521
1233,0.0956,0.0449,0.1326,0.4504,0.1657,3.9483
1234,0.1821,0.0444,0.1946,0.3653,0.2238,4.4675
1235,0.1280,0.0324,0.1640,0.3542,0.2021,3.0437
1236,0.1291,0.0320,0.1332,0.3277,0.2702,4.3198
1237,0.1188,0.0317,0.1829,0.3413,0.2715,3.9877
1238,0.0912,0.0395,0.2088,0.4346,0.2761,3.9449
1239,0.1307,0.0321,0.1584,0.3391,0.3020,3.5258
1240,0.1634,0.0609,0.2482,0.4545,0.3516,4.5186
1241,0.1034,0.0432,0.1570,0.4077,0.2758,4.1708
1242,0.1439,0.0321,0.1491,0.3038,0.2548,3.4768
1243,0.1446,0.0321,0.1878,0.3642,0.3466,3.6100
1244,0.1482,0.0376,0.1881,0.3353,0.3134,4.2307
1245,0.2003,0.0667,0.2703,0.4546,0.2593,3.5251
1246,0.1537,0.0386,0.2149,0.3886,0.1642,3.2486
1247,0.2068,0.0498,0.2172,0.4180,0.2943,3.5771
1248,0.1088,0.0374,0.1351,0.3459,0.2370,3.7309
1249,0.1869,0.0395,0.2061,0.4529,0.3053,3.8414
1250,0.1674,0.0319,0.1612,0.3488,0.2640,3.8778
1251,0.1513,0.0319,0.1884,0.3396,0.1947,3.1479
1252,0.1440,0.0438,0.2493,0.3663,0.2195,3.1292
1253,0.0962,0.0569,0.2005,0.4687,0.2311,3.2794
1254,0.1103,0.0333,0.2443,0.3977,0.3130,3.3039
1255,0.1254,0.0320,0.1593,0.3338,0.1718,3.3829
1256,0.1146,0.0331,0.1572,0.3342,0.2254,3.2174
1257,0.0808,0.0320,0.1561,0.3985,0.2256,4.3839
1258,0.1920,0.0324,0.1627,0.3416,0.1649,3.4832
1259,0.1312,0.0380,0.1787,0.3655,0.2104,3.3619
1260,0.1607,0.0321,0.1867,0.3793,0.1761,4.1070
1261,0.1185,0.0323,0.2858,0.4349,0.2196,3.9578
1262,0.1779,0.0323,0.2444,0.4242,0.2280,3.9598
1263,0.1887,0.0325,0.2750,0.4468,0.2224,4.5671
1264,0.1288,0.0373,0.1815,0.3899,0.1665,3.9613
1265,0.1800,0.0323,0.1941,0.4499,0.2673,4.6764
1266,0.0760,0.0328,0.2113,0.3762,0.2929,3.2374
1267,0.1615,0.0395,0.1959,0.4929,0.2389,4.2371
1268,0.0938,0.0375,0.2307,0.4336,0.1730,4.1851
1269,0.1363,0.0326,0.1586,0.4173,0.2474,3.8267
1270,0.1079,0.0323,0.2807,0.5246,0.2720,4.4620
1271,0.1046,0.0382,0.3068,0.5085,0.2731,4.1309
1272,0.1100,0.0376,0.2526,0.4750,0.2171,3.8643
1273,0.3258,0.0804,0.3167,0.6935,0.3216,5.7312
1274,0.1255,0.0315,0.1787,0.3930,0.2003,3.4190
1275,0.1461,0.0319,0.3745,0.4988,0.2917,3.9279
1276,0.1934,0.0373,0.2805,0.5531,0.2119,4.5311
1277,0.0823,0.0329,0.1698,0.4188,0.1866,3.5360
1278,0.1456,0.0323,0.2225,0.3862,0.1848,3.5001
1279,0.0648,0.0318,0.3469,0.5239,0.2681,2.9768
1280,0.1777,0.0328,0.2827,0.5216,0.1757,3.6219
1281,0.1539,0.0322,0.2361,0.4071,0.2224,3.2309
1282,0.1239,0.0325,0.5616,0.6302,0.2590,2.9258
1283,0.2046,0.0439,0.3607,0.6124,0.2570,3.2509
1284,0.0790,0.0378,0.2454,0.4392,0.2457,3.2371
1285,0.1103,0.0328,0.2471,0.4635,0.3197,3.5219
1286,0.0851,0.0577,0.2039,0.5010,0.3165,3.7033
1287,0.1327,0.0320,0.3339,0.5007,0.3110,3.9785
1288,0.1613,0.0442,0.2249,0.4509,0.3125,4.1464
1289,0.1785,0.0387,0.2371,0.6065,0.2724,4.3206
1290,0.1463,0.0318,0.2281,0.4721,0.2861,3.8330
1291,0.1139,0.0316,0.2027,0.4462,0.3066,3.8917
1292,0.1832,0.0463,0.2720,0.7829,0.3472,4.7677
1293,0.2463,0.0321,0.2604,0.4684,0.3940,5.2236
1294,0.1032,0.0501,0.2728,0.5823,0.3085,4.1871
1295,0.1058,0.0323,0.2784,0.5190,0.4020,4.3555
1296,0.1384,0.0333,0.2262,0.4636,0.2686,3.5269
1297,0.1505,0.0390,0.2605,0.5788,0.3124,3.8443
1298,0.0837,0.0314,0.1966,0.4420,0.3526,3.4864
1299,0.0774,0.0322,0.2824,0.5604,0.4115,4.5187
1300,0.1181,0.0437,0.2613,0.6000,0.2879,4.4117
1301,0.1257,0.0318,0.2069,0.4527,0.3244,2.9616
1302,0.1205,0.0333,0.2461,0.5128,0.3325,4.6030
1303,0.1107,0.0330,0.2544,0.5493,0.3492,4.8689
1304,0.1292,0.0323,0.1752,0.5084,0.3218,3.6317
1305,0.0627,0.0393,0.2678,0.6784,0.3108,4.4554
1306,0.1473,0.0322,0.2405,0.5389,0.2954,3.9892
1307,0.1795,0.0334,0.2239,0.5215,0.2753,3.7254
1308,0.1489,0.0445,0.2727,0.6622,0.2813,4.2335
1309,0.1027,0.0324,0.2564,0.5519,0.3093,4.0470
1310,0.1509,0.0458,0.3003,0.8462,0.2495,4.4307
1311,0.1192,0.0326,0.2103,0.4736,0.2866,3.7782
1312,0.1612,0.0530,0.2043,0.7312,0.2259,4.8545
1313,0.0645,0.0318,0.1752,0.4615,0.2803,3.6761
1314,0.1029,0.0328,0.2229,0.4976,0.2664,3.2828
1315,0.1807,0.0325,0.2869,0.7334,0.3250,5.2771
1316,0.0925,0.0367,0.2290,0.4787,0.2399,3.2873
1317,0.1866,0.0321,0.3321,0.6278,0.2150,3.5808
1318,0.1367,0.0435,0.3726,0.6939,0.2724,4.3411
1319,0.1354,0.0372,0.4202,0.5919,0.2672,3.2668
1320,0.0924,0.0324,0.3531,0.6429,0.1770,3.4332
1321,0.1453,0.0318,0.5027,0.7035,0.2977,3.4831
1322,0.1837,0.0376,0.2768,0.6378,0.2847,4.2248
1323,0.1399,0.0327,0.2870,0.5433,0.2884,3.8093
1324,0.1613,0.0337,0.4451,0.6920,0.3009,3.8501
1325,0.1296,0.0325,0.4397,0.5583,0.2775,3.4086
1326,0.1956,0.0333,0.3274,0.6817,0.2900,3.9917
1327,0.0627,0.0393,0.3516,0.6648,0.2255,3.6682
1328,0.1740,0.0497,0.2432,0.7605,0.1671,3.9629
1329,0.1188,0.0515,0.3645,0.9009,0.2595,4.1864
1330,0.1230,0.0395,0.2767,0.6977,0.2306,4.0168
1331,0.1008,0.0431,0.3943,0.7019,0.2970,3.5852
1332,0.1687,0.0324,0.2608,0.6276,0.2507,3.7795
1333,0.1332,0.0326,0.3176,0.6017,0.2919,3.6574
1334,0.1011,0.0330,0.2696,0.6188,0.2139,3.9029
1335,0.0882,0.0329,0.5728,0.7839,0.3345,3.6818
1336,0.1543,0.0328,0.2896,0.5788,0.2477,3.6050
1337,0.1618,0.0324,0.4878,0.7057,0.3630,3.8819
1338,0.1452,0.0325,0.4474,0.6817,0.3655,3.8234
1339,0.1515,0.0317,0.6512,0.9238,0.3780,3.5643
1340,0.1091,0.0330,0.6352,0.9701,0.2996,3.6066
1341,0.1139,0.0330,0.5413,0.8681,0.3268,4.3972
1342,0.1410,0.0328,0.6870,1.0673,0.3115,3.9768
1343,0.1140,0.0446,0.5869,0.9863,0.2629,3.6041
1344,0.1140,0.0323,0.5921,0.8626,0.3058,3.8160
1345,0.1474,0.0440,0.3280,0.6721,0.2485,4.0452
1346,0.1103,0.0503,0.2613,0.7236,0.2340,4.3082
1347,0.1364,0.0331,0.5360,0.6944,0.3515,3.7109
1348,0.1602,0.0328,0.3578,0.6491,0.2818,3.5402
1349,0.1989,0.0420,0.3384,0.7339,0.2700,4.7125
1350,0.1046,0.0433,0.2591,0.6900,0.3097,4.6833
1351,0.1879,0.0379,0.2135,0.5789,0.3239,4.8274
1352,0.1579,0.0327,0.2647,0.6882,0.2935,4.4236
1353,0.1542,0.0330,0.2519,0.6321,0.2891,5.1219
1354,0.1302,0.0375,0.2784,0.5961,0.3115,4.2458
1355,0.1631,0.0319,0.2400,0.5898,0.3053,4.9103
1356,0.0949,0.0320,0.3232,0.6528,0.3220,4.7644
1357,0.0862,0.0326,0.3379,0.5929,0.2467,3.5879
1358,0.1660,0.0393,0.3352,0.7975,0.2716,4.7231
1359,0.1196,0.0328,0.2143,0.5568,0.3013,4.1772
1360,0.1094,0.0322,0.3289,0.6893,0.1975,4.2030
1361,0.1282,0.0322,0.3159,0.6833,0.2029,4.2138
1362,0.1157,0.0508,0.2833,0.8503,0.2900,5.1097
1363,0.1163,0.0373,0.1997,0.6094,0.2828,4.9531
1364,0.1069,0.0317,0.3263,0.6241,0.3084,4.3985
1365,0.2108,0.0632,0.3496,0.8871,0.4080,6.2403
1366,0.1171,0.0320,0.3214,0.7319,0.2564,4.3187
1367,0.1567,0.0328,0.2102,0.5650,0.2934,4.3938
1368,0.1212,0.0326,0.3038,0.7185,0.2014,3.7905
1369,0.1745,0.0327,0.2086,0.6074,0.3424,5.1983
1370,0.1467,0.0321,0.1869,0.6294,0.2945,4.9778
1371,0.1147,0.0390,0.2899,0.8256,0.3305,5.1781
1372,0.1041,0.0317,0.1982,0.6842,0.2989,4.4167
1373,0.1231,0.0324,0.2798,0.6813,0.3462,5.0407
1374,0.1918,0.0334,0.3298,0.6849,0.3212,4.8358
1375,0.0975,0.0329,0.2538,0.5915,0.2901,3.7581
1376,0.1397,0.0330,0.2226,0.6580,0.3124,4.2327
1377,0.0944,0.0324,0.3246,0.6565,0.3534,3.9133
1378,0.1053,0.0323,0.2730,0.6572,0.3751,4.7896
1379,0.1693,0.0388,0.3238,0.7448,0.3071,4.6713
1380,0.1131,0.0328,0.3359,0.8070,0.2891,4.1388
1381,0.1427,0.0323,0.3017,0.7155,0.2902,4.3788
1382,0.1188,0.0443,0.2971,0.8868,0.2632,5.1358
1383,0.2062,0.0337,0.2815,0.7919,0.3345,5.0796
1384,0.1065,0.0443,0.3206,0.9649,0.3294,5.4285
1385,0.1429,0.0386,0.2634,0.8835,0.2873,5.2769
1386,0.1056,0.0324,0.3424,0.7348,0.3419,3.9920
1387,0.2187,0.0326,0.2904,0.6832,0.2806,4.3657
1388,0.0786,0.0385,0.2578,0.7973,0.3323,4.0823
1389,0.1435,0.0382,0.4180,0.9225,0.3403,4.8954
1390,0.0947,0.0322,0.3868,0.8192,0.3474,4.0851
1391,0.0797,0.0335,0.3986,0.8868,0.3439,4.3666
1392,0.1290,0.0328,0.5023,0.8957,0.2944,3.6190
1393,0.1641,0.0333,0.4191,0.9278,0.2889,4.1834
1394,0.0629,0.0330,0.4243,0.9233,0.2807,3.8276
1395,0.1415,0.0329,0.6208,1.2079,0.2450,4.2358
1396,0.1469,0.0330,0.4609,0.8614,0.2999,3.6855
1397,0.1160,0.0571,0.3699,1.0872,0.3238,5.4374
1398,0.1439,0.0330,0.4800,1.0225,0.2545,4.9208
1399,0.1384,0.0321,0.5172,0.9645,0.2234,3.6986
1400,0.1735,0.0397,0.4162,1.0300,0.2121,5.0399
1401,0.1124,0.0325,0.5567,1.0869,0.2388,4.9778
1402,0.2124,0.0330,0.5534,1.0295,0.3222,4.9356
1403,0.1343,0.0338,0.4103,0.8728,0.2603,5.0312
1404,0.1248,0.0396,0.3418,0.9291,0.2559,4.8672
1405,0.0754,0.0327,0.3741,0.8012,0.3360,4.7735
1406,0.0699,0.0318,0.3754,0.7807,0.3297,3.8123
1407,0.1252,0.0328,0.3130,0.8231,0.3045,6.0232
1408,0.1830,0.0335,0.3224,0.7033,0.2960,4.3934
1409,0.1384,0.0386,0.2894,0.9013,0.2815,4.6345
1410,0.0921,0.0385,0.2345,0.7856,0.3091,4.6672
1411,0.1228,0.0392,0.3041,0.8823,0.2368,4.8760
1412,0.0881,0.0324,0.1978,0.7844,0.2261,4.7688
1413,0.1662,0.0397,0.2456,0.7405,0.3032,5.3323
1414,0.1641,0.0328,0.1993,0.6306,0.2699,4.4794
1415,0.0839,0.0324,0.2612,0.7244,0.2976,4.0738
1416,0.1415,0.0333,0.2249,0.7052,0.3489,5.1028
1417,0.1239,0.0329,0.2443,0.6689,0.3761,4.7106
1418,0.1399,0.0320,0.2506,0.8027,0.2466,4.9739
1419,0.1087,0.0327,0.2941,0.8472,0.2974,4.7435
1420,0.1293,0.0326,0.2623,0.7074,0.3094,4.1384
1421,0.1569,0.0330,0.2439,0.6579,0.3357,4.9534
1422,0.1997,0.0331,0.2285,0.6345,0.2862,4.7168
1423,0.1634,0.0846,0.3249,0.9489,0.3850,6.8239
1424,0.1830,0.0458,0.2644,0.7062,0.3463,5.4625
1425,0.1002,0.0388,0.3114,0.8141,0.3504,6.7295
1426,0.1357,0.0619,0.3393,0.8952,0.3574,6.7319
1427,0.0768,0.0442,0.2281,0.8010,0.3107,5.0172
1428,0.0782,0.0400,0.2992,1.0578,0.3226,6.3141
1429,0.1154,0.0426,0.2119,0.6918,0.2725,4.6507
1430,0.0714,0.0322,0.2707,0.7414,0.3425,4.0910
1431,0.0902,0.0331,0.2956,0.7608,0.3655,4.1596
1432,0.1587,0.0384,0.2060,0.6317,0.3661,4.5177
1433,0.1633,0.0339,0.3207,0.7773,0.3998,5.7479
1434,0.1670,0.0449,0.3040,0.7446,0.3547,6.4454
1435,0.1565,0.0336,0.3074,0.8078,0.3959,4.3397
1436,0.1460,0.0383,0.2488,0.7447,0.3843,5.8177
1437,0.1938,0.0340,0.2783,0.8918,0.3609,5.0587
1438,0.1137,0.0331,0.2772,0.7711,0.3668,5.7064
1439,0.1168,0.0343,0.2525,0.7567,0.3608,4.3911
1440,0.2289,0.0899,0.3377,0.9876,0.4469,9.1018
1441,0.1335,0.0449,0.4199,0.9374,0.3963,5.2658
1442,0.1832,0.0321,0.3027,0.7859,0.3698,4.5611
1443,0.1417,0.0328,0.3696,0.8028,0.4333,6.1059
1444,0.1002,0.0493,0.2887,0.9738,0.3453,6.8991
1445,0.1022,0.0333,0.4351,0.9540,0.4159,6.4092
1446,0.1517,0.0387,0.3174,0.9380,0.3464,6.4467
1447,0.1453,0.0417,0.3488,1.0337,0.3319,5.9822
1448,0.0914,0.0328,0.5135,0.9403,0.3844,4.5595
1449,0.1276,0.0458,0.2735,1.0280,0.3502,7.5999
1450,0.0898,0.0332,0.2464,0.8211,0.3453,5.4290
1451,0.1802,0.0625,0.3039,1.0840,0.3822,7.2723
1452,0.1082,0.0315,0.4661,0.9279,0.3820,4.5526
1453,0.1904,0.0334,0.4693,0.9532,0.3617,5.6733
1454,0.1609,0.0402,0.3362,0.9869,0.2982,4.9331
1455,0.1350,0.0328,0.6195,0.8956,0.3226,3.9186
1456,0.1524,0.0331,0.5717,0.9079,0.3170,3.8242
1457,0.0959,0.0333,0.4229,0.9417,0.3536,6.1657
1458,0.1475,0.0335,0.3587,0.7898,0.3394,5.3452
1459,0.1657,0.0332,0.3496,0.7898,0.3592,5.1126
1460,0.1795,0.0517,0.2579,0.8076,0.3513,5.4841
1461,0.2442,0.0328,0.3196,0.8006,0.3722,6.0431
1462,0.0675,0.0335,0.3173,0.8665,0.3684,5.5011
1463,0.1620,0.0334,0.3205,0.7210,0.3685,4.4349
1464,0.2130,0.0399,0.2713,0.8532,0.2810,5.5879
1465,0.1413,0.0338,0.2620,0.7212,0.3861,5.2896
1466,0.1406,0.0390,0.2014,0.6290,0.3461,5.0221
1467,0.1843,0.0329,0.2246,0.6368,0.3431,4.8234
1468,0.1428,0.0455,0.3322,0.7505,0.3728,5.0383
1469,0.1786,0.0381,0.2640,0.7062,0.4259,6.6692
1470,0.1138,0.0339,0.2240,0.8375,0.3622,6.6555
1471,0.2611,0.0400,0.2181,0.9032,0.3000,6.3353
1472,0.1490,0.0329,0.2981,0.7057,0.3716,4.9041
1473,0.1484,0.0585,0.3239,1.0013,0.4161,7.1696
1474,0.0701,0.0337,0.3473,0.8087,0.3901,4.6487
1475,0.1971,0.0333,0.2660,0.7632,0.4465,6.8945
1476,0.1109,0.0389,0.2855,0.7213,0.3713,4.6470
1477,0.1032,0.0337,0.3690,0.7632,0.4010,4.5569
1478,0.2062,0.0334,0.3031,0.6975,0.4273,5.8118
1479,0.2044,0.0333,0.4776,0.8040,0.4039,4.4029
1480,0.1649,0.0335,0.3452,0.7141,0.4200,4.7328
1481,0.1402,0.0331,0.4275,0.8498,0.4210,5.4675
1482,0.1745,0.0332,0.4944,0.7657,0.4158,4.0740
1483,0.1937,0.0435,0.4181,0.8425,0.3831,5.5546
1484,0.1579,0.0332,0.5014,0.8181,0.4055,4.1696
1485,0.2161,0.0594,0.3831,0.7753,0.2949,6.2503
1486,0.1270,0.0322,0.6032,0.9202,0.4205,4.0481
1487,0.0862,0.0333,0.5541,0.9898,0.3855,4.2712
1488,0.2098,0.0330,0.4962,0.9108,0.3458,4.1833
1489,0.1831,0.0337,0.6118,1.0115,0.3901,4.2039
1490,0.1212,0.0335,0.5736,1.0677,0.4118,4.9701
1491,0.2162,0.0389,0.4141,0.8989,0.4416,8.3262
1492,0.2564,0.0334,0.4897,0.9013,0.3640,6.0658
1493,0.1519,0.0402,0.4116,0.8827,0.3754,7.0454
1494,0.1521,0.0342,0.3684,0.7936,0.3267,4.2193
1495,0.1551,0.0333,0.6347,0.8974,0.4231,3.9154
1496,0.1279,0.0332,0.5814,0.8543,0.3806,3.8265
1497,0.1915,0.0339,0.2548,0.8013,0.3587,6.7095
1498,0.1338,0.0341,0.4689,0.7816,0.3685,5.4503
1499,0.1273,0.0382,0.2872,0.7021,0.2802,4.2638
1500,0.1698,0.0408,0.2255,0.7549,0.3264,4.9653
1501,0.1975,0.0404,0.2818,0.7662,0.3484,5.5544
1502,0.1512,0.0325,0.3982,0.7076,0.3729,4.7074
1503,0.2321,0.0749,0.2967,0.9899,0.2335,8.7595
1504,0.0850,0.0323,0.3736,0.8568,0.3361,5.4285
1505,0.2052,0.0332,0.3329,0.7318,0.3563,6.7778
1506,0.2103,0.0637,0.3155,0.8031,0.4270,8.6272
1507,0.1652,0.0404,0.3249,0.9980,0.2708,6.2730
1508,0.0771,0.0538,0.3739,1.0540,0.3397,7.8575
1509,0.1443,0.0399,0.3444,0.9068,0.3067,6.8684
1510,0.1323,0.0327,0.3469,0.7917,0.2849,4.4984
1511,0.0833,0.0330,0.2921,0.6958,0.3330,4.5503
1512,0.3097,0.0385,0.3195,0.8403,0.5200,9.2587
1513,0.2103,0.0332,0.3976,0.8242,0.3628,5.7690
1514,0.1051,0.0343,0.4313,0.8682,0.3422,6.4194
1515,0.1937,0.0378,0.4453,0.7862,0.2978,4.6633
1516,0.2193,0.0397,0.2909,0.7637,0.3560,8.1260
1517,0.1450,0.0335,0.4777,0.8128,0.3475,5.2871
1518,0.1124,0.0335,0.4971,0.8557,0.2731,5.5821
1519,0.0762,0.0400,0.2609,0.8495,0.3078,6.3800
1520,0.1766,0.0500,0.2052,0.7292,0.2901,6.0606
1521,0.2005,0.0331,0.4269,0.7168,0.3078,5.8836
1522,0.2032,0.0341,0.3304,0.7508,0.2326,7.5155
1523,0.0896,0.0334,0.3564,0.8309,0.2069,5.3338
1524,0.1563,0.0462,0.2638,0.7769,0.3261,7.9012
1525,0.0991,0.0345,0.3378,0.6998,0.2744,7.1580
1526,0.1385,0.0341,0.3121,0.9561,0.1746,7.2128
1527,0.1327,0.0333,0.4438,0.7334,0.2496,4.3273
1528,0.2117,0.0454,0.3353,0.7779,0.3171,9.4945
1529,0.1495,0.0338,0.5011,0.8184,0.2527,5.5152
1530,0.1665,0.0334,0.3456,0.7250,0.2234,5.6537
1531,0.1447,0.0537,0.2648,1.0593,0.3004,7.6947
1532,0.1144,0.0328,0.5087,0.7846,0.2615,5.1765
1533,0.1040,0.0456,0.3441,1.0655,0.2859,6.0447
1534,0.1904,0.0337,0.4707,0.7912,0.3045,5.1991
1535,0.1018,0.0339,0.3454,0.8026,0.2673,5.7159
1536,0.1416,0.0340,0.3060,0.9059,0.3232,4.9997
1537,0.1838,0.0336,0.5655,0.8779,0.3811,4.6548
1538,0.0764,0.0321,0.4436,0.9548,0.3130,4.7541
1539,0.1779,0.0328,0.4394,0.9141,0.3855,6.2516
1540,0.2243,0.0348,0.4517,0.9176,0.2778,5.5855
1541,0.1743,0.0327,0.4963,0.7803,0.4030,4.8032
1542,0.1144,0.0393,0.2501,0.7702,0.2643,5.3074
1543,0.1762,0.0337,0.4389,0.8545,0.4179,6.4450
1544,0.2148,0.0333,0.4131,0.8907,0.3361,6.1171
1545,0.2384,0.0399,0.2995,0.8603,0.3268,6.8831
1546,0.1646,0.0332,0.3140,0.7973,0.3593,6.1804
1547,0.1055,0.0331,0.3364,0.8066,0.3564,5.3853
1548,0.1292,0.0331,0.3027,0.8922,0.3596,6.3846
1549,0.1216,0.0339,0.2544,0.8052,0.2557,4.7875
1550,0.1374,0.0398,0.3421,0.8289,0.3744,5.7431
1551,0.1658,0.0323,0.3882,0.8282,0.4217,4.9339
1552,0.1390,0.0388,0.4176,0.8737,0.3929,5.5809
1553,0.1783,0.0473,0.3033,1.0094,0.2863,5.6751
1554,0.0921,0.0331,0.4369,1.0281,0.3903,5.4651
1555,0.1037,0.0325,0.5902,0.9615,0.4173,4.5753
1556,0.1720,0.0338,0.6117,0.9957,0.4281,4.6963
1557,0.1673,0.0335,0.6781,1.1546,0.4140,4.6128
1558,0.0945,0.0406,0.5113,1.0560,0.3332,5.3201
1559,0.1596,0.0447,0.5310,1.0634,0.3294,4.7015
1560,0.1365,0.0340,0.4961,0.9946,0.3379,4.8533
1561,0.1486,0.0334,0.4344,0.8327,0.2941,3.8137
1562,0.1965,0.0340,0.4582,0.8249,0.3022,4.0225
1563,0.1435,0.0340,0.3688,0.8656,0.3306,4.6936
1564,0.1486,0.0347,0.2576,0.8348,0.3117,4.6365
1565,0.1876,0.0339,0.2985,0.7077,0.3023,3.8193
1566,0.1849,0.0470,0.3893,1.0214,0.2758,5.2961
1567,0.2026,0.0350,0.2043,0.6586,0.3183,3.9790
1568,0.1076,0.0337,0.2619,0.7188,0.3083,4.3305
1569,0.1724,0.0334,0.2588,0.6706,0.3248,4.1552
1570,0.1396,0.0341,0.2493,0.6710,0.3449,4.1175
1571,0.1525,0.0414,0.2781,0.7937,0.3372,5.1824
1572,0.1652,0.0325,0.2511,0.7750,0.2953,4.2116
1573,0.1249,0.0333,0.2432,0.7055,0.3367,3.8831
1574,0.1556,0.0332,0.2197,0.7362,0.2691,4.4433
1575,0.2024,0.0485,0.2894,0.8885,0.3155,5.5104
1576,0.1548,0.0345,0.2892,0.7809,0.3720,4.7770
1577,0.1625,0.0709,0.2596,0.9997,0.3574,7.9571
1578,0.1608,0.0387,0.2438,0.8370,0.3641,4.7039
1579,0.2125,0.0497,0.2518,0.9564,0.3195,5.1599
1580,0.0781,0.0338,0.2338,0.7725,0.3657,4.3545
1581,0.1487,0.0336,0.2316,0.7417,0.3697,4.8464
1582,0.0822,0.0329,0.2328,0.6898,0.3873,4.7122
1583,0.0650,0.0329,0.2655,0.7424,0.3866,4.8976
1584,0.1790,0.0493,0.2576,0.9565,0.3815,7.4443
1585,0.1950,0.0343,0.2043,0.7045,0.3755,5.3744
1586,0.1623,0.0405,0.2112,0.9340,0.3648,6.4018
1587,0.2552,0.0388,0.2423,0.7598,0.4126,8.0634
1588,0.1760,0.0341,0.2430,0.6630,0.3641,5.0135
1589,0.1803,0.0342,0.2323,0.6294,0.3876,5.0122
1590,0.2052,0.0468,0.1991,0.9120,0.3440,5.1958
1591,0.1639,0.0656,0.3494,1.2292,0.3507,7.7378
1592,0.1354,0.0346,0.2520,0.7991,0.3633,6.2714
1593,0.1572,0.0337,0.2155,0.7749,0.3476,4.4357
1594,0.1942,0.0335,0.2112,0.6828,0.3248,5.0869
1595,0.1888,0.0531,0.2250,0.8569,0.3466,6.8470
1596,0.2113,0.0342,0.1953,0.7028,0.3829,5.4743
1597,0.1372,0.0341,0.2148,0.7567,0.3177,4.9190
1598,0.1884,0.0342,0.2437,0.7499,0.3628,4.5194
1599,0.1312,0.0336,0.2207,0.7612,0.3578,4.4055
1600,0.0908,0.0329,0.2069,0.7480,0.3802,4.2984
1601,0.0678,0.0386,0.2000,0.8173,0.3527,4.4191
1602,0.0728,0.0493,0.2335,0.9448,0.3411,4.4165
1603,0.1457,0.0340,0.2069,0.8029,0.3816,5.7938
1604,0.1555,0.0336,0.1943,0.6387,0.4033,4.7007
1605,0.1947,0.0343,0.2775,0.7174,0.4163,6.0690
1606,0.1702,0.0335,0.2383,0.7389,0.4179,4.9728
1607,0.0841,0.0526,0.2844,1.0331,0.3677,8.3347
1608,0.0714,0.0334,0.2976,0.7654,0.3695,5.4447
1609,0.1025,0.0342,0.2423,0.7869,0.3806,5.3874
1610,0.1825,0.0340,0.2563,0.7843,0.4069,5.5069
1611,0.1230,0.0407,0.2284,1.2193,0.3439,7.0243
1612,0.1949,0.0337,0.2574,0.8622,0.3755,5.3325
1613,0.1992,0.0403,0.2763,0.9768,0.3236,6.6880
1614,0.1993,0.0335,0.2383,0.7512,0.3522,4.9057
1615,0.2221,0.0336,0.2616,0.9138,0.3164,5.3236
1616,0.2973,0.0879,0.3235,1.5407,0.4282,11.2741
1617,0.1373,0.0336,0.2214,0.6970,0.3081,4.8632
1618,0.1785,0.0345,0.2326,0.8158,0.3646,6.0797
1619,0.1588,0.0335,0.2258,0.7874,0.3409,5.4762
1620,0.0505,0.0337,0.2246,0.9928,0.2885,5.0684
1621,0.1464,0.0336,0.2081,0.7675,0.3094,4.9426
1622,0.0784,0.0334,0.3211,0.9271,0.3281,5.9083
1623,0.1678,0.0427,0.2307,0.9371,0.2715,4.6643
1624,0.1087,0.0335,0.2445,0.8954,0.2711,5.1454
1625,0.1381,0.0398,0.1813,0.9174,0.2790,5.0737
1626,0.1410,0.0344,0.2245,0.9030,0.3473,6.6167
1627,0.1716,0.0514,0.2621,1.2509,0.3079,7.6070
1628,0.1948,0.0462,0.2457,1.1174,0.3091,7.4448
1629,0.1200,0.0503,0.2877,1.3877,0.2604,5.1694
1630,0.1269,0.0344,0.2383,1.1145,0.2892,6.2384
1631,0.0929,0.0459,0.2323,1.0511,0.2700,5.6750
1632,0.1820,0.0414,0.1553,1.0984,0.3143,6.6058
1633,0.1202,0.0339,0.2644,0.9641,0.3331,5.7372
1634,0.1252,0.0336,0.2099,0.9017,0.2998,5.1018
1635,0.2927,0.0884,0.3576,1.7275,0.4321,11.6399
1636,0.1751,0.0338,0.2124,0.8798,0.3821,5.0566
1637,0.1572,0.0331,0.1970,0.7917,0.3368,4.6953
1638,0.1218,0.0385,0.2220,0.8932,0.3400,5.7354
1639,0.0976,0.0408,0.1737,1.1502,0.3175,5.2178
1640,0.1552,0.0339,0.1922,0.7422,0.3596,4.6173
1641,0.1718,0.0510,0.2935,1.2604,0.3981,8.8132
1642,0.1972,0.0332,0.2087,0.9351,0.3278,4.5299
1643,0.1655,0.0330,0.2432,0.9083,0.3448,4.6055
1644,0.1446,0.0506,0.1858,1.2184,0.2934,6.0286
1645,0.1409,0.0339,0.1987,1.0132,0.3169,5.7663
1646,0.2346,0.0459,0.2154,1.6625,0.2796,6.9928
1647,0.1198,0.0451,0.3156,1.3444,0.2877,6.3744
1648,0.2409,0.0388,0.2682,1.0678,0.4036,7.2108
1649,0.1615,0.0416,0.2544,1.2871,0.2858,6.5273
1650,0.1905,0.0341,0.2283,1.1424,0.3409,6.8268
1651,0.1479,0.0350,0.1905,1.0394,0.3660,7.6218
1652,0.1593,0.0454,0.2037,1.1462,0.3983,8.7310
1653,0.1400,0.0337,0.1644,0.7353,0.3681,4.8193
1654,0.1289,0.0343,0.1647,0.8414,0.3452,5.8455
1655,0.2153,0.0343,0.2247,1.0756,0.3869,8.1844
1656,0.2019,0.0337,0.2334,0.9473,0.3971,6.8511
1657,0.2043,0.0331,0.2394,0.7306,0.3871,5.4901
1658,0.2138,0.0337,0.2327,0.9343,0.3521,6.6760
1659,0.1875,0.0333,0.2778,0.8878,0.3651,4.9425
1660,0.1586,0.0341,0.2423,0.9318,0.4776,8.7184
1661,0.1572,0.0336,0.2025,0.8654,0.3628,6.4993
1662,0.1758,0.0335,0.2370,0.7856,0.3113,5.0883
1663,0.1590,0.0341,0.2611,0.8114,0.4252,5.1557
1664,0.1064,0.0759,0.2119,2.0631,0.3369,13.2542
1665,0.1385,0.0392,0.2078,1.2279,0.3061,8.0235
1666,0.2307,0.0334,0.2855,0.8087,0.4542,6.0017
1667,0.2369,0.0344,0.2498,0.9741,0.4364,8.2294
1668,0.2097,0.0343,0.2276,0.9004,0.4223,7.0670
1669,0.1724,0.0343,0.2418,1.0918,0.4180,7.2465
1670,0.1059,0.0350,0.2868,1.2779,0.3952,8.9537
1671,0.0875,0.0403,0.2074,1.0064,0.2839,5.3242
1672,0.1321,0.0346,0.2255,1.1308,0.3546,5.0904
1673,0.2331,0.0337,0.1697,0.9899,0.3535,6.9997
1674,0.1905,0.0441,0.2392,1.2072,0.3030,7.0582
1675,0.1148,0.0338,0.1765,0.8097,0.3722,5.7417
1676,0.1566,0.0334,0.2731,0.9092,0.3768,4.8912
1677,0.1831,0.0434,0.1568,0.9244,0.3400,6.7945
1678,0.1603,0.0331,0.2205,0.8523,0.3461,5.8158
1679,0.1244,0.0388,0.1226,0.9966,0.3260,6.9487
1680,0.1465,0.0352,0.3011,1.4344,0.3537,5.4470
1681,0.0968,0.0399,0.1812,0.9491,0.3377,6.7240
1682,0.2503,0.0336,0.2119,0.8817,0.4026,6.5991
1683,0.1148,0.0394,0.2272,0.9278,0.3214,5.6120
1684,0.1893,0.0344,0.2006,0.9923,0.3278,6.0962
1685,0.2378,0.0404,0.2080,1.1447,0.3959,7.6294
1686,0.2533,0.0401,0.1984,0.9024,0.3675,5.4347
1687,0.1791,0.0443,0.2599,1.1101,0.3880,6.8161
1688,0.1926,0.0464,0.2599,1.1893,0.3155,6.5843
1689,0.1319,0.0344,0.1987,0.8680,0.4088,6.1261
1690,0.1672,0.0339,0.2257,0.9048,0.3876,4.9019
1691,0.1079,0.0349,0.1774,0.9776,0.3661,5.4662
1692,0.1291,0.0346,0.2075,0.9050,0.3604,5.2169
1693,0.1341,0.0334,0.2432,1.0430,0.4114,6.1802
1694,0.2173,0.0402,0.2139,1.0698,0.3778,5.8341
1695,0.2245,0.0603,0.1524,1.3046,0.3573,7.1695
1696,0.1547,0.0336,0.1963,0.9578,0.3060,4.7850
1697,0.1847,0.0461,0.2059,1.1689,0.3268,6.5377
1698,0.1405,0.0346,0.2393,1.2470,0.3912,8.2373
1699,0.1519,0.0330,0.2057,0.9149,0.3490,5.0962
1700,0.1463,0.0333,0.2201,0.8611,0.3377,5.4341
1701,0.0630,0.0375,0.1872,0.9806,0.3664,5.7671
1702,0.2327,0.0337,0.2247,0.9057,0.4051,6.8910
1703,0.1796,0.0393,0.2390,0.9770,0.2888,6.1676
1704,0.1320,0.0465,0.1945,1.0399,0.4037,8.4474
1705,0.2483,0.0857,0.3579,1.5680,0.5052,12.6330
1706,0.1026,0.0397,0.1994,1.1752,0.4119,6.1313
1707,0.1550,0.0332,0.1811,0.7922,0.4166,5.6808
1708,0.1227,0.0524,0.1968,1.2250,0.3878,8.8096
1709,0.1460,0.0338,0.1268,0.8750,0.4229,5.6535
1710,0.1720,0.0344,0.1913,0.9106,0.4441,6.7843
1711,0.1354,0.0350,0.1710,0.8421,0.4368,5.9021
1712,0.0893,0.0457,0.2281,1.0708,0.3970,7.2549
1713,0.1611,0.0340,0.1790,0.9912,0.4304,6.1115
1714,0.1724,0.0334,0.1992,0.8504,0.4256,6.1521
1715,0.0818,0.0475,0.1734,1.3459,0.4220,7.6524
1716,0.1535,0.0335,0.2311,0.9356,0.4118,5.7048
1717,0.2679,0.0391,0.2034,0.9104,0.4209,7.7419
1718,0.1671,0.0339,0.2467,0.9574,0.3828,4.9623
1719,0.1612,0.0392,0.2375,1.1084,0.3994,7.3976
1720,0.1223,0.0337,0.2628,0.9483,0.4115,5.9020
1721,0.2173,0.0389,0.2253,1.2605,0.4136,10.0365
1722,0.2795,0.0398,0.1711,1.0563,0.3636,8.2319
1723,0.1576,0.0342,0.1658,0.8888,0.3584,5.3661
1724,0.1726,0.0343,0.2232,1.0520,0.3500,7.1709
1725,0.2251,0.0444,0.2517,1.2087,0.3737,8.1150
1726,0.2079,0.0344,0.2228,0.7956,0.3444,5.0996
1727,0.0761,0.0341,0.2575,1.0020,0.4370,6.0870
1728,0.1308,0.0338,0.1849,0.7372,0.4048,5.1412
1729,0.1655,0.0339,0.2809,1.0252,0.3788,6.3415
1730,0.3023,0.0585,0.3392,1.7108,0.4562,11.8081
1731,0.1512,0.0484,0.2704,1.6978,0.3663,6.7313
1732,0.1368,0.0332,0.1823,0.9160,0.3637,5.5311
1733,0.1576,0.0345,0.2182,1.0484,0.4297,6.9447
1734,0.1277,0.0331,0.1870,1.0201,0.4106,7.1493
1735,0.1867,0.0324,0.1665,0.7707,0.3310,5.4647
1736,0.2102,0.0489,0.2169,1.0403,0.4052,7.3727
1737,0.1513,0.0342,0.2107,1.0834,0.3410,6.4410
1738,0.1997,0.0349,0.2737,1.5075,0.4470,5.8437
1739,0.1400,0.0343,0.2352,0.9653,0.3997,5.5224
1740,0.1468,0.0339,0.2269,0.9899,0.3646,5.9598
1741,0.1616,0.0344,0.1670,0.9409,0.3732,6.0358
1742,0.2482,0.0427,0.1765,0.8906,0.3508,6.2023
1743,0.1581,0.0415,0.2267,1.2827,0.3919,6.5507
1744,0.1401,0.0406,0.1887,1.0709,0.3425,6.0509
1745,0.1459,0.0405,0.2572,1.5817,0.3567,9.7076
1746,0.1383,0.0399,0.2048,1.1046,0.2775,5.6811
1747,0.0820,0.0464,0.1976,1.0973,0.3601,5.8806
1748,0.1293,0.0398,0.1944,0.9473,0.3934,5.6362
1749,0.1481,0.0447,0.2329,1.1808,0.3130,4.9747
1750,0.1425,0.0346,0.2136,0.8457,0.3675,5.4585
1751,0.1467,0.0343,0.2334,1.2485,0.4057,5.6485
1752,0.1983,0.0387,0.1643,1.1254,0.3526,6.4886
1753,0.2288,0.0336,0.1878,1.1193,0.3707,7.4069
1754,0.1387,0.0414,0.2244,1.1930,0.3051,7.2754
1755,0.1885,0.0351,0.1788,1.0245,0.3749,7.0484
1756,0.1250,0.0471,0.1906,1.1141,0.3601,6.2282
1757,0.2344,0.0401,0.1994,0.9170,0.3632,6.6564
1758,0.1370,0.0344,0.2422,1.2161,0.3217,5.9504
1759,0.1211,0.0342,0.1980,1.0703,0.3421,5.9264
1760,0.1697,0.0406,0.2545,1.2133,0.2660,6.5408
1761,0.1483,0.0422,0.1808,1.3411,0.4017,6.5290
1762,0.0828,0.0350,0.1518,1.1121,0.2482,7.6816
1763,0.1327,0.0339,0.1266,0.8792,0.3812,6.5098
1764,0.1179,0.0343,0.1808,0.9386,0.3317,5.5047
1765,0.1276,0.0351,0.2105,1.2717,0.3850,6.9129
1766,0.1972,0.0343,0.1835,1.0215,0.3577,7.5119
1767,0.2460,0.0333,0.2141,1.0344,0.3969,7.3392
1768,0.1384,0.0334,0.1870,0.8930,0.3269,5.2722
1769,0.2174,0.0406,0.2843,1.1780,0.4220,9.8563
1770,0.2336,0.0528,0.2618,1.4165,0.3755,10.0919
1771,0.2212,0.0405,0.2011,0.9104,0.3915,6.9758
1772,0.2007,0.0401,0.1402,1.2614,0.3658,8.6121
1773,0.0982,0.0343,0.1809,0.8825,0.3821,5.4713
1774,0.1665,0.0354,0.2004,1.0522,0.2757,6.4918
1775,0.1949,0.0339,0.2061,1.0414,0.2776,6.1797
1776,0.0734,0.0340,0.1959,1.2434,0.3755,7.1207
1777,0.1226,0.0405,0.2000,1.2732,0.3631,6.8224
1778,0.2274,0.0348,0.2954,1.3580,0.3994,10.9851
1779,0.1719,0.0481,0.1923,1.5755,0.3564,9.9910
1780,0.2278,0.0351,0.2592,1.1196,0.3191,6.7656
1781,0.2957,0.0890,0.3279,1.6960,0.4539,16.3425
1782,0.1353,0.0500,0.1855,1.1783,0.3624,9.3815
1783,0.1529,0.0357,0.2535,1.5311,0.3938,6.0256
1784,0.1783,0.0401,0.2151,0.9653,0.4032,7.1842
1785,0.1508,0.0411,0.2237,1.0994,0.3140,6.6723
1786,0.1552,0.0342,0.2321,0.9578,0.3807,7.1629
1787,0.1572,0.0338,0.3417,0.8595,0.3863,5.7830
1788,0.1317,0.0479,0.2092,1.8041,0.3881,11.3631
1789,0.0964,0.0344,0.1895,1.0414,0.3561,8.4720
1790,0.1781,0.0420,0.2044,1.3551,0.3959,8.2771
1791,0.2068,0.0340,0.1841,1.0968,0.3555,7.5745
1792,0.1529,0.0344,0.2007,1.0136,0.3499,7.8074
1793,0.1817,0.0350,0.2733,1.5204,0.3491,5.7393
1794,0.2021,0.0412,0.1959,1.1585,0.3409,6.8047
1795,0.2132,0.0343,0.2201,0.7703,0.2758,7.1128
1796,0.1186,0.0418,0.1887,1.6503,0.3098,10.2379
1797,0.1547,0.0413,0.2036,1.3291,0.3384,7.9043
1798,0.2432,0.0412,0.1891,1.1199,0.3610,8.4509
1799,0.1902,0.0345,0.2187,0.9621,0.3758,8.0306
1800,0.1258,0.0351,0.2268,0.8420,0.3839,8.1831
1801,0.2175,0.0347,0.2165,1.0975,0.3586,7.8803
1802,0.1437,0.0346,0.2674,0.9274,0.3507,5.9486
1803,0.1515,0.0409,0.1512,1.1064,0.4037,7.6665
1804,0.1641,0.0408,0.1996,0.9680,0.3799,6.8940
1805,0.1035,0.0343,0.2519,1.0198,0.3179,5.3902
1806,0.1542,0.0457,0.1201,0.9897,0.3516,7.8803
1807,0.2498,0.0438,0.2149,1.2915,0.2742,7.3650
1808,0.1885,0.0342,0.1616,0.9968,0.3553,6.2914
1809,0.2558,0.0354,0.2135,0.9714,0.4201,9.1453
1810,0.2787,0.0353,0.2364,0.9674,0.4327,9.5682
1811,0.2152,0.0343,0.2004,0.7368,0.3865,6.2436
1812,0.1664,0.0341,0.1846,0.9027,0.3069,7.2221
1813,0.2414,0.0566,0.2471,1.2198,0.4499,12.8645
1814,0.2030,0.0338,0.1918,0.7802,0.3765,7.0492
1815,0.1916,0.0338,0.2911,1.0907,0.3255,7.2794
1816,0.2186,0.0343,0.2018,0.8164,0.4227,8.4902
1817,0.1833,0.0406,0.1993,1.1267,0.3414,7.8387
1818,0.0917,0.0390,0.1792,1.0170,0.3166,6.6990
1819,0.2246,0.0348,0.2069,0.8862,0.4114,8.5219
1820,0.2272,0.0392,0.2305,0.8710,0.3455,6.0935
1821,0.1969,0.0339,0.2104,0.8414,0.3492,6.9962
1822,0.2615,0.0843,0.3025,1.2882,0.4268,13.0150
1823,0.1837,0.0333,0.2636,0.7679,0.3700,4.9435
1824,0.1224,0.0355,0.1928,0.9127,0.3798,9.5774
1825,0.1994,0.0327,0.2035,1.1208,0.3140,6.4419
1826,0.2341,0.0345,0.2701,1.0373,0.3867,8.6662
1827,0.1168,0.0456,0.1843,1.0788,0.3708,8.3397
1828,0.2134,0.0415,0.2718,1.0517,0.4342,12.3356
1829,0.1041,0.0492,0.1883,1.2814,0.3555,7.1905
1830,0.1761,0.0343,0.2739,0.9829,0.3515,7.6747
1831,0.1665,0.0340,0.2792,1.0354,0.3789,7.8478
1832,0.1651,0.0342,0.2001,0.8281,0.3065,7.0510
1833,0.1822,0.0418,0.1741,1.2200,0.3518,7.7435
1834,0.1750,0.0335,0.2882,0.8156,0.3460,5.1326
1835,0.1141,0.0364,0.1825,1.0028,0.3271,6.7752
1836,0.1666,0.0405,0.2217,1.0788,0.3089,8.7563
1837,0.1823,0.0345,0.2475,0.6507,0.3673,4.9838
1838,0.2559,0.0334,0.1927,0.6033,0.4064,4.9519
1839,0.1563,0.0340,0.2095,0.7847,0.3635,6.8890
1840,0.2302,0.0353,0.1958,0.9004,0.3486,6.5337
1841,0.3033,0.0463,0.2169,1.2246,0.4032,10.6812
1842,0.1469,0.0342,0.2323,1.0498,0.3603,8.7262
1843,0.1945,0.0348,0.2432,0.7450,0.3042,5.0824
1844,0.1699,0.0424,0.1803,1.2059,0.3699,8.3036
1845,0.1885,0.0423,0.1936,0.9815,0.3645,6.0784
1846,0.1881,0.0359,0.1344,0.9844,0.3820,10.4447
1847,0.2080,0.0400,0.2047,0.9435,0.3499,8.4012
1848,0.2544,0.0351,0.2069,1.1720,0.4022,9.2491
1849,0.0750,0.0475,0.2294,1.0616,0.3554,7.6533
1850,0.1950,0.0645,0.2820,1.3764,0.4201,10.3387
1851,0.0982,0.0337,0.3026,0.8983,0.4139,5.8465
1852,0.2569,0.0347,0.2330,0.7398,0.4107,6.8252
1853,0.1399,0.0344,0.2832,0.8678,0.3617,6.1018
1854,0.1982,0.0334,0.3714,1.0601,0.3315,5.0576
1855,0.2488,0.0340,0.2995,1.0640,0.3795,8.8154
1856,0.1760,0.0393,0.2627,1.0824,0.3425,6.6463
1857,0.1549,0.0346,0.2082,0.8955,0.3286,6.5186
1858,0.1485,0.0487,0.2303,1.4254,0.3490,8.0988
1859,0.2205,0.0356,0.2206,1.1201,0.2960,9.5728
1860,0.1811,0.0335,0.1891,0.7613,0.3414,5.1659
1861,0.2168,0.0489,0.2389,1.2928,0.3505,10.2443
1862,0.2069,0.0338,0.2665,0.8879,0.3282,5.4069
1863,0.1689,0.0337,0.1991,0.8768,0.3063,5.9891
1864,0.2029,0.0597,0.2299,1.0688,0.2863,9.0817
1865,0.0956,0.0352,0.2824,1.2261,0.3729,7.5089
1866,0.2503,0.0346,0.2658,0.9870,0.3842,8.9442
1867,0.1871,0.0352,0.2280,0.8302,0.3460,6.4950
1868,0.2635,0.0554,0.2331,1.1892,0.3980,12.3907
1869,0.2038,0.0337,0.2442,0.8268,0.3883,5.9880
1870,0.1970,0.0410,0.2921,0.9816,0.3265,8.8205
1871,0.2555,0.0343,0.1954,0.9409,0.3464,10.0459
1872,0.2272,0.0351,0.2538,0.8949,0.3650,8.4887
1873,0.2506,0.0362,0.2167,1.1355,0.3965,10.2928
1874,0.1462,0.0353,0.1849,1.0373,0.2838,8.1857
1875,0.2109,0.0417,0.2477,1.3251,0.3789,8.3896
1876,0.1561,0.0344,0.1936,0.7191,0.3384,6.4449
1877,0.2214,0.0417,0.2261,0.9177,0.2957,9.0377
1878,0.2082,0.0481,0.2799,1.3390,0.3036,8.0922
1879,0.2537,0.0596,0.2262,1.2792,0.3293,14.4274
1880,0.2512,0.0473,0.2499,1.0318,0.3200,9.9984
1881,0.1393,0.0500,0.2166,0.9959,0.3342,6.6818
1882,0.1361,0.0526,0.3078,1.6338,0.3124,8.0967
1883,0.1600,0.0481,0.2281,1.4531,0.2879,7.7834
1884,0.1939,0.0335,0.3356,0.8194,0.3300,4.9042
1885,0.1677,0.0349,0.3143,1.1539,0.3631,7.5005
1886,0.1076,0.0350,0.2397,1.1138,0.3175,9.5218
1887,0.2024,0.0348,0.3075,0.9399,0.3679,5.4670
1888,0.1500,0.0355,0.2703,1.0127,0.3476,7.2759
1889,0.2038,0.0554,0.2861,1.4752,0.3044,10.0391
1890,0.1867,0.0651,0.1406,1.2914,0.3515,13.2387
1891,0.1522,0.0339,0.1980,0.9560,0.3420,6.3157
1892,0.2138,0.0473,0.1940,1.1043,0.3656,10.2249
1893,0.1902,0.0399,0.2283,0.9612,0.4028,9.8168
1894,0.2523,0.0537,0.3197,1.1602,0.4016,11.1849
1895,0.1029,0.0347,0.2394,0.9815,0.2811,5.7071
1896,0.2089,0.0342,0.2166,0.8220,0.3197,7.3089
1897,0.1664,0.0344,0.2140,0.8664,0.3664,5.3728
1898,0.1142,0.0354,0.2307,1.0528,0.3539,7.4416
1899,0.1607,0.0333,0.2463,0.8922,0.3044,6.2895
1900,0.1383,0.0344,0.2359,1.0740,0.2539,7.7041
1901,0.1882,0.0452,0.3440,1.2856,0.2346,7.6633
1902,0.1779,0.0409,0.2442,1.0317,0.3193,7.2968
1903,0.2290,0.0418,0.2669,1.1373,0.3091,11.0568
1904,0.1266,0.0335,0.3108,0.8342,0.3485,5.2466
1905,0.1876,0.0485,0.2480,1.2333,0.3217,9.1187
1906,0.1253,0.0335,0.2321,0.9172,0.3318,6.6281
1907,0.1702,0.0340,0.2981,0.9175,0.3634,5.3530
1908,0.1752,0.0350,0.2220,1.0501,0.3279,7.9962
1909,0.1828,0.0353,0.2688,1.2641,0.2796,8.8170
1910,0.1658,0.0400,0.2107,1.0033,0.3096,7.9993
1911,0.1883,0.0404,0.2517,0.9391,0.3093,10.4609
1912,0.0768,0.0338,0.2420,0.9043,0.3176,5.2298
1913,0.1862,0.0430,0.2379,1.2028,0.3484,10.3162
1914,0.2357,0.0668,0.2867,1.2072,0.4060,10.5024
1915,0.1971,0.0350,0.2044,1.0187,0.2212,6.7538
1916,0.1340,0.0350,0.3491,0.9971,0.3706,8.9271
1917,0.1447,0.0413,0.2974,1.2452,0.3567,10.4759
1918,0.1739,0.0341,0.3077,0.9044,0.3440,4.8881
1919,0.1652,0.0335,0.3017,0.8972,0.3494,5.2142
1920,0.1478,0.0473,0.2616,1.5153,0.2928,9.7508
1921,0.1588,0.0404,0.1904,1.0800,0.3048,8.0776
1922,0.3326,0.0548,0.2214,1.3688,0.3711,13.6923
1923,0.2608,0.0349,0.2335,0.9835,0.3538,8.5196
1924,0.2196,0.0343,0.2755,0.9456,0.2692,7.0826
1925,0.1922,0.0342,0.1858,0.9848,0.2733,7.8858
1926,0.1444,0.0412,0.2211,1.3374,0.2825,6.5201
1927,0.1699,0.0345,0.3215,1.1840,0.2599,6.4471
1928,0.1162,0.0340,0.1929,0.8617,0.2974,5.5666
1929,0.2128,0.0337,0.2232,0.9910,0.3210,7.4893
1930,0.1415,0.0350,0.1903,0.9799,0.3220,7.2605
1931,0.1854,0.0591,0.2493,1.4234,0.3769,9.4473
1932,0.1879,0.0335,0.2213,0.8373,0.3087,6.5563
1933,0.1783,0.0395,0.2031,1.0630,0.2949,8.8394
1934,0.1855,0.0475,0.2220,1.3499,0.3602,9.2882
1935,0.1640,0.0342,0.2660,1.1301,0.3453,7.9377
1936,0.1039,0.0465,0.3200,1.4898,0.2660,5.9529
1937,0.1154,0.0342,0.2255,1.0197,0.2837,6.5179
1938,0.1712,0.0331,0.3387,0.9653,0.3087,5.2052
1939,0.1732,0.0348,0.2835,1.1260,0.3414,5.5591
1940,0.1642,0.0337,0.1781,0.8894,0.3304,5.2224
1941,0.1973,0.0350,0.2462,1.1598,0.3114,9.0734
1942,0.0791,0.0343,0.2798,1.0191,0.3699,7.9299
1943,0.2170,0.0400,0.2249,1.2015,0.3651,10.3760
1944,0.1848,0.0335,0.2245,0.9331,0.3574,6.5429
1945,0.1861,0.0463,0.3200,1.1064,0.3085,7.9032
1946,0.2684,0.0345,0.2668,1.1497,0.3766,9.1606
1947,0.1471,0.0411,0.2862,1.4169,0.3264,8.2171
1948,0.2683,0.0483,0.2593,1.1628,0.3378,11.2023
1949,0.2160,0.0513,0.2471,1.5223,0.4107,10.9586
1950,0.0800,0.0464,0.2456,1.1782,0.3207,6.5813
1951,0.1839,0.0346,0.2662,0.9113,0.3600,7.9405
1952,0.2466,0.0342,0.1943,0.9024,0.3128,8.0000
1953,0.2273,0.0356,0.2903,1.1501,0.3764,9.2145
1954,0.2072,0.0402,0.1805,0.8544,0.2860,5.4888
1955,0.1643,0.0335,0.2947,1.0164,0.3144,4.9715
1956,0.0863,0.0355,0.2798,1.0564,0.3725,9.2291
1957,0.1744,0.0418,0.2806,1.1248,0.3211,9.2797
1958,0.1996,0.0346,0.2605,0.9948,0.3409,7.5985
1959,0.1517,0.0361,0.2651,1.1186,0.2940,8.3332
1960,0.1767,0.0366,0.3613,1.8370,0.2819,5.9274
1961,0.1559,0.0392,0.2788,1.1303,0.2693,5.4998
1962,0.1745,0.0416,0.3075,1.2761,0.3065,10.3960
1963,0.2403,0.0337,0.2436,0.9119,0.3470,7.0675
1964,0.2627,0.0826,0.2351,1.2821,0.4754,16.3413
1965,0.2374,0.0426,0.2272,1.2260,0.3507,8.4074
1966,0.1131,0.0344,0.2946,1.1582,0.2533,7.1126
1967,0.1154,0.0474,0.3031,1.3872,0.3277,9.1942
1968,0.2033,0.0417,0.2201,1.0953,0.2809,9.3254
1969,0.1139,0.0348,0.3192,1.3094,0.3178,9.7441
1970,0.1648,0.0352,0.2894,1.0941,0.3101,6.6621
1971,0.1682,0.0351,0.2860,0.9851,0.3091,6.9069
1972,0.1641,0.0334,0.3886,1.1153,0.3640,5.1307
1973,0.1186,0.0344,0.2934,0.8871,0.3743,7.8168
1974,0.1713,0.0356,0.2952,1.1117,0.3410,10.5445
1975,0.1985,0.0339,0.3307,1.2245,0.3872,5.8982
1976,0.1140,0.0358,0.2720,1.4689,0.2641,8.7145
1977,0.2134,0.0468,0.2222,1.0927,0.3533,10.4115
1978,0.1522,0.0347,0.1898,0.9500,0.2951,6.8457
1979,0.1020,0.0335,0.3610,1.0495,0.3786,5.5366
1980,0.2650,0.0349,0.2631,0.9726,0.3396,7.9320
1981,0.1645,0.0476,0.1642,1.0013,0.3290,8.2827
1982,0.1780,0.0339,0.1589,0.8187,0.2677,5.5462
1983,0.0786,0.0338,0.2762,1.0943,0.3269,6.5663
1984,0.1584,0.0411,0.2946,1.1707,0.3167,10.5296
1985,0.1280,0.0354,0.3379,1.1490,0.3226,7.8783
1986,0.1810,0.0344,0.3580,1.0917,0.3321,7.7780
1987,0.1145,0.0584,0.2459,1.3147,0.2952,8.2736
1988,0.1879,0.0333,0.2893,1.0631,0.2954,5.2470
1989,0.2226,0.0349,0.2012,0.8872,0.2931,7.0170
1990,0.1947,0.0400,0.1600,0.9540,0.2895,7.9162
1991,0.1597,0.0354,0.3040,1.0067,0.2570,6.9327
1992,0.1286,0.0344,0.2860,1.0275,0.2538,6.3153
1993,0.1883,0.0361,0.2625,1.2911,0.3065,9.8339
1994,0.1285,0.0426,0.2852,1.4207,0.3191,9.6017
1995,0.2334,0.0424,0.1719,1.1608,0.2648,10.2155
1996,0.1369,0.0430,0.2383,1.0653,0.2868,9.3666
1997,0.1029,0.0344,0.2287,1.0246,0.2697,5.6841
1998,0.2839,0.0357,0.2832,1.0650,0.4164,9.7507
1999,0.1118,0.0343,0.2350,0.9011,0.3265,6.1109
2000,0.1123,0.0350,0.2386,1.0706,0.3177,5.6890
2001,0.1594,0.0563,0.3221,1.8322,0.3060,8.5452
2002,0.2204,0.0424,0.2549,1.3311,0.3330,9.0666
2003,0.1913,0.0417,0.2228,1.1548,0.3108,8.5667
2004,0.2273,0.0339,0.2354,0.9611,0.3331,6.5510
2005,0.1834,0.0418,0.1962,1.2335,0.2770,9.4213
2006,0.1073,0.0484,0.2720,1.2461,0.2838,7.9740
2007,0.0787,0.0417,0.2344,1.3063,0.3044,9.5523
2008,0.2175,0.0344,0.1674,0.8285,0.3031,6.1687
2009,0.2209,0.0386,0.2314,0.9097,0.3067,6.6078
2010,0.1769,0.0413,0.2197,0.9567,0.2500,6.2117
2011,0.1315,0.0860,0.1974,1.4123,0.3431,15.7718
2012,0.1717,0.0357,0.2053,1.4115,0.2751,5.7384
2013,0.1452,0.0353,0.2088,1.0533,0.3310,7.6782
2014,0.2042,0.0358,0.3022,1.0661,0.3279,9.2324
2015,0.1245,0.0468,0.2306,0.9505,0.2867,5.7397
2016,0.1387,0.0347,0.1998,0.9687,0.3022,5.7461
2017,0.1931,0.0355,0.3195,1.0488,0.2841,7.0902
2018,0.1743,0.0346,0.2914,0.8938,0.3669,6.3954
2019,0.2671,0.0355,0.3455,1.3432,0.4081,10.3945
2020,0.1242,0.0341,0.2826,0.9691,0.2802,7.2284
2021,0.1494,0.0356,0.2969,0.9743,0.2830,7.0018
2022,0.2051,0.0346,0.1862,0.9708,0.3012,6.6910
2023,0.2149,0.0343,0.1995,0.8793,0.2994,7.1344
2024,0.1870,0.0345,0.2667,0.9697,0.3080,7.7526
2025,0.1764,0.0348,0.2660,0.8706,0.3474,6.5334
2026,0.2330,0.0355,0.2112,0.7722,0.3375,6.9534
2027,0.2541,0.0414,0.2488,0.9541,0.2927,8.2047
2028,0.2455,0.0425,0.2519,1.1882,0.2945,8.2977
2029,0.2309,0.0410,0.1691,0.8072,0.2909,6.8234
2030,0.1695,0.0426,0.3303,2.0274,0.3505,7.1703
2031,0.3009,0.0876,0.3629,1.2896,0.4664,16.1321
2032,0.0966,0.0416,0.2861,1.1963,0.3209,8.2759
2033,0.2023,0.0415,0.2161,1.1410,0.3029,7.0022
2034,0.2520,0.0417,0.2577,1.2240,0.3449,10.6214
2035,0.1581,0.0354,0.2308,0.9328,0.3198,6.7652
2036,0.1464,0.0344,0.1863,0.8996,0.2994,6.6202
2037,0.2118,0.0366,0.2196,1.0282,0.3816,11.0583
2038,0.2154,0.0442,0.3230,1.6924,0.3062,6.9215
2039,0.2956,0.0520,0.2023,1.1212,0.3890,9.7178
2040,0.2478,0.0343,0.2188,0.8484,0.3021,5.6354
2041,0.2563,0.0350,0.1763,1.1515,0.3354,7.6730
2042,0.2225,0.0342,0.2402,0.8969,0.3187,6.2803
2043,0.1273,0.0356,0.2350,0.9878,0.3367,7.6644
2044,0.2728,0.0426,0.2121,1.0661,0.3666,9.6063
2045,0.1962,0.0350,0.1804,0.8281,0.3143,6.3161
2046,0.0695,0.0429,0.2631,1.3642,0.3054,12.4597
2047,0.1857,0.0356,0.2263,1.0718,0.2886,9.5340
2048,0.0989,0.0343,0.2751,1.0582,0.3104,6.8913
2049,0.1734,0.0353,0.2623,0.9321,0.3411,9.2082
2050,0.1406,0.0343,0.2677,1.0158,0.2828,7.9264
2051,0.2087,0.0404,0.2030,0.9547,0.3661,8.4522
2052,0.1922,0.0357,0.1624,0.9241,0.2615,8.1192
2053,0.2171,0.0329,0.2507,1.0431,0.3372,6.2658
2054,0.1987,0.0341,0.1772,0.8905,0.3105,7.4337
2055,0.0947,0.0348,0.2896,1.2040,0.2669,6.8364
2056,0.1329,0.0480,0.2787,1.1473,0.2743,8.0850
2057,0.1627,0.0349,0.2926,0.9836,0.2912,9.2183
2058,0.2051,0.0406,0.1997,0.8403,0.2905,8.1319
2059,0.0988,0.0575,0.3433,1.7444,0.3142,10.1963
2060,0.1756,0.0340,0.2814,0.8883,0.2764,6.5755
2061,0.1568,0.0418,0.2181,1.1083,0.3514,6.8048
2062,0.1738,0.0543,0.3652,1.6286,0.2573,6.6726
2063,0.2034,0.0513,0.3042,1.5827,0.2855,7.0423
2064,0.1742,0.0348,0.2799,0.8912,0.3313,6.7653
2065,0.1635,0.0335,0.1643,0.8809,0.2741,6.6879
2066,0.2537,0.0388,0.2339,1.6497,0.3607,14.4695
2067,0.1316,0.0341,0.3132,1.0007,0.3502,7.9294
2068,0.1243,0.0426,0.2497,1.5316,0.2612,7.6040
2069,0.2201,0.0349,0.3178,1.1191,0.3505,10.7955
2070,0.1269,0.0421,0.2756,1.2699,0.3252,8.3653
2071,0.1720,0.0350,0.2364,1.0925,0.3181,6.8318
2072,0.2656,0.0367,0.3059,1.0697,0.3616,12.4521
2073,0.1870,0.0340,0.2666,0.7620,0.3856,4.9361
2074,0.1929,0.0339,0.2884,0.9561,0.2308,5.4227
2075,0.1130,0.0412,0.1889,1.1467,0.2903,7.1425
2076,0.1396,0.0452,0.2451,1.6839,0.3336,7.6611
2077,0.2196,0.0468,0.2820,1.0830,0.3517,9.4362
2078,0.1920,0.0364,0.3600,1.0880,0.2892,7.8071
2079,0.1779,0.0353,0.2185,0.9762,0.3394,8.9524
2080,0.1445,0.0338,0.3452,1.0278,0.3026,6.4467
2081,0.1816,0.0351,0.2399,1.0682,0.3202,9.2744
2082,0.1597,0.0348,0.3139,0.9652,0.3422,7.7100
2083,0.1120,0.0413,0.2609,1.0108,0.3272,8.1649
2084,0.2258,0.0342,0.2600,1.0435,0.3607,7.7967
2085,0.1927,0.0520,0.1840,0.9233,0.3773,9.1697
2086,0.2711,0.0671,0.2746,1.1890,0.3842,12.7762
2087,0.2515,0.0338,0.2510,1.0294,0.2817,6.0999
2088,0.1018,0.0417,0.1774,1.1879,0.2724,7.0260
2089,0.1165,0.0357,0.2441,1.1240,0.3564,7.9359
2090,0.2220,0.0342,0.3714,0.9223,0.2510,6.3989
2091,0.1886,0.0346,0.3125,1.0637,0.3296,9.3995
2092,0.1154,0.0423,0.2522,1.5899,0.2932,5.7537
2093,0.1750,0.0357,0.2382,1.0749,0.2851,8.0799
2094,0.2029,0.0346,0.1677,0.8523,0.3001,6.4575
2095,0.2354,0.0344,0.1756,0.9992,0.3373,9.1548
2096,0.1907,0.0489,0.2424,1.3434,0.2997,11.3491
2097,0.1511,0.0561,0.3081,1.2086,0.3243,13.7767
2098,0.1716,0.0339,0.3635,0.9701,0.2893,6.6040
2099,0.2249,0.0350,0.2385,1.0407,0.3060,8.1204
2100,0.2093,0.0399,0.2154,0.9341,0.2655,8.0497
2101,0.1470,0.0519,0.2546,1.3669,0.2939,11.3582
2102,0.2219,0.0370,0.2337,1.2322,0.3428,8.1440
2103,0.2299,0.0347,0.2549,0.8874,0.2881,6.8744
2104,0.2471,0.0393,0.2571,0.9718,0.3071,8.0673
2105,0.2034,0.0336,0.2941,0.9411,0.3066,5.2379
2106,0.2498,0.0348,0.1889,0.8309,0.3044,5.4196
2107,0.2024,0.0462,0.2257,1.1342,0.2602,9.4364
2108,0.2096,0.0421,0.3162,1.1378,0.2787,8.0004
2109,0.1329,0.0335,0.3795,0.9475,0.2956,4.8783
2110,0.1765,0.0425,0.1911,1.1801,0.3314,7.8601
2111,0.1438,0.0336,0.2393,0.9647,0.3586,5.0737
2112,0.1387,0.0440,0.2667,1.5254,0.3154,7.3328
2113,0.1110,0.0331,0.3515,1.0795,0.2433,5.1985
2114,0.1890,0.0361,0.2749,1.0641,0.3332,11.3640
2115,0.1473,0.0397,0.2591,1.0100,0.2726,6.6754
2116,0.1960,0.0358,0.2285,1.0373,0.3181,10.1474
2117,0.1211,0.0425,0.2060,1.1752,0.2509,6.8808
2118,0.2641,0.0408,0.2466,1.1384,0.3451,8.1213
2119,0.1415,0.0412,0.1910,1.0394,0.2764,7.7968
2120,0.1951,0.0333,0.3707,1.1018,0.2866,5.4257
2121,0.1903,0.0346,0.2492,0.9211,0.2517,6.4884
2122,0.2066,0.0492,0.2018,1.3015,0.2676,10.9343
2123,0.2955,0.0535,0.2064,1.1149,0.3669,12.4387
2124,0.0882,0.0346,0.3161,1.1107,0.2708,7.9202
2125,0.1778,0.0583,0.2903,1.9210,0.2706,7.5428
2126,0.2372,0.0352,0.2767,1.0096,0.3271,7.8688
2127,0.1732,0.0538,0.3647,1.3781,0.2669,9.6487
2128,0.2191,0.0586,0.2507,1.9764,0.3290,9.7846
2129,0.2404,0.0356,0.3148,1.1773,0.3152,10.1194
2130,0.2269,0.0357,0.2243,1.0917,0.3436,9.6483
2131,0.2131,0.0384,0.2668,1.8162,0.2820,6.9660
2132,0.2110,0.0336,0.3098,1.1219,0.3160,6.9323
2133,0.0907,0.0391,0.1833,1.1988,0.2749,8.8384
2134,0.2203,0.0351,0.2084,0.9478,0.3152,7.3577
2135,0.2327,0.0347,0.2095,1.0218,0.2460,8.6767
2136,0.1236,0.0428,0.2533,1.6451,0.2637,5.8339
2137,0.1502,0.0354,0.3278,1.0830,0.3043,7.1508
2138,0.1952,0.0455,0.3229,2.1218,0.3227,8.6491
2139,0.1204,0.0528,0.1830,1.5427,0.3353,10.0585
2140,0.2084,0.0347,0.3029,1.2391,0.3125,9.6961
2141,0.1401,0.0339,0.2517,1.0673,0.2908,5.7756
2142,0.2308,0.0357,0.2009,0.9788,0.3517,8.3288
2143,0.2500,0.0808,0.2772,1.3248,0.4244,14.5440
2144,0.1542,0.0436,0.2785,1.5325,0.3258,11.8155
2145,0.2053,0.0425,0.1905,1.2992,0.2483,10.6207
2146,0.2326,0.0398,0.3803,1.2843,0.3239,8.6806
2147,0.1887,0.0352,0.3045,1.1172,0.3215,7.7325
2148,0.2475,0.0357,0.2940,1.2218,0.3608,10.1434
2149,0.1261,0.0345,0.1901,0.9852,0.2960,6.3115
2150,0.2237,0.0803,0.2266,1.4337,0.4133,14.7938
2151,0.1592,0.0478,0.1975,1.6708,0.2978,12.8087
2152,0.1188,0.0416,0.1885,1.0923,0.3202,9.6821
2153,0.2241,0.0357,0.2988,1.2821,0.3384,8.2201
2154,0.1909,0.0341,0.2393,1.0445,0.2737,7.5404
2155,0.1645,0.0352,0.2410,1.1905,0.2548,5.4821
2156,0.1098,0.0342,0.3077,1.1769,0.3133,6.5641
2157,0.0844,0.0354,0.2865,1.1945,0.2894,8.6892
2158,0.1071,0.0347,0.3232,1.2020,0.3269,8.0548
2159,0.1022,0.0525,0.2025,1.3250,0.2824,8.3818
2160,0.0844,0.0362,0.2783,1.3457,0.2983,9.6406
2161,0.1784,0.0468,0.2584,1.3299,0.2799,8.6868
2162,0.0904,0.0482,0.2250,1.2456,0.2961,9.9250
2163,0.1891,0.0446,0.2486,1.4685,0.3212,12.5481
2164,0.1546,0.0477,0.1480,0.9721,0.3176,6.2044
2165,0.2316,0.0353,0.1482,0.8534,0.2693,7.7940
2166,0.1991,0.0360,0.2747,1.2468,0.2966,8.8262
2167,0.2157,0.0487,0.2447,1.0302,0.3122,8.8346
2168,0.2493,0.0347,0.2848,1.1887,0.3471,9.0437
2169,0.2208,0.0335,0.1704,0.7509,0.3033,5.1199
2170,0.2015,0.0352,0.1862,0.9169,0.2982,6.1647
2171,0.1593,0.0353,0.2004,1.0641,0.3044,5.8994
2172,0.1893,0.0395,0.1785,0.7917,0.2888,5.5223
2173,0.1766,0.0346,0.2984,0.9386,0.3318,6.2454
2174,0.2277,0.0344,0.2441,0.9304,0.2710,7.6129
2175,0.1776,0.0402,0.1743,1.0825,0.2820,8.2268
2176,0.1718,0.0342,0.2845,1.0725,0.3393,7.6036
2177,0.1254,0.0356,0.2423,1.0041,0.2744,7.3689
2178,0.2270,0.0351,0.2156,0.8490,0.2776,8.0299
2179,0.2864,0.0364,0.2176,1.1396,0.3609,9.5065
2180,0.1440,0.0334,0.2313,1.0173,0.3246,5.2745
2181,0.1804,0.0343,0.1917,0.9697,0.3179,5.6545
2182,0.2460,0.0422,0.1792,0.9818,0.3388,8.0353
2183,0.2359,0.0352,0.1766,0.8518,0.3663,7.7015
2184,0.1633,0.0651,0.1958,1.4037,0.3591,10.5529
2185,0.2174,0.0417,0.1828,0.8669,0.3449,7.8623
2186,0.2361,0.0334,0.2492,0.8962,0.3037,5.9655
2187,0.2259,0.0427,0.2822,1.2013,0.2535,9.8975
2188,0.2222,0.0532,0.1908,1.0867,0.3444,10.6568
2189,0.1040,0.0354,0.3553,1.4053,0.2900,8.1352
2190,0.1656,0.0515,0.1848,1.2002,0.2722,7.2200
2191,0.1617,0.0356,0.2693,1.1207,0.2964,7.7467
2192,0.1757,0.0688,0.1868,1.3848,0.2850,9.1726
2193,0.2500,0.0349,0.1691,0.8694,0.2969,6.0782
2194,0.2255,0.0344,0.1661,0.7801,0.2542,5.6947
2195,0.1774,0.0343,0.2023,0.7853,0.2963,5.3351
2196,0.1806,0.0357,0.3260,1.1907,0.3075,8.3432
2197,0.2012,0.0416,0.2926,1.2228,0.2694,9.2324
2198,0.1620,0.0344,0.2335,0.9480,0.2071,5.7269
2199,0.2510,0.0453,0.1990,0.9716,0.2961,7.7717
2200,0.1761,0.0399,0.2114,1.0152,0.3064,6.9665
2201,0.1953,0.0821,0.2547,1.3183,0.3996,17.7318
2202,0.1325,0.0345,0.3315,1.1290,0.3090,6.8176
2203,0.1299,0.0347,0.2355,1.0929,0.2521,6.9547
2204,0.1525,0.0462,0.2498,1.1772,0.2717,8.4452
2205,0.2126,0.0671,0.2292,1.4274,0.3509,12.1181
2206,0.1711,0.0425,0.3380,1.2230,0.2421,9.7538
2207,0.1928,0.0338,0.2114,1.0077,0.2964,5.8572
2208,0.1366,0.0408,0.2873,1.3605,0.2624,11.0557
2209,0.2556,0.0340,0.2203,1.1108,0.2447,6.8776
2210,0.2601,0.0342,0.2373,1.0069,0.2537,5.6617
2211,0.2100,0.0582,0.3220,1.9824,0.2667,7.7669
2212,0.1838,0.0359,0.2215,1.0507,0.2892,6.5627
2213,0.2148,0.0336,0.2190,0.9813,0.2662,6.9370
2214,0.1760,0.0342,0.2532,1.1235,0.2601,5.5667
2215,0.1059,0.0344,0.2300,1.1177,0.3031,7.2747
2216,0.2125,0.0496,0.2332,1.4718,0.2936,8.1407
2217,0.1116,0.0347,0.2866,1.2775,0.3041,8.2883
2218,0.2003,0.0340,0.1744,0.8232,0.2803,5.6439
2219,0.1440,0.0358,0.2079,1.0109,0.3251,7.5205
2220,0.1897,0.0423,0.1890,1.0261,0.2407,7.4619
2221,0.2057,0.0445,0.1738,1.3701,0.2886,8.7145
2222,0.2052,0.0471,0.1834,1.1072,0.3076,7.0979
2223,0.0976,0.0416,0.2127,1.2801,0.2678,7.6107
2224,0.1665,0.0372,0.2686,1.7138,0.3040,6.0521
2225,0.1198,0.0345,0.2071,1.2869,0.2732,7.1271
2226,0.2020,0.0723,0.3058,1.6307,0.3401,8.0830
2227,0.1950,0.0350,0.2746,1.2924,0.2685,5.6450
2228,0.2006,0.0350,0.2484,1.1696,0.2967,7.9466
2229,0.1523,0.0623,0.2374,1.7885,0.2819,7.9233
2230,0.2313,0.0354,0.2253,1.1881,0.3193,7.9536
2231,0.1659,0.0368,0.2765,1.3827,0.2357,7.3614
2232,0.1835,0.0400,0.1870,1.2725,0.2305,7.1753
2233,0.1965,0.0361,0.2599,1.3934,0.3033,7.6387
2234,0.2564,0.0354,0.2274,1.0443,0.2332,8.0169
2235,0.1896,0.0372,0.2118,1.4365,0.2684,8.0776
2236,0.2395,0.0353,0.2427,1.0876,0.2748,7.9057
2237,0.1486,0.0470,0.2362,1.2872,0.2874,7.8533
2238,0.2543,0.0358,0.2263,1.1000,0.2592,7.3670
2239,0.2120,0.0637,0.3119,1.8086,0.3233,6.0086
2240,0.1410,0.0415,0.2128,1.3556,0.2894,6.8411
2241,0.2018,0.0358,0.2157,1.1589,0.2461,5.6574
2242,0.2487,0.0350,0.3161,1.1896,0.1628,5.9649
2243,0.2389,0.0424,0.1965,0.9529,0.1894,6.1691
2244,0.2259,0.0415,0.2524,1.1139,0.2649,6.4197
2245,0.1893,0.0341,0.1858,1.0410,0.2259,5.4041
2246,0.1763,0.0353,0.1547,1.2064,0.2404,6.0287
2247,0.1782,0.0352,0.2167,1.3243,0.1955,6.6124
2248,0.1956,0.0357,0.2073,1.0658,0.3031,6.2983
2249,0.1410,0.0358,0.2242,1.1699,0.2828,6.8404
2250,0.1442,0.0358,0.2214,1.2359,0.2791,6.3686
2251,0.2454,0.0353,0.2984,1.3620,0.2644,6.5136
2252,0.1643,0.0415,0.1838,1.2757,0.2400,8.0353
2253,0.1949,0.0445,0.2433,2.1021,0.2035,6.5129
2254,0.2064,0.0365,0.2911,1.6987,0.2391,5.8600
2255,0.2510,0.0351,0.2173,0.8309,0.3154,6.5152
2256,0.2461,0.0360,0.2082,1.2887,0.1921,6.4168
2257,0.1687,0.0359,0.1505,1.3351,0.3356,7.4915
2258,0.0817,0.0404,0.2669,1.2580,0.3144,6.8143
2259,0.3038,0.0413,0.1910,0.8918,0.3063,6.7938
2260,0.1840,0.0385,0.1959,1.0139,0.3462,6.7223
2261,0.0916,0.0419,0.1727,1.4138,0.3024,7.8554
2262,0.2454,0.0412,0.3347,1.2999,0.3615,7.4911
2263,0.1665,0.0399,0.1609,0.9717,0.3622,5.8254
2264,0.2443,0.0448,0.2302,1.5255,0.2775,8.3156
2265,0.2216,0.0349,0.2285,0.9825,0.3214,6.3347
2266,0.1430,0.0431,0.2086,1.6753,0.3055,7.1369
2267,0.1795,0.0346,0.2304,1.0641,0.3479,6.3522
2268,0.2268,0.0360,0.2770,1.4120,0.3097,7.8704
2269,0.1881,0.0356,0.3754,1.7780,0.2579,6.0320
2270,0.2070,0.0354,0.1843,1.1142,0.3222,6.4158
2271,0.2354,0.0346,0.2983,0.9908,0.3920,5.4036
2272,0.2437,0.0349,0.2206,1.0491,0.4108,7.2557
2273,0.2380,0.0490,0.2314,1.4986,0.2535,7.5261
2274,0.2053,0.0349,0.3816,1.2835,0.3906,7.4561
2275,0.1544,0.0429,0.2607,1.7087,0.3366,7.7142
2276,0.1684,0.0352,0.3198,1.1092,0.3922,5.2731
2277,0.2242,0.0436,0.1988,1.6617,0.3013,8.6583
2278,0.1342,0.0345,0.2585,1.4467,0.3769,6.8880
2279,0.2269,0.0402,0.3019,1.2307,0.3479,6.9516
2280,0.0825,0.0346,0.2470,1.4705,0.2803,6.8184
2281,0.2050,0.0342,0.2645,1.1315,0.3702,5.5879
2282,0.2033,0.0426,0.3698,1.9427,0.3432,7.5745
2283,0.2207,0.0486,0.2439,1.2155,0.3530,6.5664
2284,0.2200,0.0347,0.2179,0.9669,0.3381,5.5347
2285,0.2506,0.0350,0.2798,1.3107,0.3857,6.1238
2286,0.2623,0.0472,0.2236,1.2804,0.3834,7.9102
2287,0.1761,0.0347,0.2902,1.4369,0.3242,7.0096
2288,0.1553,0.0359,0.2231,1.5160,0.2978,7.9983
2289,0.1323,0.0400,0.1970,1.0449,0.2999,6.2515
2290,0.2114,0.0350,0.1953,1.1402,0.3154,7.3057
2291,0.1913,0.0572,0.1881,1.3112,0.3490,10.1208
2292,0.3365,0.0368,0.2178,1.4774,0.3118,9.9136
2293,0.1995,0.0341,0.1803,1.0595,0.3095,6.2237
2294,0.0953,0.0350,0.3152,1.5157,0.2970,8.4720
2295,0.0942,0.0423,0.3260,1.8769,0.3092,10.5076
2296,0.1654,0.0353,0.2983,1.2609,0.3137,7.0331
2297,0.2419,0.0353,0.3424,1.5065,0.3278,9.2093
2298,0.0985,0.0337,0.2615,1.5164,0.3128,7.2582
2299,0.2848,0.0698,0.2719,2.0242,0.3693,15.0068
2300,0.1946,0.0517,0.2560,2.6740,0.3211,10.1391
2301,0.1980,0.0358,0.2214,1.1585,0.2764,8.5767
2302,0.2196,0.0341,0.2076,1.1032,0.2987,7.2769
2303,0.1188,0.0358,0.2238,1.3953,0.3036,5.7695
2304,0.2157,0.0481,0.2095,1.1168,0.3349,7.1484
2305,0.1778,0.0362,0.2668,1.5436,0.2536,7.2030
2306,0.2115,0.0364,0.3238,1.8364,0.3327,6.4115
2307,0.2032,0.0354,0.3033,1.5953,0.2137,7.6459
2308,0.1590,0.0413,0.2413,1.1691,0.3507,6.4432
2309,0.1588,0.0343,0.2040,1.4167,0.3640,7.9098
2310,0.2180,0.0338,0.1982,1.0593,0.3426,6.3337
2311,0.1152,0.0344,0.2658,1.2941,0.3534,7.3764
2312,0.2207,0.0542,0.1491,1.4567,0.3115,10.0138
2313,0.2297,0.0412,0.2324,1.5634,0.3115,8.9623
2314,0.2291,0.0341,0.1501,0.9183,0.3745,5.3193
2315,0.2194,0.0465,0.1767,1.2671,0.2785,7.0585
2316,0.1590,0.0344,0.1976,1.1640,0.3368,5.3205
2317,0.1562,0.0428,0.1474,1.5474,0.2960,7.2436
2318,0.2152,0.0419,0.2432,1.3957,0.3691,8.3457
2319,0.2017,0.0349,0.1576,1.3107,0.3173,6.0404
2320,0.2084,0.0449,0.2308,1.4664,0.2963,6.8782
2321,0.2838,0.0347,0.1855,1.2168,0.3391,8.6589
2322,0.2355,0.0473,0.2425,1.3950,0.2382,7.8853
2323,0.1581,0.0352,0.2513,1.8327,0.2447,9.3424
2324,0.2462,0.0413,0.3014,1.6939,0.3313,12.1420
2325,0.1570,0.0349,0.1970,1.1737,0.2634,6.3244
2326,0.2212,0.0406,0.2249,1.3008,0.2494,7.2265
2327,0.2040,0.0476,0.3484,2.2887,0.3513,9.6082
2328,0.2227,0.0348,0.2452,1.1501,0.2995,4.8969
2329,0.1976,0.0352,0.2388,1.5000,0.2602,7.7981
2330,0.1437,0.0496,0.3476,2.5186,0.2380,6.4504
2331,0.2332,0.0351,0.2840,1.6245,0.2771,7.7612
2332,0.1727,0.0421,0.2040,1.4269,0.2500,6.4326
2333,0.2453,0.0343,0.2583,1.2706,0.3008,6.1310
2334,0.0855,0.0374,0.3503,2.6485,0.1958,6.3606
2335,0.1627,0.0348,0.3686,1.9771,0.2743,8.2983
2336,0.1508,0.0350,0.2257,1.3500,0.2665,7.9640
2337,0.2189,0.0358,0.2584,1.7119,0.3001,7.0649
2338,0.1072,0.0347,0.2437,1.6615,0.2613,6.1303
2339,0.2279,0.0616,0.2828,1.7268,0.3345,9.7291
2340,0.1959,0.0421,0.2097,1.7302,0.2582,8.6421
2341,0.2181,0.0429,0.1655,1.3764,0.2624,7.6594
2342,0.2157,0.0355,0.2063,1.3186,0.2079,5.9512
2343,0.1845,0.0394,0.2465,1.5444,0.2596,7.0875
2344,0.2179,0.0610,0.3514,2.0457,0.3406,11.0339
2345,0.1455,0.0341,0.1819,1.1414,0.2671,5.4469
2346,0.1677,0.0477,0.2543,1.4886,0.2726,7.3461
2347,0.2428,0.0348,0.2641,1.1108,0.3579,5.3113
2348,0.1494,0.0586,0.2904,2.5881,0.2662,6.6911
2349,0.1179,0.0357,0.3446,1.5460,0.2158,5.9695
2350,0.2350,0.0720,0.2892,1.8108,0.2873,10.5330
2351,0.1436,0.0563,0.2534,1.9014,0.2785,9.7057
2352,0.1834,0.0333,0.3604,1.3202,0.3320,5.0325
2353,0.1778,0.0405,0.2589,1.3429,0.3064,7.2728
2354,0.2656,0.0371,0.2796,1.5631,0.3034,8.8292
2355,0.2142,0.0337,0.3081,1.2028,0.2932,5.3915
2356,0.2442,0.0353,0.2017,1.3373,0.3087,8.6833
2357,0.0859,0.0348,0.2373,1.4933,0.3117,6.7930
2358,0.2721,0.0367,0.2453,1.5752,0.3024,10.0285
2359,0.2552,0.0343,0.3591,1.3893,0.3732,6.9558
2360,0.1825,0.0345,0.2586,1.5483,0.2997,5.8853
2361,0.2015,0.0358,0.2405,1.5482,0.3388,8.9379
2362,0.1762,0.0353,0.2090,1.7701,0.2775,9.5204
2363,0.1697,0.0348,0.2108,1.3596,0.2797,6.8894
2364,0.2223,0.0413,0.2547,1.5097,0.3118,8.8476
2365,0.1237,0.0355,0.2777,1.6382,0.2506,8.4477
2366,0.1936,0.0426,0.2766,1.8944,0.2655,8.8832
2367,0.2245,0.0357,0.1886,1.3850,0.3041,6.5896
2368,0.2161,0.0346,0.1783,1.4580,0.3266,7.9200
2369,0.2417,0.0353,0.2084,1.3830,0.3208,8.8768
2370,0.1684,0.0436,0.2773,2.1874,0.2657,9.1284
2371,0.2005,0.0490,0.2180,1.5763,0.3269,6.9917
2372,0.1784,0.0416,0.2361,1.3674,0.3151,7.3233
2373,0.1835,0.0341,0.2258,1.4923,0.3205,6.4523
2374,0.1401,0.0348,0.2773,1.4641,0.3023,8.0895
2375,0.2603,0.0435,0.3073,1.7344,0.3434,11.4289
2376,0.2377,0.0355,0.1963,1.2554,0.2701,8.0486
2377,0.2157,0.0343,0.2512,1.1438,0.3451,5.5774
2378,0.0969,0.0419,0.2664,1.6932,0.2846,8.4069
2379,0.1390,0.0354,0.2510,1.4074,0.3094,6.8120
2380,0.1901,0.0471,0.2194,1.2437,0.3409,6.4404
2381,0.1490,0.0370,0.3161,2.2163,0.2666,7.9944
2382,0.1551,0.0488,0.2725,1.4890,0.2932,7.6222
2383,0.1434,0.0550,0.3369,2.1808,0.2595,7.1808
2384,0.2097,0.0344,0.2555,1.0876,0.3273,5.8112
2385,0.2111,0.0362,0.3369,1.3428,0.3315,7.4058
2386,0.2184,0.0417,0.2113,1.1520,0.2285,7.8943
2387,0.1390,0.0407,0.2796,1.3665,0.2798,6.8017
2388,0.2229,0.0404,0.2873,1.1916,0.2976,6.9704
2389,0.1801,0.0411,0.3312,1.3887,0.2863,7.2542
2390,0.2423,0.0346,0.3198,1.2556,0.2663,5.4981
2391,0.0909,0.0346,0.2979,1.7286,0.2854,6.9873
2392,0.1951,0.0373,0.3704,1.6621,0.3169,8.1200
2393,0.1663,0.0345,0.2536,1.2512,0.2825,6.7031
2394,0.1638,0.0501,0.3577,2.1610,0.2525,6.5235
2395,0.1934,0.0353,0.3541,1.2652,0.2726,6.8447
2396,0.2741,0.0352,0.3179,1.5129,0.2941,10.1882
2397,0.1438,0.0339,0.3243,1.4102,0.2964,6.0124
2398,0.1538,0.0353,0.3152,1.4621,0.2900,6.8059
2399,0.1741,0.0344,0.3266,1.3701,0.2895,5.6942
2400,0.0930,0.0406,0.3870,2.3147,0.2449,6.4411
2401,0.1028,0.0353,0.4311,1.6191,0.3082,7.8407
2402,0.2000,0.0416,0.3091,1.5539,0.3269,9.5936
2403,0.2415,0.0470,0.2343,1.5407,0.2542,7.7385
2404,0.1575,0.0346,0.2673,1.6175,0.2795,5.7243
2405,0.2610,0.0345,0.3646,1.4304,0.3499,5.6377
2406,0.1493,0.0358,0.2375,1.5502,0.3215,5.5883
2407,0.2564,0.0463,0.3259,1.8745,0.3130,12.6769
2408,0.1057,0.0415,0.2868,1.9852,0.2249,7.7145
2409,0.2168,0.0348,0.3061,1.3808,0.3322,5.7012
2410,0.1452,0.0426,0.3550,1.7128,0.3030,7.3282
2411,0.2472,0.0350,0.3921,1.5775,0.3587,7.7193
2412,0.2692,0.0362,0.3076,1.3717,0.2927,5.5315
2413,0.2470,0.0345,0.3298,1.5791,0.3115,5.5683
2414,0.2256,0.0492,0.2655,1.7322,0.2104,7.3678
2415,0.1866,0.0388,0.4030,1.8224,0.3435,5.8579
2416,0.1976,0.0552,0.2926,2.0470,0.2895,9.7089
2417,0.3020,0.0356,0.3443,1.9834,0.3576,12.0809
2418,0.2126,0.0511,0.3155,2.0465,0.2575,9.5470
2419,0.2015,0.0439,0.2802,1.9287,0.2755,11.3744
2420,0.1815,0.0488,0.3335,1.9748,0.2514,9.3005
2421,0.2408,0.0350,0.3450,1.7606,0.3041,9.3124
2422,0.2451,0.0354,0.3050,1.7347,0.3016,8.2208
2423,0.2369,0.0336,0.3091,1.5126,0.2840,5.3507
2424,0.2312,0.0348,0.3142,1.8049,0.2201,7.2237
2425,0.1152,0.0355,0.2800,1.5604,0.2863,5.9443
2426,0.2252,0.0349,0.3143,1.6730,0.2437,5.9666
2427,0.0948,0.0408,0.4115,2.6199,0.2253,7.0895
2428,0.0851,0.0419,0.3081,2.1162,0.2430,6.1543
2429,0.1305,0.0348,0.4492,2.7030,0.2137,7.0143
2430,0.1883,0.0355,0.2654,2.0535,0.2262,6.1811
2431,0.2647,0.0357,0.2991,1.3428,0.3266,6.2215
2432,0.2236,0.0351,0.2464,1.4596,0.3109,5.7920
2433,0.2062,0.0421,0.3525,1.8854,0.2635,7.5906
2434,0.2056,0.0353,0.3599,1.9111,0.2092,6.5160
2435,0.1332,0.0360,0.3052,1.6889,0.1988,6.4022
2436,0.1860,0.0432,0.3148,3.0029,0.1742,10.3664
2437,0.1354,0.0352,0.2853,1.6597,0.2377,6.5909
2438,0.0954,0.0425,0.2912,3.2225,0.1894,9.5836
2439,0.2328,0.0424,0.3137,2.4167,0.2281,9.0352
2440,0.2132,0.0350,0.2999,2.0976,0.1710,6.9266
2441,0.1851,0.0345,0.2486,1.8859,0.2727,9.5895
2442,0.2246,0.0494,0.3202,2.4062,0.2569,7.4592
2443,0.1981,0.0538,0.1999,2.0268,0.1803,9.6986
2444,0.2000,0.0353,0.2596,1.9126,0.2145,8.8608
2445,0.2598,0.0360,0.2638,2.0024,0.2863,7.6080
2446,0.2077,0.0340,0.3076,2.2188,0.1502,8.7094
2447,0.1773,0.0431,0.2732,2.5051,0.2022,8.6165
2448,0.1819,0.0762,0.3605,2.8525,0.2434,14.4890
2449,0.2543,0.0351,0.2729,1.9131,0.2385,7.9622
2450,0.2731,0.0424,0.2621,2.1177,0.2898,9.5639
2451,0.1499,0.0358,0.2780,2.1604,0.2532,8.4188
2452,0.2012,0.0359,0.3007,2.4631,0.2698,10.5487
2453,0.2245,0.0740,0.3489,3.3481,0.1879,11.1949
2454,0.2057,0.0418,0.3083,2.8643,0.2450,10.3503
2455,0.2772,0.0361,0.2579,2.0251,0.2182,7.8115
2456,0.2496,0.0466,0.3923,2.4504,0.1758,7.7332
2457,0.1559,0.0352,0.2482,2.0759,0.2108,8.0613
2458,0.2852,0.0352,0.1998,1.5967,0.2716,7.7105
2459,0.1934,0.0356,0.2541,1.8866,0.2799,6.5648
2460,0.1703,0.0491,0.2671,2.2001,0.2339,7.3893
2461,0.2532,0.0347,0.3276,2.0308,0.2190,7.1302
2462,0.1192,0.0350,0.3296,2.0104,0.2171,7.4305
2463,0.2436,0.0342,0.2874,1.9424,0.2676,6.7819
2464,0.3116,0.0408,0.2793,1.8276,0.2046,7.5458
2465,0.1836,0.0417,0.2052,1.6343,0.2687,7.1585
2466,0.2086,0.0346,0.2729,1.5520,0.2484,6.3692
2467,0.1613,0.0419,0.2657,2.2636,0.2143,7.5476
2468,0.2491,0.0347,0.2472,1.9570,0.2429,6.9023
2469,0.1556,0.0350,0.3687,2.0216,0.2672,6.6562
2470,0.1384,0.0362,0.2781,2.3513,0.2242,7.7480
2471,0.1368,0.0357,0.2597,1.9543,0.2484,7.1266
2472,0.2729,0.0364,0.3302,2.2111,0.1920,6.6835
2473,0.2170,0.0365,0.2612,2.0495,0.2195,7.6919
2474,0.2121,0.0403,0.2798,1.9329,0.1595,6.9204
2475,0.1219,0.0357,0.3850,2.1382,0.2310,7.3327
2476,0.1191,0.0355,0.4169,2.2235,0.2254,6.9427
2477,0.1244,0.0413,0.3095,2.1988,0.2134,7.4397
2478,0.1256,0.0357,0.3700,1.9746,0.2417,6.6165
2479,0.2113,0.0343,0.3980,1.9610,0.2318,6.7137
2480,0.1021,0.0433,0.3936,2.7451,0.1826,7.8217
2481,0.2546,0.0440,0.3133,2.2670,0.2456,7.6008
2482,0.2388,0.0351,0.3648,1.4356,0.2768,6.8217
2483,0.1472,0.0345,0.4234,1.8669,0.2963,6.3017
2484,0.1734,0.0421,0.3452,1.8263,0.2306,6.7342
2485,0.1365,0.0354,0.5271,2.1762,0.2904,6.7084
2486,0.1923,0.0362,0.3083,2.3984,0.1893,7.2529
2487,0.2509,0.0413,0.4292,2.3621,0.2177,6.6768
2488,0.1201,0.0475,0.2927,2.5144,0.2184,9.2018
2489,0.2016,0.0355,0.2729,1.7313,0.2178,6.7016
2490,0.2013,0.0354,0.4712,2.1040,0.2890,6.6020
2491,0.2489,0.0419,0.2985,2.1590,0.2802,9.7819
2492,0.2326,0.0453,0.3323,2.2269,0.2163,8.8313
2493,0.1425,0.0483,0.3757,2.5271,0.1934,9.4031
2494,0.1783,0.0357,0.3380,2.0689,0.2126,8.7162
2495,0.1658,0.0503,0.2899,3.2514,0.1386,9.8521
2496,0.1654,0.0373,0.3849,3.0438,0.1659,8.5072
2497,0.2113,0.0462,0.2729,1.9136,0.2628,8.5051
2498,0.1868,0.0344,0.5132,2.0972,0.3094,7.4763
2499,0.1323,0.0482,0.3440,2.4436,0.1807,9.1874
2500,0.2002,0.0352,0.3745,1.8383,0.2366,8.2769
2501,0.2186,0.0418,0.3402,2.1604,0.2432,9.9294
2502,0.0802,0.0341,0.3151,1.6343,0.2463,6.7636
2503,0.1981,0.0359,0.3919,2.1109,0.2494,8.7128
2504,0.2409,0.0348,0.3583,2.0193,0.2589,9.1212
2505,0.2113,0.0415,0.4048,1.8647,0.2055,6.3428
2506,0.2226,0.0347,0.3828,2.1051,0.2426,8.8171
2507,0.1600,0.0352,0.3469,1.8449,0.2700,7.6303
2508,0.1063,0.0343,0.4023,1.9008,0.2366,6.8905
2509,0.2003,0.0376,0.4235,2.2781,0.2754,7.7124
2510,0.1124,0.0350,0.4171,2.2583,0.2266,7.9885
2511,0.2050,0.0358,0.4914,2.2916,0.2642,9.0003
2512,0.1643,0.0427,0.3933,2.2405,0.2269,7.5366
2513,0.2459,0.0354,0.4052,2.1400,0.2816,9.3328
2514,0.2467,0.0716,0.3956,3.6056,0.3026,12.8611
2515,0.2494,0.0608,0.2912,3.0703,0.2099,9.7491
2516,0.2521,0.0350,0.3882,2.0260,0.3062,8.0818
2517,0.2170,0.0352,0.3640,1.6903,0.2923,6.6118
2518,0.1974,0.0365,0.3915,3.0569,0.2163,8.0320
2519,0.2002,0.0551,0.4535,2.9919,0.2812,10.5680
2520,0.2332,0.0415,0.3907,2.5055,0.2794,9.3803
2521,0.2335,0.0348,0.4216,2.0167,0.2848,7.2495
2522,0.2132,0.0348,0.2589,1.4599,0.3211,6.5047
2523,0.1575,0.0448,0.4039,3.0662,0.2467,9.8757
2524,0.2108,0.0479,0.3330,2.0195,0.2571,7.3526
2525,0.1633,0.0358,0.5408,2.0174,0.3504,6.9611
2526,0.1235,0.0352,0.3470,1.9151,0.2616,6.6808
2527,0.1426,0.0424,0.3718,1.9914,0.2861,6.5886
2528,0.2300,0.0351,0.3460,1.9473,0.2935,6.9045
2529,0.1251,0.0557,0.4153,2.4321,0.2611,10.8623
2530,0.2273,0.0342,0.5653,1.8751,0.3466,5.6584
2531,0.1415,0.0435,0.4535,2.2566,0.2645,10.9187
2532,0.2157,0.0354,0.3671,1.9990,0.2920,9.8295
2533,0.1644,0.0342,0.5579,2.1337,0.3001,7.1532
2534,0.2327,0.0359,0.5059,2.1870,0.2706,9.9719
2535,0.2490,0.0347,0.5640,1.9160,0.2669,7.7063
2536,0.2148,0.0469,0.4551,2.4049,0.3128,11.5388
2537,0.2119,0.0512,0.4480,2.6970,0.2957,10.0708
2538,0.1498,0.0409,0.4458,2.0731,0.2613,9.0973
2539,0.2127,0.0341,0.4425,1.7100,0.2623,6.7119
2540,0.2170,0.0405,0.4178,1.9877,0.2129,7.8719
2541,0.1627,0.0411,0.3406,1.9164,0.2562,7.7831
2542,0.2313,0.0358,0.3815,1.9198,0.2388,8.6420
2543,0.1830,0.0346,0.3830,1.8627,0.2651,7.1280
2544,0.2731,0.0351,0.4928,2.3293,0.2605,7.9872
2545,0.2536,0.0353,0.3916,1.7880,0.2848,7.3837
2546,0.1809,0.0350,0.3695,1.7252,0.2698,6.5490
2547,0.1452,0.0363,0.3843,2.9981,0.2075,8.4545
2548,0.1209,0.0350,0.4161,1.7990,0.2579,7.7039
2549,0.2050,0.0346,0.3031,1.4819,0.2990,6.8951
2550,0.1117,0.0358,0.4363,2.9229,0.2172,8.9935
2551,0.1249,0.0506,0.3153,2.8288,0.2709,10.2255
2552,0.1683,0.0584,0.4430,2.9040,0.2229,9.2283
2553,0.2003,0.0352,0.4765,2.3314,0.3005,10.0878
2554,0.1672,0.0342,0.3704,2.1268,0.2415,8.5430
2555,0.2395,0.0723,0.4496,2.3729,0.3032,12.6607
2556,0.2310,0.0354,0.4133,2.4185,0.2465,7.7826
2557,0.1943,0.0342,0.5192,2.5031,0.2838,8.9348
2558,0.2205,0.0335,0.3816,1.6243,0.3653,6.8190
2559,0.1252,0.0358,0.4582,2.6384,0.2525,8.0963
2560,0.1555,0.0337,0.4839,2.2349,0.2654,6.8485
2561,0.1744,0.0355,0.3061,1.8431,0.2912,8.2082
2562,0.1994,0.0408,0.4119,2.1715,0.2780,7.8606
2563,0.2013,0.0361,0.4582,2.5056,0.2782,10.0756
2564,0.1858,0.0438,0.4845,2.7002,0.2642,7.8791
2565,0.2116,0.0354,0.4581,1.8446,0.3145,6.3960
2566,0.2448,0.0346,0.5162,2.3281,0.3120,7.1650
2567,0.1311,0.0642,0.4396,3.4607,0.2274,9.0246
2568,0.2880,0.0359,0.5405,2.2586,0.3256,6.9631
2569,0.1942,0.0407,0.4551,1.8713,0.2829,6.4780
2570,0.2612,0.0353,0.5560,1.9549,0.3203,6.4155
2571,0.1650,0.0430,0.5728,2.1661,0.3204,7.0798
2572,0.1647,0.0477,0.5292,2.2042,0.3095,6.9086
2573,0.2435,0.0420,0.5156,1.9917,0.3272,8.4913
2574,0.2635,0.0353,0.5407,1.7245,0.3149,6.8360
2575,0.1872,0.0347,0.4308,2.0517,0.3001,7.3657
2576,0.1928,0.0451,0.4172,3.3349,0.2641,8.5012
2577,0.2288,0.0344,0.6151,2.2329,0.3022,7.6894
2578,0.1706,0.0437,0.3280,2.6475,0.2861,10.2293
2579,0.1397,0.0362,0.4304,2.5150,0.2839,9.3304
2580,0.1934,0.0351,0.5315,1.9277,0.3220,7.3824
2581,0.1861,0.0354,0.3085,1.9164,0.2460,9.0201
2582,0.1326,0.0349,0.3073,1.8338,0.2916,9.0711
2583,0.3509,0.0357,0.5541,1.8358,0.2913,8.4878
2584,0.2710,0.0427,0.4855,2.1553,0.2791,12.0780
2585,0.2705,0.0351,0.5547,1.9410,0.3459,8.7639
2586,0.1172,0.0358,0.5089,1.8204,0.3378,8.7841
2587,0.2545,0.0353,0.6094,2.1270,0.2931,6.1811
2588,0.1515,0.0360,0.4363,1.6936,0.3561,12.3843
2589,0.3336,0.0436,0.2953,3.2582,0.2846,11.6912
2590,0.1662,0.0420,0.4100,1.7848,0.3199,6.9150
2591,0.1994,0.0404,0.4038,1.8017,0.2722,9.2247
2592,0.2834,0.0389,0.4149,1.8621,0.2882,8.3727
2593,0.2864,0.0418,0.4053,1.9340,0.3167,8.5227
2594,0.1045,0.0356,0.3763,2.6231,0.2660,8.2395
2595,0.1203,0.0539,0.4988,2.5216,0.3253,9.4305
2596,0.1763,0.0412,0.4163,2.0813,0.2639,8.5464
2597,0.0837,0.0358,0.4623,2.1282,0.2627,6.6592
2598,0.2726,0.0366,0.3702,1.9140,0.3053,9.7662
2599,0.2015,0.0594,0.4162,2.4823,0.3395,14.3134
2600,0.1828,0.0400,0.4461,2.0009,0.2880,10.7700
2601,0.2607,0.0360,0.4832,1.7898,0.3088,8.7629
2602,0.1685,0.0406,0.4908,2.2403,0.2919,10.6716
2603,0.1233,0.0427,0.2319,2.0312,0.2694,11.2716
2604,0.1769,0.0414,0.3981,2.8073,0.1988,8.5670
2605,0.2558,0.0343,0.5820,2.2413,0.2626,7.3208
2606,0.1523,0.0413,0.2918,2.1789,0.3023,9.5802
2607,0.2103,0.0355,0.4962,1.9932,0.3055,8.7415
2608,0.1237,0.0352,0.4227,1.9439,0.2747,7.0928
2609,0.1866,0.0354,0.4028,2.2058,0.3147,8.0619
2610,0.2815,0.0356,0.3754,1.5956,0.3481,7.6141
2611,0.2127,0.0577,0.3221,2.8714,0.2397,8.1932
2612,0.2593,0.0477,0.3726,2.4118,0.2861,10.8560
2613,0.2192,0.0355,0.4564,2.0895,0.2896,7.7797
2614,0.3256,0.0430,0.4234,2.0920,0.3240,10.5029
2615,0.1702,0.0352,0.3853,1.9708,0.3018,8.1739
2616,0.1926,0.0354,0.2868,2.0540,0.2148,7.2884
2617,0.1761,0.0360,0.4808,2.1117,0.3181,7.5818
2618,0.1984,0.0357,0.4687,2.2241,0.3107,9.5079
2619,0.1113,0.0417,0.3947,2.1018,0.2820,9.7631
2620,0.1940,0.0488,0.2444,1.9211,0.2269,7.5474
2621,0.1515,0.0355,0.4505,2.3343,0.2803,6.8517
2622,0.2651,0.0351,0.5253,2.2814,0.2875,7.6325
2623,0.2869,0.0354,0.5897,2.1755,0.2974,5.9512
2624,0.1078,0.0419,0.4167,2.4192,0.2423,8.5250
2625,0.1432,0.0355,0.3693,2.0022,0.3010,8.2611
2626,0.2366,0.0446,0.3026,2.5147,0.2891,11.1441
2627,0.2625,0.0349,0.4480,1.9101,0.1916,7.1914
2628,0.1750,0.0352,0.5408,2.0163,0.3177,8.0777
2629,0.1933,0.0505,0.3794,2.5664,0.3002,17.0817
2630,0.1887,0.0368,0.3762,2.8948,0.2246,8.3985
2631,0.1771,0.0354,0.3328,2.2494,0.2763,11.6226
2632,0.2734,0.0409,0.4239,1.6651,0.3679,8.8001
2633,0.2120,0.0347,0.3558,1.7206,0.2674,7.3218
2634,0.1987,0.0356,0.5005,1.8109,0.3338,7.3638
2635,0.2315,0.0645,0.2954,2.9114,0.3435,11.4196
2636,0.1615,0.0401,0.2565,1.5350,0.2653,7.0643
2637,0.1768,0.0339,0.3356,1.8426,0.2681,7.2346
2638,0.2009,0.0364,0.3920,2.2253,0.2360,9.8556
2639,0.1738,0.0407,0.3420,2.0739,0.2867,8.0245
2640,0.1657,0.0345,0.4121,1.8115,0.3043,6.2831
2641,0.2182,0.0355,0.4533,2.0847,0.2881,9.3770
2642,0.2374,0.0500,0.3040,2.1000,0.2700,12.3505
2643,0.2992,0.0421,0.3821,1.6622,0.3251,11.7923
2644,0.2341,0.0374,0.3664,2.3909,0.2949,9.4455
2645,0.2122,0.0412,0.3619,2.2567,0.2334,10.6486
2646,0.1440,0.0345,0.2872,2.1027,0.2623,9.4742
2647,0.2693,0.0347,0.3741,1.3893,0.3130,7.8021
2648,0.2373,0.0339,0.4020,1.7581,0.2617,6.5978
2649,0.2261,0.0423,0.4301,2.5804,0.2515,10.0584
2650,0.1854,0.0356,0.3698,1.7794,0.3607,10.5470
2651,0.1854,0.0354,0.4731,1.7926,0.3110,6.1474
2652,0.0897,0.0347,0.4191,1.8295,0.2798,6.8594
2653,0.2164,0.0349,0.4847,1.7653,0.2857,7.5343
2654,0.1815,0.0415,0.4110,2.2893,0.2964,10.6421
2655,0.2169,0.0497,0.4399,1.9459,0.3099,10.2470
2656,0.1917,0.0358,0.3310,2.0108,0.2959,7.8751
2657,0.1819,0.0402,0.3895,1.7447,0.2738,7.9100
2658,0.1198,0.0351,0.3507,2.4802,0.2645,9.3110
2659,0.2552,0.0363,0.4924,1.9862,0.3084,8.5857
2660,0.2497,0.0351,0.5495,1.7508,0.3131,6.8174
2661,0.1384,0.0350,0.5404,2.5353,0.2752,7.7282
2662,0.1389,0.0370,0.4369,2.0355,0.3198,9.0906
2663,0.1588,0.0540,0.4194,2.4597,0.2734,11.5698
2664,0.2562,0.0357,0.4162,1.8104,0.3105,8.7336
2665,0.1647,0.0494,0.3224,2.1605,0.3353,13.0541
2666,0.2487,0.0440,0.3130,2.2473,0.2910,10.0579
2667,0.2543,0.0350,0.4809,2.1069,0.3092,8.9623
2668,0.2578,0.0367,0.5766,1.9708,0.3138,9.1160
2669,0.2564,0.0348,0.4824,1.7898,0.3420,6.9894
2670,0.1196,0.0367,0.3926,2.0358,0.2841,9.0559
2671,0.1924,0.0354,0.4712,2.3563,0.2768,8.4951
2672,0.2586,0.0348,0.4223,1.7344,0.3420,7.6412
2673,0.1216,0.0420,0.5175,2.0511,0.2699,8.1880
2674,0.1322,0.0367,0.4208,1.8505,0.3074,12.4894
2675,0.2054,0.0363,0.3672,1.5679,0.2757,7.7412
2676,0.1886,0.0349,0.5124,1.7707,0.2942,7.0924
2677,0.2240,0.0353,0.4409,1.7486,0.2700,6.5595
2678,0.2645,0.0357,0.3506,1.6338,0.2863,9.0719
2679,0.1551,0.0405,0.3999,2.0720,0.2324,12.9274
2680,0.2428,0.0349,0.3544,1.5836,0.2654,11.2188
2681,0.1789,0.0399,0.2860,1.8679,0.3214,10.1743
2682,0.2479,0.0361,0.3932,1.7162,0.2902,9.4523
2683,0.1000,0.0353,0.3837,2.2310,0.2232,11.1084
2684,0.1374,0.0477,0.4245,2.1003,0.3092,13.1940
2685,0.1877,0.0355,0.3967,1.9830,0.2633,10.5946
2686,0.1323,0.0491,0.2887,2.2726,0.2847,8.8142
2687,0.2144,0.0346,0.3211,1.7442,0.3094,8.1447
2688,0.2049,0.0371,0.3372,2.1490,0.3529,12.7096
2689,0.2568,0.0893,0.4470,2.5626,0.3910,13.4005
2690,0.2270,0.0436,0.2983,2.5802,0.2509,8.4659
2691,0.3059,0.0352,0.2606,1.6928,0.2908,9.8277
2692,0.2917,0.0416,0.2926,1.5685,0.2875,10.0102
2693,0.2214,0.0411,0.4053,1.9402,0.2634,12.6627
2694,0.2232,0.0339,0.4747,1.7704,0.2722,9.0297
2695,0.1623,0.0346,0.4090,2.0621,0.2583,8.3599
2696,0.1695,0.0365,0.3355,1.9119,0.2484,7.6832
2697,0.1419,0.0348,0.4231,2.1608,0.2705,8.9503
2698,0.1654,0.0424,0.4055,1.7643,0.3337,10.8928
2699,0.1730,0.0351,0.3202,1.6072,0.2835,8.6964
2700,0.1265,0.0355,0.4088,1.7167,0.2647,10.0923
2701,0.1778,0.0416,0.3846,1.9409,0.3299,9.7853
2702,0.1490,0.0599,0.3589,2.9739,0.2742,9.2998
2703,0.2460,0.0369,0.3544,2.5024,0.3236,14.1198
2704,0.1539,0.0333,0.3298,1.6299,0.3116,6.8005
2705,0.2148,0.0350,0.3555,2.1432,0.3085,8.5155
2706,0.2280,0.0420,0.3775,1.8975,0.2788,8.7115
