# Blender 5.0.0
# www.blender.org
mtllib grim_popup.mtl
o mesh
v 0.075258 0.412163 0.046439
v 0.075258 0.412163 0.015557
v 0.219668 0.426700 0.015557
v 0.227878 0.427666 0.046439
v 0.076418 0.397464 0.044921
v 0.123070 0.406897 0.015557
v 0.076381 0.397927 0.015557
v 0.163857 0.446910 0.015557
v 0.201155 0.440047 0.046439
v 0.098479 0.469675 0.015557
v 0.097542 0.476484 0.046439
v 0.083151 -0.799702 0.023916
v 0.042589 -0.840574 0.046439
v 0.096875 -0.842010 0.015556
v 0.092399 -0.843627 0.026646
v 0.092386 -0.843627 0.046439
v 0.083996 -0.821039 0.046439
v 0.048051 -0.843155 0.018656
v 0.058744 -0.818099 0.015556
v 0.054907 -0.797852 0.046439
v 0.091899 -0.829374 0.015556
v 0.085206 -0.807261 0.015556
v 0.081451 -0.796533 0.046439
v 0.066350 -0.791109 0.015556
v 0.062670 -0.779996 0.046439
v 0.545976 -0.333642 0.018316
v 0.531295 -0.351632 0.027171
v 0.513739 -0.331745 0.045988
v 0.524490 -0.275622 0.044651
v 0.517644 -0.268120 0.020288
v 0.533877 -0.319190 0.039735
v 0.543022 -0.291737 0.017634
v 0.529707 -0.278687 0.033746
v 0.519482 -0.292366 0.046439
v 0.520514 -0.312261 0.046439
v 0.510863 -0.304037 0.015556
v 0.505517 -0.342927 0.019029
v 0.521391 -0.352643 0.015556
v 0.540462 -0.345429 0.015556
v 0.521395 -0.274083 0.015556
v 0.545204 -0.307645 0.015556
v 0.452530 0.134019 0.218478
v 0.445990 0.133944 0.225988
v -0.163652 -0.028655 0.029293
v -0.171533 -0.041244 0.029629
v -0.199425 -0.057070 0.027706
v -0.204008 -0.055068 0.035231
v -0.229309 -0.034920 0.043466
v -0.215429 -0.038783 0.015556
v -0.196210 -0.056478 0.015556
v -0.185368 -0.055439 0.015556
v -0.192701 -0.046669 0.046439
v -0.200276 -0.047924 0.046439
v -0.216299 -0.046698 0.045297
v -0.173151 -0.029603 0.015556
v -0.179085 -0.042408 0.015556
v -0.178999 -0.039253 0.046439
v -0.227584 -0.024195 0.015556
v -0.214768 -0.016569 0.044851
v -0.217572 -0.014334 0.024110
v -0.210043 -0.014133 0.015556
v -0.166528 -0.012969 0.036979
v -0.185397 -0.013474 0.017269
v -0.170256 -0.016214 0.046439
v -0.170146 -0.030202 0.046439
v 0.471216 -0.324690 0.046002
v 0.405905 -0.089599 0.030940
v 0.379510 -0.134966 0.020704
v 0.423595 -0.089687 0.016201
v 0.398042 -0.087190 0.015556
v 0.385262 -0.137952 0.015556
v 0.409737 -0.107690 0.015556
v 0.417005 -0.089446 0.028031
v 0.365892 -0.129808 0.015556
v 0.398042 -0.087190 0.026331
v 0.380912 -0.083087 0.015556
v -0.461320 -0.037539 0.017082
v -0.532174 -0.015014 0.044894
v -0.517742 0.006036 0.046439
v -0.517742 0.006036 0.019822
v -0.466735 -0.027389 0.015556
v -0.504831 0.004317 0.015556
v -0.497053 -0.049132 0.046439
v -0.472645 -0.045575 0.046439
v -0.450495 -0.027872 0.015556
v -0.447532 -0.026421 0.046439
v -0.439810 -0.020923 0.015556
v -0.442114 -0.021414 0.046439
v -0.439355 -0.004400 0.046439
v -0.436266 -0.005797 0.015556
v -0.410669 -0.091305 0.030889
v -0.406321 -0.050420 0.044145
v -0.467378 -0.099989 0.045002
v -0.460724 -0.099130 0.015556
v -0.472318 -0.081008 0.046439
v -0.434399 -0.048025 0.015556
v -0.424427 -0.103696 0.017272
v -0.413747 -0.105644 0.033156
v -0.414768 -0.105558 0.046439
v -0.412138 -0.075931 0.046439
v -0.432443 -0.030075 0.046439
v -0.435101 -0.030485 0.015556
v -0.135868 0.075307 0.015556
v -0.123548 0.070047 0.044663
v -0.133623 0.085400 0.015556
v -0.123262 0.087957 0.046439
v -0.137823 0.076311 0.046439
v 0.467543 0.829629 0.029515
v 0.307752 0.815891 0.046440
v 0.406980 0.611349 0.015560
v 0.380702 0.645496 0.015559
v 0.313047 0.748003 0.046440
v 0.272224 0.806357 0.046440
v 0.272396 0.806413 0.027164
v 0.419236 0.593158 0.015558
v 0.420071 0.591860 0.046440
v 0.448985 0.842921 0.046440
v 0.400348 0.859496 0.046440
v 0.318609 0.851901 0.046440
v 0.307754 0.815907 0.030011
v 0.296357 0.784006 0.015559
v 0.473867 0.645090 0.015560
v 0.491765 0.658612 0.046440
v 0.475709 0.644193 0.046440
v 0.451415 0.621097 0.046440
v 0.484128 0.819792 0.046440
v 0.506737 0.803505 0.015560
v 0.526876 0.789909 0.046440
v 0.475020 0.800554 0.015560
v 0.498046 0.667881 0.015559
v 0.500759 0.667139 0.046440
v 0.502363 0.683675 0.015559
v 0.526470 0.781627 0.046440
v 0.526338 0.791627 0.015560
v 0.136336 0.664825 0.042950
v 0.144561 0.683103 0.046440
v 0.141993 0.659092 0.043811
v -0.194843 -0.063908 0.037523
v -0.185981 -0.075081 0.015556
v -0.174367 -0.060377 0.015770
v -0.182278 -0.070153 0.039287
v -0.186737 -0.073243 0.045750
v -0.197025 -0.078092 0.044766
v -0.198745 -0.074186 0.015556
v 0.008535 -0.111585 0.031840
v 0.016230 -0.087503 0.046439
v 0.016294 -0.087618 0.035321
v 0.023205 -0.099964 0.030685
v 0.023236 -0.114019 0.046439
v 0.005521 -0.113408 0.046439
v 0.027601 -0.107818 0.044138
v 0.173148 0.507541 0.043561
v 0.128370 0.557185 0.017190
v 0.221148 0.432788 0.046439
v 0.119523 0.537705 0.046439
v 0.139013 0.556609 0.015557
v 0.155192 0.529205 0.015557
v 0.204618 0.451587 0.015557
v 0.128694 0.465275 0.046439
v 0.184749 0.494722 0.046439
v -0.090689 0.324957 0.046439
v -0.071058 0.338179 0.015556
v -0.068381 0.339209 0.046439
v -0.068402 0.294113 0.035291
v -0.078370 0.307426 0.046439
v -0.055438 0.302248 0.037679
v -0.057239 0.312163 0.044846
v -0.071205 0.297857 0.025493
v -0.056033 0.308512 0.018559
v -0.091203 0.325875 0.026035
v -0.087168 0.334724 0.046439
v -0.072150 0.321360 0.015556
v -0.074306 0.303255 0.015556
v 0.625767 -0.035554 0.045653
v 0.623606 -0.035290 0.019246
v 0.759088 0.834055 0.046440
v 0.715093 0.783434 0.015559
v 0.747539 0.780376 0.015559
v 0.745822 0.772340 0.036506
v 0.732778 0.824748 0.015559
v 0.753700 0.808963 0.015559
v 0.756970 0.837660 0.032102
v 0.561603 0.786526 0.046440
v 0.636995 0.793204 0.015560
v 0.623068 0.792198 0.015560
v 0.600670 0.782610 0.046440
v 0.692926 0.785184 0.015560
v 0.717310 0.771201 0.046440
v 0.745053 0.768809 0.046440
v 0.747338 0.851199 0.045595
v 0.705460 0.820619 0.015560
v -0.061765 -0.105252 0.017316
v -0.062829 -0.087592 0.018750
v -0.081472 -0.094255 0.016287
v -0.070302 -0.111099 0.015556
v -0.214666 0.119120 0.031586
v -0.222578 0.119842 0.025784
v -0.195714 0.139880 0.015556
v -0.195266 0.105814 0.015556
v -0.202774 0.109670 0.022330
v -0.227000 0.122114 0.015556
v 0.270020 -0.063190 0.017609
v 0.246263 -0.049141 0.046439
v 0.249097 -0.048407 0.036698
v 0.255467 -0.070351 0.015556
v 0.253411 -0.068393 0.046439
v 0.235027 -0.050409 0.034132
v 0.227194 -0.048622 0.046439
v -0.274569 -0.102897 0.043233
v -0.279514 -0.119456 0.046439
v -0.262720 -0.108749 0.041348
v -0.275456 -0.117093 0.033388
v 0.221869 -0.081779 0.024683
v 0.231934 -0.080569 0.015556
v 0.226317 -0.081707 0.046439
v 0.222567 -0.095340 0.032250
v 0.223973 -0.096168 0.046439
v 0.249685 -0.083100 0.015556
v 0.243963 -0.077032 0.046439
v 0.253808 -0.113222 0.045703
v 0.224351 -0.096454 0.016834
v 0.233758 -0.100424 0.016867
v 0.732981 0.712699 0.046440
v 0.732981 0.712699 0.015559
v 0.503534 0.680622 0.046440
v 0.511378 0.724554 0.015559
v 0.517353 0.742073 0.046440
v 0.653342 0.789657 0.015559
v 0.732590 0.770228 0.046440
v 0.651856 0.645437 0.015558
v 0.605539 0.654448 0.046440
v 0.732753 0.699440 0.046440
v 0.732313 0.673899 0.015559
v 0.589527 0.655869 0.046440
v 0.642298 0.646310 0.015559
v 0.542580 0.659852 0.046440
v 0.613375 0.648764 0.015559
v 0.530392 0.656136 0.015558
v 0.511549 0.662667 0.046439
v -0.157134 -0.191896 0.025698
v -0.162857 -0.195908 0.016307
v -0.138975 -0.202880 0.033116
v -0.148917 -0.208501 0.046439
v -0.183141 -0.217569 0.027806
v -0.180453 -0.218194 0.046439
v -0.164101 -0.213763 0.015718
v -0.149986 -0.208988 0.027588
v -0.158677 -0.194031 0.045171
v -0.136086 -0.203329 0.044369
v -0.170831 -0.171302 0.043478
v -0.139602 -0.182726 0.046439
v -0.129056 -0.191825 0.046439
v -0.155199 -0.168284 0.046439
v -0.162567 -0.162434 0.046439
v 0.581963 -0.306452 0.029394
v 0.580592 -0.307669 0.015556
v 0.577827 -0.318253 0.026172
v 0.231260 0.034027 0.024788
v 0.230067 0.034051 0.015556
v 0.241337 0.026134 0.024396
v 0.251156 0.023737 0.015556
v -0.569556 0.312609 0.045925
v -0.337977 0.351823 0.015557
v -0.342060 0.337394 0.046439
v -0.505988 0.458963 0.015557
v -0.509345 0.453216 0.046439
v -0.489231 0.475520 0.015557
v -0.499179 0.464104 0.046439
v -0.340594 0.299035 0.046439
v -0.336839 0.330778 0.015557
v -0.454991 0.274900 0.015556
v -0.424894 0.268928 0.046439
v -0.525011 0.296501 0.015556
v -0.543230 0.303253 0.015556
v -0.343709 0.261075 0.015556
v -0.357392 0.260497 0.046439
v -0.581110 0.329565 0.015557
v -0.577695 0.327557 0.046439
v -0.575389 0.340846 0.015862
v -0.568996 0.313394 0.015556
v -0.547499 0.387893 0.046439
v -0.552199 0.378459 0.046439
v -0.332084 0.258005 0.015556
v -0.338638 0.255396 0.046439
v -0.559386 0.310895 0.046439
v -0.584843 -0.080102 0.016352
v -0.577673 -0.094826 0.020370
v -0.586049 -0.083681 0.028364
v 0.452898 -0.159053 0.034234
v 0.467824 -0.128010 0.045639
v 0.453674 -0.142922 0.035150
v 0.423719 -0.177757 0.044057
v 0.434462 -0.157594 0.034335
v 0.427630 -0.172175 0.032381
v 0.419808 -0.165992 0.046439
v 0.426863 -0.156054 0.046439
v 0.436749 -0.141847 0.046439
v 0.444700 -0.170366 0.046439
v 0.462013 -0.160524 0.046439
v 0.473301 -0.150937 0.046439
v 0.451572 -0.131659 0.046439
v 0.170143 -0.051157 0.035987
v 0.167986 -0.059889 0.015556
v 0.156202 -0.053708 0.017467
v 0.184477 -0.052437 0.015556
v 0.172692 -0.067317 0.032958
v 0.181775 -0.073945 0.015556
v 0.164169 -0.060695 0.036957
v -0.151801 -0.020348 0.021544
v -0.133119 -0.023586 0.015556
v -0.147453 -0.032692 0.015556
v -0.150958 -0.014476 0.015556
v -0.146640 -0.035287 0.029890
v -0.137508 -0.022345 0.033084
v 0.646997 0.440938 0.016888
v 0.659250 0.425770 0.015557
v 0.423265 0.409254 0.046439
v 0.427123 0.399309 0.015557
v 0.414346 0.419906 0.015557
v 0.562841 0.379790 0.015557
v 0.470696 0.401772 0.046439
v 0.405780 0.433353 0.015557
v 0.405921 0.437116 0.046439
v 0.491374 0.403387 0.046439
v 0.622407 0.385564 0.015557
v 0.538194 0.407948 0.046439
v 0.637448 0.388387 0.017142
v 0.645769 0.403064 0.031274
v 0.650127 0.410403 0.043128
v 0.552449 0.442621 0.046439
v 0.627188 0.421106 0.046439
v 0.586890 0.443933 0.046439
v 0.658671 0.424791 0.036066
v 0.645645 0.435976 0.027167
v 0.161444 0.567519 0.015557
v 0.148060 0.563341 0.027451
v 0.185476 0.480238 0.015557
v 0.195588 0.513888 0.046439
v 0.161443 0.567521 0.029037
v 0.234566 0.580342 0.046439
v 0.159303 0.586697 0.020568
v 0.300774 0.577477 0.046439
v 0.233556 0.581535 0.015557
v 0.409649 0.568412 0.015557
v 0.407453 0.569796 0.046439
v 0.251610 0.411825 0.015557
v 0.243812 0.420928 0.046439
v 0.270767 0.403233 0.015557
v 0.399766 0.514085 0.046439
v 0.387142 0.456313 0.015557
v 0.394539 0.489945 0.015557
v 0.387715 0.459547 0.046439
v 0.409220 0.559416 0.046439
v 0.340227 0.434288 0.015557
v 0.312017 0.424163 0.046439
v 0.294366 0.413266 0.015557
v 0.286997 0.412694 0.046439
v 0.274157 0.407355 0.046439
v -0.028139 -0.323546 0.016212
v -0.008066 -0.311243 0.046439
v 0.028553 -0.269029 0.017853
v 0.028519 -0.277406 0.046439
v -0.010445 -0.306993 0.015556
v -0.019480 -0.325171 0.046439
v -0.025410 -0.263491 0.046439
v -0.010931 -0.249624 0.015556
v 0.003659 -0.249619 0.046439
v 0.028707 -0.231394 0.017217
v 0.028682 -0.237425 0.046439
v -0.017504 -0.286481 0.015556
v -0.029394 -0.287973 0.046439
v -0.035759 -0.313804 0.046439
v -0.680413 0.375784 0.026643
v -0.649397 0.505336 0.046439
v -0.633901 0.508617 0.041757
v -0.666260 0.347015 0.017776
v -0.625370 0.332316 0.015961
v -0.672956 0.430868 0.046439
v -0.684203 0.369703 0.046439
v -0.659123 0.512453 0.032392
v -0.659436 0.512682 0.046439
v -0.673315 0.347026 0.046439
v -0.652206 0.339287 0.046439
v -0.645759 0.505884 0.031228
v -0.627654 0.329396 0.046439
v -0.605683 0.327581 0.046439
v -0.623746 0.512655 0.046439
v 0.055035 -0.738313 0.034229
v 0.037905 -0.740858 0.035528
v 0.091840 -0.733095 0.030726
v 0.116603 -0.710377 0.044086
v 0.118202 -0.729163 0.046137
v 0.031058 -0.729713 0.046439
v 0.094554 -0.712345 0.046439
v 0.113276 -0.747820 0.046378
v 0.098620 -0.747169 0.046439
v 0.042607 -0.750190 0.046439
v -0.178490 0.032751 0.026475
v -0.137255 0.019210 0.015556
v -0.145922 0.023476 0.044687
v -0.137255 0.019210 0.041025
v -0.162501 0.040763 0.016120
v -0.176895 0.031014 0.015556
v -0.153462 0.036140 0.024059
v -0.164695 0.021963 0.046439
v -0.181633 0.019500 0.033855
v -0.175493 0.019546 0.015556
v -0.185633 0.021229 0.046439
v -0.083869 -0.133452 0.025780
v -0.073753 -0.124853 0.044684
v -0.086075 -0.122735 0.041483
v -0.063603 -0.121967 0.015556
v -0.085071 -0.130451 0.015556
v -0.071637 -0.140129 0.018219
v -0.070890 -0.140892 0.028534
v -0.068239 -0.134006 0.042812
v -0.087399 -0.115870 0.015562
v -0.063118 -0.117713 0.042276
v 0.729622 0.883982 0.015559
v 0.584415 0.931188 0.015560
v 0.577202 0.886231 0.015560
v 0.713748 0.889135 0.030989
v 0.718887 0.864775 0.015560
v 0.735721 0.871016 0.015559
v 0.731373 0.880993 0.027452
v 0.687059 0.869147 0.015559
v -0.080260 -0.167322 0.026597
v -0.104386 -0.165012 0.035910
v -0.093335 -0.180220 0.016605
v -0.086953 -0.190034 0.046439
v -0.075023 -0.160558 0.044155
v -0.074945 -0.159847 0.029473
v -0.108422 -0.164289 0.046439
v -0.100928 -0.181133 0.046439
v -0.097700 -0.190775 0.046439
v -0.090255 -0.190910 0.033061
v -0.082603 -0.180810 0.017973
v 0.307938 -0.176197 0.046439
v 0.331051 -0.178641 0.046439
v 0.331632 -0.157787 0.015556
v 0.329264 -0.132849 0.046439
v 0.329358 -0.141343 0.015556
v 0.327244 -0.111553 0.046439
v 0.325801 -0.112302 0.015556
v 0.287044 -0.128138 0.046439
v 0.315009 -0.117903 0.015556
v 0.277532 -0.142491 0.046439
v 0.280852 -0.146172 0.031550
v 0.303526 -0.130075 0.015556
v 0.284261 -0.149950 0.015556
v 0.323112 -0.180533 0.023184
v 0.307108 -0.175277 0.015556
v -0.335384 -0.060215 0.018400
v -0.279296 -0.031163 0.025683
v -0.311166 -0.062777 0.027658
v -0.320784 -0.017094 0.046439
v -0.328511 -0.016656 0.015556
v -0.324673 -0.055175 0.046439
v -0.306996 -0.047313 0.046439
v -0.293531 -0.016365 0.029557
v -0.339688 -0.014917 0.044249
v -0.345123 -0.014072 0.032068
v -0.340225 -0.014833 0.017017
v -0.303486 -0.060096 0.016454
v -0.278914 -0.037025 0.015556
v -0.287676 -0.045551 0.015556
v -0.292666 -0.016342 0.017443
v -0.268979 -0.018060 0.031865
v -0.266751 -0.018674 0.046439
v -0.260849 -0.029789 0.015841
v -0.263528 -0.015563 0.017558
v -0.228836 -0.014635 0.015556
v -0.242851 -0.027766 0.015556
v -0.242179 -0.030582 0.046439
v -0.257200 -0.025307 0.046439
v -0.816536 0.241832 0.040665
v -0.806177 0.260414 0.046439
v -0.760170 0.321172 0.045040
v -0.805123 0.237903 0.015727
v -0.759960 0.221443 0.044561
v -0.776505 0.227667 0.033911
v -0.757179 0.251864 0.046439
v 0.811162 0.598873 0.211855
v 0.022280 0.433220 0.015557
v 0.021212 0.433706 0.041210
v 0.032696 0.462714 0.015557
v 0.017457 0.460912 0.015557
v 0.011095 0.438412 0.033187
v 0.012586 0.437397 0.015650
v 0.408703 0.988303 0.046440
v 0.404998 0.977459 0.015560
v 0.405648 0.986774 0.026324
v 0.435542 0.979606 0.015560
v 0.384691 0.976090 0.015560
v 0.372619 0.968965 0.015562
v 0.393959 0.915399 0.046441
v 0.380100 0.973740 0.046441
v 0.561072 0.886206 0.015561
v 0.545833 0.849021 0.046440
v 0.572436 0.935081 0.044905
v 0.572911 0.934921 0.031772
v 0.573533 0.934723 0.015561
v 0.458944 0.852552 0.015561
v 0.481123 0.822548 0.015561
v 0.387466 0.952150 0.015561
v 0.208730 -0.078081 0.034525
v 0.218500 -0.067135 0.015556
v 0.210867 -0.058670 0.015556
v 0.213104 -0.075386 0.046439
v 0.210976 -0.064122 0.046439
v 0.211343 -0.044743 0.046439
v 0.213023 -0.045157 0.015556
v 0.224312 -0.047939 0.016777
v -0.238151 -0.158915 0.015556
v -0.238140 -0.159835 0.031007
v -0.230938 -0.177368 0.017817
v -0.225952 -0.157989 0.015556
v -0.246275 -0.170525 0.015556
v -0.131615 -0.146695 0.035461
v -0.118698 -0.120898 0.046439
v -0.145980 -0.144884 0.043584
v -0.117116 -0.154058 0.046439
v -0.130623 -0.131316 0.028080
v -0.109322 -0.114097 0.031613
v -0.118698 -0.120898 0.030273
v -0.099424 -0.106917 0.046439
v -0.096529 -0.105352 0.033627
v -0.080599 -0.400706 0.046439
v -0.047876 -0.315894 0.015556
v -0.045507 -0.309982 0.044264
v -0.008137 -0.346227 0.015556
v -0.050538 -0.391014 0.015556
v -0.048041 -0.365507 0.046439
v -0.078176 -0.391503 0.018116
v -0.082100 -0.409268 0.037492
v 0.572010 -0.327761 0.044271
v 0.583168 -0.301614 0.046439
v 0.561979 -0.293791 0.046382
v 0.576436 -0.320949 0.036493
v -0.287551 0.047859 0.036962
v -0.305452 0.043770 0.045151
v -0.276755 0.027399 0.020393
v -0.290747 0.044260 0.046439
v -0.301400 0.034361 0.015556
v -0.292315 0.022567 0.015556
v -0.292315 0.022567 0.046439
v -0.281026 0.027548 0.043723
v -0.276573 0.027455 0.035417
v 0.731319 0.881080 0.043255
v 0.697676 0.871979 0.046441
v -0.270949 0.084378 0.041786
v -0.251839 0.082173 0.040732
v -0.255476 0.067856 0.045783
v -0.277796 0.085009 0.035240
v -0.281813 0.056506 0.046439
v -0.290644 0.086193 0.036578
v -0.286935 0.068164 0.046439
v -0.294847 0.086354 0.046439
v -0.536710 -0.034512 0.019104
v -0.553743 -0.042270 0.018650
v -0.551738 -0.030026 0.020148
v -0.545509 -0.025121 0.017089
v -0.526460 -0.038505 0.015556
v 0.668714 0.493200 0.037334
v 0.668652 0.501722 0.015557
v 0.668583 0.509856 0.015557
v 0.678521 0.482855 0.046439
v 0.670782 0.467338 0.019512
v 0.690855 0.484774 0.043589
v 0.714030 0.504910 0.015557
v 0.047710 0.593733 0.015557
v 0.059581 0.597807 0.015557
v 0.033787 0.585436 0.016801
v 0.059164 0.594203 0.038352
v 0.046016 0.594896 0.027456
v -0.761128 0.323294 0.032509
v -0.861445 0.318592 0.046439
v -0.841179 0.351630 0.026680
v -0.839897 0.353720 0.046439
v -0.861446 0.318592 0.017002
v -0.857743 0.297906 0.016006
v -0.856916 0.293285 0.028362
v -0.773105 0.314709 0.046439
v -0.855962 0.287955 0.043637
v -0.839458 0.291321 0.046439
v -0.310338 0.157270 0.015556
v -0.304766 0.135801 0.042237
v -0.323828 0.133754 0.015556
v -0.287344 0.135512 0.016834
v -0.296661 0.134065 0.031884
v 0.093998 0.288983 0.032260
v 0.082059 0.325978 0.015556
v 0.079387 0.359844 0.015557
v 0.080148 0.350208 0.029430
v 0.108214 0.354798 0.015557
v 0.136510 0.349646 0.015557
v 0.082060 0.325978 0.032863
v 0.143286 0.324917 0.015556
v 0.077638 0.305766 0.035666
v 0.146643 0.312456 0.015556
v 0.151833 0.293925 0.015556
v 0.073853 0.288463 0.042061
v 0.109297 0.286195 0.015556
v 0.073460 0.286667 0.015556
v 0.435404 -0.089389 0.015556
v 0.433986 -0.106209 0.015556
v 0.437822 -0.124141 0.015556
v 0.435484 -0.090683 0.028616
v 0.461493 -0.102095 0.015556
v -0.537303 -0.094449 0.022353
v -0.563282 -0.060220 0.017264
v -0.559927 -0.070167 0.015556
v -0.542253 -0.096930 0.015556
v 0.707249 -0.051622 0.019897
v 0.715711 -0.060575 0.017525
v 0.688704 -0.061807 0.017160
v 0.691747 -0.046824 0.017940
v 0.473632 -0.164311 0.018859
v 0.479506 -0.157063 0.027484
v 0.488454 -0.141101 0.018098
v 0.482943 -0.153205 0.015556
v 0.498004 -0.145691 0.026299
v 0.481698 -0.132826 0.023247
v 0.691186 0.517937 0.046439
v 0.716643 0.523847 0.046439
v 0.717027 0.520136 0.015557
v 0.689189 0.547718 0.015557
v 0.635469 0.571224 0.046439
v 0.601151 0.584501 0.015558
v 0.581182 0.594054 0.046439
v 0.715190 0.537924 0.046439
v 0.715311 0.536749 0.015558
v 0.659464 0.519345 0.015557
v 0.658564 0.511162 0.046439
v 0.622229 0.561029 0.015557
v 0.594210 0.579512 0.046439
v 0.215866 0.187633 0.046439
v 0.194321 0.155882 0.046439
v 0.215866 0.187633 0.015556
v 0.194321 0.155882 0.015556
v 0.180581 0.277713 0.015556
v 0.182944 0.273854 0.046439
v 0.116521 0.153762 0.015556
v 0.131365 0.130882 0.015556
v 0.123846 0.141955 0.046439
v 0.131484 0.130136 0.046439
v 0.117254 0.152145 0.046439
v 0.222808 0.320057 0.015556
v 0.221231 0.309713 0.046439
v 0.203239 0.295876 0.046439
v 0.189274 0.293940 0.015556
v 0.188662 0.284590 0.046439
v 0.260271 0.196604 0.034512
v 0.263549 0.198348 0.045909
v 0.249686 0.231103 0.015556
v 0.258759 0.196299 0.015556
v 0.144887 0.127756 0.015556
v 0.143961 0.127229 0.046439
v 0.238801 0.262344 0.046439
v 0.249662 0.230110 0.046439
v -0.165938 -0.051500 0.046439
v -0.192602 -0.055523 0.046439
v -0.160015 -0.046741 0.029872
v -0.170031 -0.055030 0.022569
v -0.191100 0.140378 0.029075
v -0.206089 0.122332 0.046247
v -0.195967 0.120826 0.015556
v -0.157074 0.119452 0.035061
v -0.148550 0.104092 0.015556
v -0.162282 0.088873 0.017717
v -0.172064 0.093898 0.037842
v -0.178285 0.097092 0.046439
v -0.165787 0.122747 0.046439
v -0.207317 0.112551 0.045021
v -0.190602 0.136304 0.046439
v -0.142658 0.079871 0.015709
v -0.150830 0.096927 0.015556
v -0.317937 -0.121651 0.015556
v -0.344095 -0.117797 0.015556
v -0.358812 -0.112631 0.017948
v -0.311201 -0.122334 0.025195
v -0.327965 -0.103172 0.015556
v -0.343746 -0.117880 0.031852
v -0.334469 -0.096769 0.015556
v -0.322633 -0.122655 0.030044
v 0.625229 0.336184 0.046439
v 0.631350 0.362335 0.026800
v 0.573456 0.377302 0.015557
v 0.631136 0.361422 0.046439
v 0.476073 0.272993 0.017879
v 0.476109 0.273008 0.046439
v 0.466487 0.297550 0.046439
v 0.446977 0.347847 0.015557
v 0.547685 0.303331 0.015556
v 0.574854 0.314842 0.019350
v 0.567684 0.362832 0.015556
v 0.625229 0.336184 0.027395
v 0.125868 -0.132681 0.026547
v 0.125046 -0.152350 0.015556
v 0.114706 -0.131748 0.016083
v 0.134921 -0.138993 0.015556
v 0.125639 -0.152392 0.033601
v 0.147312 -0.163880 0.015556
v 0.130827 0.677538 0.040401
v -0.214627 -0.062685 0.043676
v -0.220831 -0.077897 0.040253
v -0.224679 -0.077853 0.030276
v -0.205700 -0.078071 0.015556
v -0.125456 -0.155527 0.018003
v -0.121445 -0.199191 0.046439
v -0.127181 -0.200771 0.015556
v -0.106014 -0.167671 0.015556
v -0.097268 -0.192772 0.015556
v -0.115555 -0.170335 0.046439
v -0.147385 -0.188565 0.015723
v -0.134319 -0.202738 0.016313
v -0.138689 -0.164618 0.015556
v -0.185918 0.036264 0.035716
v -0.154348 0.037066 0.046439
v -0.190366 0.030761 0.046439
v -0.170454 0.047850 0.046439
v -0.172989 0.049943 0.028562
v -0.034301 -0.476964 0.029108
v 0.016214 -0.414843 0.044780
v 0.027414 -0.364850 0.030403
v -0.019618 -0.331837 0.046439
v -0.035395 -0.372891 0.015556
v -0.065664 -0.385289 0.046439
v -0.048437 -0.443106 0.015556
v -0.067770 -0.438020 0.046439
v -0.038811 -0.458400 0.015556
v -0.083207 -0.413480 0.046439
v -0.029741 -0.469645 0.015556
v -0.045610 -0.474967 0.046439
v 0.027934 -0.360140 0.046439
v 0.019398 -0.354038 0.046439
v -0.004993 -0.338151 0.046439
v 0.021526 -0.365116 0.015556
v -0.049898 -0.424199 0.015556
v -0.011115 -0.449108 0.015556
v 0.001242 -0.433719 0.015556
v -0.034087 -0.476747 0.046439
v -0.006942 -0.443215 0.046439
v 0.706929 -0.051016 0.045803
v 0.714611 -0.061547 0.043330
v 0.697563 -0.061590 0.046439
v 0.716540 -0.057468 0.032531
v 0.553981 -0.292874 0.015556
v 0.582639 -0.267185 0.017757
v 0.548120 -0.275484 0.046439
v 0.565406 -0.275150 0.046439
v 0.583503 -0.274488 0.046439
v 0.536419 -0.278491 0.046439
v 0.016230 -0.087503 0.015556
v 0.007271 -0.117886 0.015556
v 0.023292 -0.100121 0.015556
v 0.035530 0.569465 0.028737
v 0.014694 0.505589 0.035192
v 0.058200 0.574189 0.044100
v 0.021186 0.575688 0.043638
v 0.039820 0.578137 0.046440
v 0.011552 0.562620 0.046440
v 0.053721 0.548822 0.046440
v 0.056679 0.559398 0.044632
v 0.028348 0.501269 0.046440
v 0.003149 0.513750 0.043680
v 0.014958 0.502172 0.046440
v -0.088300 0.320687 0.015556
v -0.096313 0.336445 0.016191
v 0.420310 -0.281675 0.045103
v 0.428918 -0.286143 0.045973
v -0.449261 0.143900 0.019402
v -0.453901 0.161892 0.015556
v -0.424042 0.179360 0.046439
v -0.326119 0.253921 0.015556
v -0.329356 0.230700 0.015556
v -0.386487 0.170113 0.046439
v -0.434419 0.134856 0.015556
v -0.423643 0.132611 0.015556
v -0.394095 0.132949 0.017749
v -0.381078 0.179095 0.046439
v -0.337419 0.220259 0.015556
v -0.345860 0.234355 0.046439
v -0.285020 -0.091592 0.042804
v -0.297934 -0.121939 0.015556
v -0.298699 -0.088139 0.046439
v -0.299453 -0.122103 0.034363
v -0.328312 -0.083318 0.015556
v -0.323650 -0.066662 0.015556
v -0.283886 -0.122001 0.029590
v -0.283673 -0.120341 0.018044
v -0.291292 -0.080804 0.015556
v 0.326157 -0.166133 0.015556
v 0.337205 -0.184559 0.015556
v 0.494664 -0.247662 0.042570
v 0.509073 -0.254669 0.015657
v 0.484193 -0.327398 0.046439
v 0.477629 -0.326168 0.015556
v 0.508464 -0.259219 0.046439
v 0.514710 -0.267157 0.046439
v 0.514602 -0.264617 0.015556
v 0.481762 -0.301302 0.015556
v 0.493820 -0.248285 0.015556
v 0.499041 -0.338211 0.045970
v 0.505283 -0.342756 0.029432
v 0.512937 -0.291673 0.015556
v 0.128996 0.118714 0.046439
v 0.128701 0.118547 0.015556
v 0.060258 0.588566 0.046440
v 0.093943 -0.800936 0.019682
v 0.122817 -0.813480 0.021345
v 0.109717 -0.843117 0.016317
v 0.116455 -0.791844 0.015835
v 0.121761 -0.804408 0.025344
v 0.113250 -0.835125 0.021749
v 0.101006 -0.099679 0.015556
v 0.097423 -0.095271 0.043136
v 0.106777 -0.098851 0.015556
v -0.086929 0.374932 0.045081
v -0.050858 0.053184 0.046439
v -0.095909 0.113485 0.043899
v -0.087467 0.102273 0.035239
v -0.090793 0.097206 0.046439
v -0.061063 0.049499 0.015556
v -0.075333 0.044346 0.046439
v -0.074522 0.084915 0.015556
v -0.050858 0.053184 0.017518
v 0.505662 -0.164389 0.029711
v 0.501502 -0.149543 0.033327
v 0.511224 -0.154440 0.015780
v 0.501191 -0.160689 0.015556
v 0.515487 -0.159055 0.027849
v -0.278535 -0.015964 0.033734
v -0.277013 -0.028774 0.046439
v -0.849815 0.253607 0.046439
v -0.849815 0.253608 0.031495
v 0.714615 0.850005 0.015560
v 0.596927 0.798716 0.046440
v 0.556518 -0.343897 0.022103
v 0.553843 -0.348788 0.016087
v 0.550151 -0.329222 0.015556
v 0.153492 0.637095 0.022820
v 0.171186 0.639981 0.015558
v 0.186656 0.645614 0.015558
v 0.213298 0.641766 0.015558
v 0.155195 0.623494 0.044467
v 0.318894 0.634587 0.015558
v 0.354691 0.608340 0.046440
v 0.374256 0.607182 0.046440
v 0.335557 0.633637 0.015558
v 0.414620 0.580837 0.046439
v 0.415355 0.582456 0.015558
v 0.258135 0.580123 0.046439
v 0.157308 0.604555 0.044752
v 0.189461 0.595589 0.046439
v 0.677667 -0.061024 0.046439
v 0.286926 0.068847 0.019253
v 0.290731 0.100495 0.015556
v 0.270557 0.084437 0.015829
v 0.280933 0.094394 0.030560
v 0.290731 0.100495 0.027524
v 0.316192 0.097367 0.015556
v 0.297261 0.065453 0.015556
v 0.311005 0.104826 0.019887
v 0.322519 0.107286 0.015556
v 0.197365 -0.072282 0.028196
v 0.178274 -0.071367 0.046439
v 0.194135 -0.079805 0.046439
v 0.191561 -0.080749 0.029449
v 0.202252 -0.085471 0.035422
v 0.201676 -0.080122 0.046439
v 0.164228 -0.060747 0.045301
v 0.172151 -0.050268 0.046439
v 0.049648 -0.438620 0.035232
v 0.075568 -0.436203 0.015556
v 0.051765 -0.358221 0.019213
v 0.054204 -0.366210 0.023823
v 0.011537 -0.395519 0.015556
v 0.066293 -0.405818 0.026317
v 0.070766 -0.420470 0.026994
v 0.073229 -0.440284 0.029233
v 0.067113 -0.448227 0.016732
v -0.322633 -0.122655 0.046439
v -0.333073 -0.120292 0.030117
v -0.303795 -0.122127 0.046439
v -0.334104 -0.116667 0.046439
v -0.340175 -0.118684 0.046439
v -0.062009 -0.566679 0.015727
v -0.068230 -0.644357 0.015556
v -0.066414 -0.642796 0.043911
v 0.003085 -0.671793 0.015556
v -0.016721 -0.661623 0.046439
v -0.032716 -0.478818 0.015556
v 0.011037 -0.666066 0.015556
v 0.003094 -0.670662 0.046439
v -0.016802 -0.503765 0.046439
v -0.022835 -0.485948 0.015556
v 0.041495 -0.554880 0.046439
v 0.034542 -0.545527 0.046439
v 0.034267 -0.542607 0.015556
v 0.016503 -0.515617 0.015556
v 0.057360 -0.571173 0.015556
v 0.048747 -0.566720 0.046439
v 0.043733 -0.607217 0.015556
v 0.018018 -0.653053 0.045928
v 0.024527 -0.537227 0.046439
v -0.011012 -0.495500 0.015556
v -0.313740 0.055537 0.044833
v -0.322277 0.083268 0.046439
v 0.251238 -0.113343 0.015556
v 0.267240 -0.118096 0.046439
v 0.297622 -0.106405 0.015556
v 0.461624 0.046695 0.046439
v 0.459821 0.029747 0.046439
v 0.462474 0.043162 0.015556
v 0.427288 0.083659 0.015556
v 0.434947 0.063246 0.046439
v 0.420457 0.097361 0.015556
v 0.419158 0.096264 0.046439
v 0.449657 0.049673 0.015556
v 0.461625 0.029704 0.023032
v 0.329876 0.060227 0.033215
v 0.344725 0.034318 0.046439
v 0.346113 0.032454 0.015556
v 0.342261 0.059026 0.046439
v 0.331731 0.030900 0.034637
v 0.330451 0.030761 0.016849
v 0.389040 0.031432 0.046439
v 0.393993 0.031314 0.015556
v 0.386459 0.056640 0.046439
v 0.390422 0.060745 0.015556
v 0.355499 0.061907 0.046439
v 0.335159 0.074059 0.015556
v 0.326379 0.063422 0.015556
v 0.555483 -0.346741 0.044985
v 0.563061 -0.348647 0.044179
v 0.408702 0.988359 0.015560
v 0.573827 -0.228441 0.030780
v 0.586711 -0.245034 0.046363
v 0.606740 -0.233362 0.042155
v 0.591439 -0.240868 0.029831
v 0.593338 -0.223288 0.043679
v 0.603191 -0.235152 0.037780
v 0.569180 -0.246059 0.046439
v 0.556826 -0.234015 0.046439
v 0.112798 -0.732010 0.026766
v 0.115235 -0.741371 0.015556
v 0.118202 -0.743081 0.039737
v 0.118055 -0.726250 0.020376
v -0.204424 0.188504 0.017539
v -0.119010 0.106160 0.043655
v -0.141151 0.174259 0.015556
v -0.142078 0.188479 0.021349
v -0.096949 0.109923 0.015556
v -0.126157 0.100608 0.015556
v -0.198870 0.155403 0.015556
v -0.141151 0.174259 0.026815
v -0.100144 0.119273 0.038730
v 0.005469 0.469495 0.046439
v 0.006359 0.445402 0.046439
v 0.015264 0.503587 0.015557
v 0.041536 0.498352 0.045045
v 0.040922 0.495877 0.015557
v 0.232276 0.054452 0.030766
v 0.174588 0.057772 0.042789
v 0.173955 0.042581 0.046439
v 0.173955 0.042581 0.026625
v 0.180621 0.040954 0.015556
v 0.217094 0.069009 0.016970
v 0.227413 0.054565 0.046439
v 0.225555 0.071246 0.024466
v 0.219320 0.069532 0.046439
v 0.225938 0.048471 0.015556
v 0.226263 0.039696 0.046439
v 0.228326 0.029310 0.035828
v 0.225267 0.030056 0.046439
v -0.215067 0.119460 0.040771
v 0.520308 -0.184208 0.035255
v 0.511224 -0.154440 0.046439
v 0.496712 -0.149490 0.045115
v 0.505032 -0.165529 0.046439
v 0.512099 -0.174929 0.046439
v 0.523780 -0.190418 0.046439
v 0.526719 -0.169987 0.029282
v 0.531645 -0.174756 0.037615
v 0.535434 -0.181022 0.046439
v 0.574147 -0.329261 0.025185
v 0.568570 -0.343559 0.031105
v 0.572398 -0.336608 0.043309
v -0.244840 0.060909 0.043228
v -0.270945 0.051302 0.026189
v -0.255729 0.061705 0.035607
v -0.242853 0.034309 0.045526
v -0.254466 0.034319 0.046439
v -0.266751 0.030505 0.017675
v -0.250879 0.034853 0.031468
v -0.238335 0.032675 0.035881
v 0.121452 -0.801754 0.043722
v 0.072648 -0.788761 0.046439
v -0.358801 -0.066494 0.017421
v -0.368114 -0.070150 0.031326
v -0.363710 -0.014471 0.046439
v -0.363710 -0.014471 0.028172
v -0.383092 -0.011891 0.024404
v -0.396382 -0.010122 0.022117
v -0.413684 -0.035424 0.015556
v -0.439158 -0.004427 0.034519
v -0.333293 -0.031363 0.046439
v -0.379723 -0.062116 0.046439
v -0.369641 -0.066421 0.046439
v -0.341599 -0.058256 0.046439
v 0.453735 -0.132144 0.018615
v 0.435612 -0.115725 0.046439
v 0.446356 -0.094269 0.045007
v 0.441769 -0.092225 0.036827
v 0.456039 -0.119098 0.046439
v 0.461144 -0.103996 0.046439
v 0.436739 -0.144560 0.015556
v 0.433949 -0.133819 0.046439
v 0.447815 -0.136370 0.015556
v 0.459151 -0.124019 0.015556
v 0.464367 -0.102294 0.024571
v 0.759101 0.834066 0.015559
v 0.749263 0.850719 0.015559
v -0.064381 -0.086010 0.031210
v -0.077934 -0.092089 0.043040
v -0.061412 -0.101418 0.034403
v -0.087899 -0.098556 0.038545
v 0.328129 0.210313 0.015556
v 0.269257 0.289683 0.015556
v 0.328129 0.210314 0.026378
v 0.355959 0.222104 0.015556
v -0.256216 -0.090506 0.015556
v -0.258508 -0.100520 0.032662
v -0.256216 -0.090506 0.031509
v -0.260839 -0.108584 0.026900
v -0.245508 -0.080479 0.015884
v -0.298072 -0.059187 0.015556
v -0.296834 -0.072263 0.015556
v -0.260106 -0.107504 0.016117
v 0.038330 -0.750330 0.015556
v 0.049827 -0.745044 0.015556
v 0.078581 -0.740678 0.015556
v 0.098356 -0.737924 0.015556
v 0.042391 -0.769765 0.015556
v 0.047442 -0.763282 0.046439
v 0.053625 -0.748913 0.046439
v 0.078815 -0.799474 0.015556
v 0.116061 -0.755455 0.041948
v -0.061660 -0.104163 0.046439
v -0.064595 -0.085796 0.046439
v -0.062438 -0.111750 0.038001
v -0.223725 0.028027 0.034970
v -0.214636 0.047351 0.033415
v -0.225643 0.055392 0.046439
v -0.244591 0.046898 0.046439
v -0.207339 0.050383 0.046439
v -0.201502 0.040895 0.043130
v -0.207890 0.022207 0.046439
v -0.220938 0.025382 0.046439
v -0.145892 0.115938 0.046439
v -0.245397 -0.042758 0.031155
v -0.231868 -0.077807 0.016290
v -0.244784 -0.070380 0.015556
v -0.253258 -0.047305 0.015556
v -0.238715 -0.077791 0.025347
v 0.731848 0.646916 0.046440
v 0.731848 0.646916 0.015558
v 0.734010 0.623080 0.015558
v 0.734339 0.619461 0.046440
v 0.369693 -0.242567 0.046439
v 0.362834 -0.210728 0.017347
v 0.380030 -0.216192 0.046439
v 0.363631 -0.219295 0.046439
v 0.394152 -0.263159 0.046439
v 0.370396 -0.243159 0.019639
v 0.389177 -0.243592 0.046439
v 0.385971 -0.233835 0.046439
v 0.469112 -0.142965 0.030999
v 0.477290 -0.120247 0.026768
v 0.477314 -0.119757 0.045348
v 0.481741 -0.132693 0.037683
v 0.741599 0.835127 0.015559
v 0.753281 0.843924 0.027395
v -0.057562 0.286941 0.016403
v -0.056547 0.295830 0.015556
v -0.327134 0.065025 0.031819
v -0.341000 0.073084 0.015556
v -0.342373 0.086209 0.015556
v -0.324154 0.086265 0.022601
v -0.316315 0.075471 0.015698
v -0.338567 0.071205 0.031135
v -0.342374 0.086209 0.031224
v -0.327852 0.064306 0.016748
v 0.240720 0.417068 0.015557
v 0.257534 0.414827 0.046439
v 0.242420 0.361556 0.015557
v 0.261548 0.388626 0.046439
v 0.248471 0.369586 0.046439
v 0.079939 0.352851 0.046439
v 0.111377 -0.839361 0.046439
v 0.113082 -0.835505 0.029594
v 0.121679 -0.644135 0.015556
v 0.089412 -0.602488 0.015556
v 0.106403 -0.602840 0.016743
v 0.114614 -0.625036 0.031900
v 0.029659 -0.655917 0.046439
v 0.121587 -0.645575 0.046439
v 0.119310 -0.681133 0.015556
v 0.119977 -0.670719 0.044896
v -0.261432 -0.195126 0.041891
v -0.240621 -0.183290 0.044460
v -0.253544 -0.180914 0.037583
v -0.259702 -0.193925 0.016914
v -0.228812 -0.175024 0.041843
v -0.310246 0.155548 0.046439
v -0.330769 0.237732 0.046439
v -0.338932 0.246007 0.046439
v -0.392968 0.132962 0.046439
v -0.156816 -0.044093 0.015556
v -0.160689 -0.025882 0.015556
v 0.082060 0.325978 0.046439
v 0.175489 0.353857 0.015557
v 0.111102 0.356278 0.046439
v 0.171651 0.293890 0.015557
v 0.117672 0.284448 0.046439
v 0.080627 0.284553 0.046439
v 0.671265 -0.044810 0.044389
v 0.682713 -0.043865 0.030363
v -0.585101 0.541596 0.046439
v -0.585101 0.541596 0.015557
v -0.585983 0.517005 0.015557
v -0.603264 0.529323 0.015557
v -0.605224 0.527998 0.026809
v -0.489613 0.476991 0.046439
v -0.608922 0.525499 0.046439
v -0.075414 -0.732605 0.041127
v -0.074250 -0.718189 0.046439
v -0.059642 -0.764038 0.046439
v -0.060148 -0.763029 0.036192
v -0.049288 -0.749845 0.046439
v -0.061350 -0.760634 0.021226
v -0.036017 -0.726737 0.046439
v 0.639975 -0.058711 0.027324
v 0.638709 -0.030871 0.046439
v 0.638709 -0.030871 0.015556
v 0.645409 -0.042618 0.046439
v 0.633547 -0.049912 0.015556
v 0.647258 -0.056376 0.015556
v 0.668964 -0.039805 0.025175
v 0.665664 -0.038831 0.015556
v -0.009615 -0.159961 0.019147
v -0.024231 -0.185381 0.046439
v -0.024231 -0.185381 0.015556
v -0.023282 -0.202636 0.017832
v -0.022692 -0.213354 0.046439
v 0.004729 -0.188474 0.015556
v 0.016021 -0.193939 0.046439
v 0.004582 -0.172442 0.046439
v -0.011958 -0.158144 0.043665
v -0.016793 -0.167386 0.015556
v 0.590280 -0.241817 0.015556
v 0.582063 -0.216224 0.021851
v 0.582189 -0.242430 0.015556
v 0.607193 -0.232957 0.017443
v 0.028500 -0.281998 0.015556
v 0.017656 -0.278830 0.015556
v 0.050017 -0.352491 0.046439
v 0.718224 0.508554 0.046439
v 0.697777 0.490789 0.033753
v 0.659716 0.499713 0.046439
v 0.704214 0.517345 0.015557
v 0.360354 0.115369 0.046439
v 0.342281 0.070521 0.046439
v 0.334652 0.106832 0.046439
v 0.359969 0.110006 0.015556
v 0.358192 0.114907 0.028689
v 0.342566 0.111569 0.046439
v 0.366688 0.113833 0.015556
v 0.412425 0.087327 0.015556
v 0.401826 0.074303 0.046439
v -0.496111 -0.048691 0.015911
v -0.530502 -0.014016 0.015556
v -0.475352 -0.041435 0.015556
v -0.514726 -0.042708 0.015556
v -0.541892 -0.022445 0.033368
v -0.237889 0.066242 0.019419
v -0.213412 0.077205 0.015556
v -0.214715 0.045822 0.015556
v -0.227975 0.057528 0.015556
v -0.200753 0.068765 0.017923
v -0.213951 0.077062 0.032797
v -0.225755 0.078931 0.028775
v -0.237237 0.080277 0.020123
v 0.161441 0.567524 0.046440
v 0.145317 0.562485 0.046440
v 0.158765 0.535135 0.046440
v 0.174819 0.503453 0.046440
v -0.014318 -0.161400 0.031864
v -0.008671 -0.150932 0.015556
v -0.227403 -0.162479 0.046439
v -0.221193 -0.171408 0.046439
v -0.497773 -0.098543 0.046439
v -0.497773 -0.098543 0.036089
v -0.512478 -0.098010 0.046439
v -0.471595 -0.100755 0.015556
v 0.440852 0.033239 0.015556
v 0.388222 0.041443 0.046439
v 0.399512 0.072202 0.015556
v 0.448825 0.042868 0.046439
v 0.039078 0.521477 0.046439
v 0.034323 0.555163 0.015557
v 0.036786 0.566005 0.015557
v 0.056908 0.563245 0.015557
v 0.058541 0.566904 0.028737
v 0.542875 -0.227256 0.032413
v 0.583748 -0.254655 0.015556
v 0.561840 -0.261121 0.015556
v 0.525563 -0.256961 0.015556
v 0.529340 -0.241683 0.015556
v 0.568535 -0.240179 0.015556
v 0.531308 -0.232553 0.046439
v 0.584164 -0.251532 0.032905
v 0.519339 -0.248035 0.015556
v 0.515895 -0.239459 0.046439
v 0.581725 -0.215405 0.028066
v -0.073341 0.352281 0.015959
v 0.327038 -0.090547 0.046439
v 0.326272 -0.077150 0.015556
v 0.326474 -0.063954 0.015556
v 0.327439 -0.064268 0.046439
v 0.267310 -0.063929 0.046439
v 0.311441 -0.059074 0.046439
v 0.278163 -0.061573 0.015556
v 0.308047 -0.057972 0.015556
v 0.313847 -0.117691 0.046439
v 0.030215 -0.121639 0.046439
v 0.021675 -0.156438 0.046439
v 0.009765 -0.136992 0.015556
v 0.029084 -0.147638 0.044596
v 0.030205 -0.128250 0.031315
v 0.017019 -0.126269 0.015556
v -0.264701 0.083657 0.019640
v -0.275681 0.062021 0.015556
v -0.246072 0.061640 0.015556
v -0.267537 0.052715 0.015556
v 0.153312 -0.033251 0.029745
v 0.143111 -0.045215 0.046439
v 0.152781 -0.050709 0.040676
v 0.140307 -0.043573 0.032679
v 0.134887 -0.036724 0.046439
v 0.134810 -0.026606 0.040952
v 0.132718 -0.039131 0.033817
v 0.148188 -0.029181 0.035062
v 0.172175 -0.035092 0.041810
v -0.182645 -0.185456 0.046439
v -0.182905 -0.187557 0.018553
v -0.185883 -0.211618 0.046439
v -0.232241 0.030121 0.036325
v -0.154992 -0.039374 0.046439
v 0.350857 0.958833 0.017595
v 0.338045 0.912387 0.045503
v 0.361837 0.964418 0.017754
v 0.327991 0.883013 0.018346
v 0.329407 0.887707 0.046440
v 0.422126 0.904268 0.015561
v 0.418233 0.884283 0.046440
v 0.406372 0.851153 0.015561
v -0.810738 0.400699 0.017305
v -0.695029 0.404831 0.015557
v -0.689270 0.394280 0.015557
v -0.673637 0.365095 0.015557
v -0.749074 0.329224 0.015556
v -0.722233 0.337853 0.046439
v -0.788639 0.374882 0.015557
v -0.746888 0.363611 0.046439
v -0.766610 0.384185 0.046439
v -0.795249 0.415260 0.046439
v -0.714258 0.416180 0.046439
v -0.688120 0.376182 0.046439
v -0.737200 0.469760 0.015557
v -0.744564 0.462848 0.046439
v 0.307755 0.815924 0.015560
v 0.316886 0.784994 0.015560
v 0.292726 0.811892 0.029056
v 0.352492 0.854515 0.046439
v 0.372876 0.789909 0.015560
v 0.367162 0.855899 0.046439
v 0.418818 0.794245 0.015560
v 0.275776 0.807334 0.015559
v 0.149296 -0.163146 0.044580
v 0.150686 -0.165628 0.035847
v 0.125090 -0.034666 0.046439
v 0.125090 -0.034666 0.034019
v -0.062826 -0.432488 0.015556
v -0.084603 -0.420322 0.015556
v -0.377832 0.401363 0.046439
v -0.377832 0.401363 0.015557
v -0.329412 0.397878 0.046439
v -0.328416 0.397807 0.015557
v -0.838534 0.355943 0.015944
v -0.804976 0.346474 0.015556
v -0.766547 0.313512 0.015556
v 0.147690 0.657305 0.015558
v 0.139543 0.662632 0.015558
v 0.149103 0.652587 0.029663
v 0.196288 0.678011 0.015558
v -0.077283 -0.152856 0.026318
v -0.077355 -0.154730 0.015556
v 0.649049 0.448457 0.019375
v 0.464978 0.637463 0.015557
v 0.393830 0.448054 0.015557
v 0.398495 0.446076 0.046439
v 0.437324 0.611423 0.015557
v 0.432744 0.604260 0.046439
v 0.539432 0.646346 0.015558
v 0.529347 0.646423 0.046439
v 0.558049 0.629320 0.015558
v 0.540906 0.635931 0.046439
v 0.600464 0.440572 0.015557
v 0.437816 0.434388 0.015557
v 0.458014 0.438763 0.046439
v 0.561141 0.615134 0.046439
v 0.587865 0.598799 0.015557
v 0.117523 -0.709037 0.017168
v 0.029050 -0.147390 0.015556
v 0.027488 -0.198852 0.016536
v 0.028832 -0.200683 0.044848
v 0.000637 -0.145150 0.015556
v 0.011851 -0.165306 0.046439
v 0.030061 -0.130637 0.015556
v 0.456277 -0.236172 0.018396
v 0.418800 -0.282241 0.016782
v 0.425465 -0.198027 0.046055
v 0.407574 -0.206106 0.046439
v 0.400668 -0.207414 0.015556
v 0.438194 -0.207176 0.015579
v 0.453978 -0.241916 0.046439
v 0.056280 -0.671003 0.015556
v 0.027360 -0.703318 0.015556
v 0.005853 -0.684772 0.015556
v 0.004090 -0.683744 0.046439
v 0.016555 -0.703422 0.015556
v 0.071479 -0.720858 0.046439
v 0.045330 -0.728712 0.046439
v 0.533426 -0.353852 0.046008
v 0.532351 -0.335476 0.046439
v 0.543091 -0.348277 0.025950
v 0.558703 -0.349697 0.026729
v 0.407704 -0.091538 0.045239
v -0.086953 -0.190034 0.015556
v -0.006384 0.456163 0.046439
v -0.007257 0.450891 0.015557
v 0.017264 0.477179 0.015557
v -0.001539 0.485435 0.015557
v -0.672648 0.155790 0.046439
v -0.716963 0.189112 0.045748
v -0.697330 0.174349 0.040795
v -0.682573 0.192200 0.046439
v -0.672648 0.155790 0.033390
v -0.580938 0.155179 0.027376
v -0.576846 0.205287 0.046439
v -0.576003 0.155146 0.046439
v 0.251039 0.779608 0.020574
v 0.261245 0.803425 0.015558
v 0.201855 0.737843 0.015558
v 0.216204 0.735165 0.015558
v 0.212161 0.746596 0.016642
v 0.260330 0.801286 0.026241
v 0.059742 -0.465446 0.015556
v 0.060527 -0.478825 0.017014
v 0.007287 -0.471118 0.015556
v 0.059107 -0.472558 0.036244
v 0.066884 -0.451357 0.043648
v 0.060632 -0.462266 0.040652
v 0.025272 -0.508156 0.015556
v -0.057806 0.284424 0.044672
v -0.076029 0.369037 0.046439
v -0.100387 0.353103 0.019175
v -0.090365 0.347086 0.015556
v -0.085954 0.356954 0.015556
v -0.090656 0.368886 0.017175
v -0.085369 0.377461 0.019694
v -0.076138 0.369134 0.019157
v -0.098863 0.339563 0.029748
v -0.100337 0.353185 0.044773
v -0.251926 -0.069038 0.044481
v -0.242961 -0.079287 0.045368
v -0.243320 -0.056500 0.046439
v -0.215672 -0.069035 0.046439
v -0.248253 -0.082289 0.036164
v 0.489247 -0.141694 0.035306
v 0.328130 0.210315 0.046439
v 0.236201 0.346545 0.015557
v 0.228962 0.325651 0.046439
v 0.265047 0.394362 0.015557
v 0.445779 0.352858 0.046439
v 0.304145 0.418645 0.015557
v 0.336494 0.436325 0.046439
v -0.554393 -0.065826 0.044920
v -0.561514 -0.057655 0.046439
v -0.553743 -0.042270 0.046439
v -0.553287 -0.030877 0.046439
v -0.563911 -0.059709 0.034863
v -0.554999 -0.046353 0.024630
v -0.519125 -0.057719 0.046439
v -0.537604 -0.065957 0.046439
v 0.649048 0.448450 0.046439
v 0.649523 0.433070 0.046439
v 0.623435 0.428372 0.046439
v 0.178353 -0.050222 0.026001
v 0.145801 -0.045664 0.015556
v 0.151623 -0.030027 0.015556
v 0.181113 -0.037294 0.030827
v 0.193028 -0.040411 0.016437
v 0.361197 -0.142363 0.015556
v 0.348787 -0.159702 0.015556
v 0.425058 -0.164763 0.015556
v 0.431346 -0.175252 0.015556
v 0.439773 -0.189892 0.015556
v 0.062782 0.081041 0.046439
v 0.062782 0.081041 0.015556
v 0.064427 0.164387 0.015556
v 0.064353 0.160663 0.046439
v 0.130339 -0.137248 0.034843
v 0.122270 -0.147876 0.046439
v 0.148733 -0.146302 0.046439
v 0.121455 -0.128907 0.046439
v 0.300367 0.059035 0.027865
v 0.310985 0.028657 0.015556
v 0.310985 0.028657 0.030847
v 0.293377 0.027483 0.021318
v -0.290692 0.062733 0.015936
v 0.058978 -0.471805 0.046439
v -0.024944 -0.464308 0.046439
v 0.015798 -0.530423 0.046439
v 0.064539 -0.489673 0.046439
v 0.033969 -0.427721 0.046439
v 0.332764 0.084767 0.015556
v -0.849815 0.253608 0.015556
v -0.790760 0.266227 0.015556
v -0.016005 -0.809454 0.046439
v -0.001122 -0.817359 0.042544
v -0.292323 0.085327 0.016893
v -0.306595 0.086318 0.020820
v 0.262666 -0.043238 0.046439
v 0.289518 -0.061681 0.046439
v 0.262666 -0.043238 0.027474
v 0.268809 -0.045233 0.015556
v 0.549024 -0.191581 0.015556
v 0.510414 -0.222831 0.046439
v 0.526617 -0.172832 0.016486
v 0.565601 -0.203763 0.018931
v 0.559738 -0.199454 0.031074
v 0.534628 -0.219079 0.046439
v 0.543025 -0.203577 0.046439
v 0.550573 -0.192720 0.044836
v -0.075415 -0.732605 0.015556
v -0.036893 -0.653774 0.046439
v -0.074592 -0.150506 0.046439
v -0.098047 -0.142222 0.046439
v -0.190169 0.061710 0.042889
v -0.210435 0.075220 0.046266
v -0.188336 0.060487 0.029272
v 0.249240 0.055133 0.029445
v 0.277756 0.026441 0.015556
v 0.254337 0.022960 0.034054
v 0.281310 0.027654 0.045649
v 0.287720 0.041340 0.046439
v 0.241690 0.034696 0.015556
v 0.289804 0.027245 0.037818
v 0.290423 0.061832 0.046439
v 0.269831 0.053516 0.015556
v 0.294046 0.036137 0.015556
v -0.244774 0.034853 0.015556
v -0.254466 0.034319 0.015556
v -0.255232 0.057655 0.015556
v -0.225503 0.027296 0.017510
v -0.141150 0.174259 0.046439
v -0.197294 0.164243 0.046439
v -0.207133 0.201486 0.046439
v -0.143088 0.203961 0.046439
v -0.123855 0.151066 0.031317
v -0.130239 0.110542 0.046439
v -0.020931 -0.245355 0.019139
v -0.038444 -0.319821 0.015556
v -0.023695 -0.255555 0.036653
v 0.540757 -0.325557 0.046439
v 0.680305 0.572805 0.015558
v 0.616597 0.601053 0.046439
v 0.721249 0.553653 0.015558
v 0.720610 0.552439 0.046439
v 0.670697 0.555328 0.015558
v 0.693805 0.546732 0.046439
v 0.571704 0.615253 0.015558
v -0.020771 -0.248257 0.046439
v 0.014496 -0.191764 0.015556
v 0.660650 -0.063660 0.042304
v 0.637183 -0.058342 0.046439
v -0.546344 -0.080341 0.038626
v -0.535267 -0.095452 0.040600
v -0.507004 -0.060756 0.015556
v -0.529781 -0.085650 0.015556
v -0.503191 -0.056465 0.046439
v -0.523611 -0.080379 0.046439
v 0.569057 -0.344261 0.015556
v -0.208422 -0.160398 0.046439
v -0.238687 -0.160593 0.040352
v -0.209429 -0.164214 0.034623
v -0.207416 -0.156583 0.027792
v 0.257186 0.079608 0.017705
v 0.239399 0.074906 0.022247
v 0.447266 -0.185481 0.015556
v 0.512587 -0.200864 0.015556
v 0.514754 -0.158402 0.015556
v 0.480682 -0.242391 0.015556
v 0.029966 -0.112044 0.015556
v -0.245355 -0.169211 0.046439
v 0.192302 -0.078830 0.015556
v 0.213701 -0.090125 0.019936
v 0.190089 -0.069121 0.015556
v 0.210138 -0.088140 0.028454
v 0.196570 -0.059233 0.015556
v 0.224637 -0.075098 0.015556
v 0.066561 -0.560323 0.046439
v 0.090730 -0.560472 0.015556
v 0.087854 -0.552698 0.046439
v 0.041761 -0.531894 0.046439
v -0.560780 -0.057026 0.026062
v -0.575432 -0.069811 0.015556
v -0.580858 -0.074694 0.031237
v -0.319562 0.056554 0.044001
v -0.326467 0.086258 0.037040
v -0.467437 0.154422 0.015556
v -0.577984 0.155159 0.015556
v -0.529224 0.233921 0.046439
v -0.504620 0.259562 0.015556
v -0.495346 0.172892 0.046439
v -0.489129 0.232505 0.015556
v -0.454970 0.168397 0.015556
v -0.468772 0.154431 0.032755
v -0.486731 0.156189 0.046439
v 0.075568 -0.436203 0.046439
v 0.024884 -0.373451 0.046439
v 0.476635 -0.126854 0.015556
v 0.656537 0.427806 0.046439
v 0.634658 0.428638 0.046439
v 0.158775 -0.160896 0.015556
v 0.147440 -0.136873 0.028530
v 0.149411 -0.141049 0.015556
v 0.158513 -0.160341 0.043809
v 0.310985 0.028657 0.046439
v 0.308182 0.061138 0.046439
v -0.185940 0.058890 0.015556
v -0.190211 0.035796 0.015556
v 0.551119 -0.327530 0.046439
v 0.737508 0.584545 0.046439
v 0.737508 0.584545 0.015558
v 0.524477 0.661466 0.046439
v 0.432766 -0.089608 0.046439
v 0.421120 -0.089830 0.046439
v 0.405519 -0.115003 0.046439
v 0.424517 -0.116574 0.046439
v 0.574596 -0.327521 0.015556
v 0.290731 0.100495 0.046439
v 0.282099 0.095120 0.045455
v 0.312984 0.063753 0.015556
v 0.251195 0.034169 0.046439
v -0.497773 -0.098543 0.015556
v -0.530617 -0.097352 0.046439
v -0.401592 -0.105167 0.046439
v -0.401592 -0.105167 0.032318
v -0.380941 -0.109703 0.033338
v -0.367822 -0.112585 0.033955
v -0.369006 -0.093246 0.046439
v -0.369128 -0.112298 0.046439
v 0.060257 0.588565 0.015557
v 0.033315 0.575595 0.015557
v 0.583748 -0.254655 0.046439
v 0.583599 -0.266665 0.024982
v -0.430498 0.132532 0.046439
v -0.451852 0.145187 0.046439
v -0.643147 0.506276 0.015557
v -0.688303 0.494631 0.015557
v -0.669248 0.517525 0.017096
v -0.680359 0.376791 0.015557
v -0.628940 0.477385 0.015557
v 0.347936 -0.187625 0.046439
v 0.357386 -0.195317 0.046439
v 0.347936 -0.187625 0.015556
v 0.357386 -0.195317 0.015556
v 0.366128 -0.183619 0.046439
v -0.467437 0.154422 0.046439
v -0.456901 0.148178 0.025910
v -0.427036 0.259615 0.046439
v 0.658549 -0.063683 0.015556
v -0.413491 -0.105666 0.015556
v -0.402251 -0.100761 0.015556
v -0.383622 -0.092963 0.015556
v -0.360853 -0.083314 0.015556
v -0.544014 0.394305 0.015557
v -0.529848 0.418696 0.046439
v -0.679170 0.523044 0.046297
v -0.670684 0.520912 0.040634
v -0.724358 0.481824 0.015557
v -0.099471 0.340649 0.046439
v -0.760890 0.222143 0.015556
v -0.800099 0.248004 0.015556
v -0.746544 0.327563 0.046439
v -0.643887 0.305593 0.015556
v -0.719595 0.191091 0.015556
v 0.121323 -0.104418 0.046439
v 0.125954 -0.108657 0.015556
v 0.136473 -0.118285 0.029173
v 0.130981 -0.113258 0.046439
v 0.098535 -0.098070 0.029398
v 0.127837 -0.114316 0.017851
v 0.113095 -0.126212 0.046439
v -0.154537 -0.012649 0.031562
v 0.066184 0.253403 0.046439
v 0.066184 0.253403 0.015556
v 0.100015 0.273369 0.015556
v 0.075175 0.272199 0.046439
v 0.080810 0.232714 0.015556
v 0.065561 0.221852 0.028420
v 0.065117 0.199375 0.015556
v -0.270949 0.084378 0.015556
v -0.263363 0.083502 0.039145
v 0.637704 0.389481 0.046439
v 0.510271 0.391466 0.046439
v 0.591291 0.382374 0.015557
v 0.632934 0.369102 0.015557
v -0.249504 -0.082999 0.046439
v -0.256216 -0.090506 0.046439
v 0.254338 0.022960 0.046439
v 0.527060 -0.358487 0.015556
v 0.564698 -0.308865 0.046439
v 0.125154 0.556184 0.046439
v 0.166819 0.520073 0.046439
v 0.124155 0.553302 0.025869
v 0.121032 0.544288 0.037716
v 0.129003 0.531522 0.046439
v 0.130829 0.677539 0.015558
v 0.222038 0.707576 0.015559
v 0.192519 0.729912 0.044451
v 0.214406 0.698773 0.015558
v 0.180565 0.719764 0.046440
v 0.194515 -0.070880 0.046439
v 0.254095 -0.046534 0.015556
v 0.240908 -0.050819 0.015556
v 0.247813 -0.065797 0.015556
v 0.046016 0.594896 0.046440
v 0.026354 0.579686 0.028637
v -0.044427 -0.794360 0.046439
v -0.044427 -0.794360 0.015556
v 0.001695 -0.818855 0.015732
v 0.036270 -0.772187 0.046439
v 0.005399 -0.809280 0.046439
v 0.625230 0.336184 0.015556
v 0.628850 0.351653 0.027383
v 0.534740 -0.351793 0.015556
v 0.476940 -0.118838 0.015556
v 0.475908 -0.107437 0.017922
v 0.251038 0.779598 0.046440
v 0.261243 0.803410 0.046440
v 0.327693 0.639415 0.046440
v 0.235925 0.700064 0.015559
v 0.012259 0.568782 0.015557
v 0.002772 0.511478 0.029622
v 0.009382 0.551407 0.046439
v 0.003446 0.507846 0.015557
v 0.210581 -0.088289 0.046439
v 0.174587 0.057772 0.015556
v 0.205103 0.058608 0.015556
v 0.202223 0.065078 0.024419
v -0.143203 0.205725 0.015556
v -0.193180 0.189817 0.015556
v -0.215982 0.215298 0.046439
v -0.252788 0.263395 0.015556
v -0.248022 0.265644 0.046439
v -0.212088 0.298921 0.018438
v -0.221117 0.289346 0.046439
v -0.211349 0.297922 0.046439
v -0.075483 0.044292 0.015556
v -0.070362 0.046141 0.033262
v -0.121490 0.096045 0.046439
v -0.313806 -0.060733 0.046439
v -0.307603 -0.071418 0.046439
v 0.486280 -0.138617 0.046439
v 0.516972 -0.210747 0.046439
v 0.502834 -0.240218 0.046439
v 0.443590 -0.197183 0.015556
v 0.430981 -0.208610 0.046439
v 0.122817 -0.813480 0.046439
v -0.182416 -0.219108 0.015556
v -0.174005 -0.219940 0.022868
v -0.180014 -0.193443 0.015556
v -0.811512 0.399993 0.046439
v -0.817628 0.350204 0.015557
v -0.282748 0.394519 0.046439
v -0.282748 0.394519 0.015556
v -0.335617 0.282429 0.015556
v -0.329445 0.255315 0.046439
v -0.285035 0.258968 0.015556
v -0.267899 0.262903 0.046439
v -0.145084 -0.168861 0.015556
v -0.160417 -0.160127 0.032546
v 0.468369 -0.325640 0.015556
v 0.442267 -0.302150 0.046304
v 0.445040 -0.250053 0.015556
v 0.448915 -0.309262 0.046063
v 0.479627 -0.291472 0.046439
v 0.472509 -0.315065 0.046439
v 0.488472 -0.262087 0.046439
v 0.477132 -0.318820 0.015556
v -0.154537 -0.012649 0.046439
v -0.133119 -0.023586 0.046439
v 0.133881 -0.025655 0.015556
v 0.125090 -0.034666 0.015556
v -0.146475 -0.145164 0.015556
v -0.128745 -0.132246 0.015556
v -0.158637 -0.158216 0.015556
v -0.171504 -0.172025 0.015556
v -0.175530 -0.176878 0.035436
v -0.291545 -0.037899 0.046439
v -0.341000 0.073084 0.046439
v -0.342374 0.086209 0.046439
v -0.148917 -0.208501 0.015556
v 0.578033 -0.212899 0.046439
v -0.553720 -0.079759 0.015556
v -0.316886 0.054465 0.015556
v 0.153753 0.636393 0.046440
v 0.148976 0.653721 0.046440
v 0.227650 0.706929 0.046440
v 0.316868 0.646472 0.015559
v 0.155126 0.690048 0.046440
v 0.193928 0.619065 0.046440
v -0.505200 -0.042678 0.015556
v -0.002257 0.461698 0.046439
v 0.158243 0.227540 0.046439
v -0.207307 0.019668 0.015556
v 0.140341 -0.121826 0.015556
v -0.570149 -0.065056 0.046439
v -0.586502 -0.084368 0.046439
v -0.556816 -0.079840 0.046439
v -0.571564 -0.066329 0.036459
v -0.677450 0.525864 0.015557
v -0.708975 0.487495 0.015557
v -0.693264 0.511018 0.038588
v -0.548335 -0.089461 0.046439
v -0.541054 -0.096974 0.046439
v -0.208423 -0.160398 0.015556
v -0.225865 -0.157983 0.029585
v -0.085487 -0.424654 0.046439
v -0.054679 -0.458880 0.046439
v -0.075384 -0.485772 0.046439
v -0.074810 -0.489245 0.029060
v -0.074403 -0.491707 0.017071
v -0.043648 -0.482775 0.015556
v 0.028127 -0.727969 0.015556
v 0.117955 -0.702295 0.015641
v -0.579263 -0.095589 0.046439
v -0.235236 0.080257 0.046439
v -0.245777 0.081473 0.031804
v 0.391787 -0.138419 0.046439
v -0.062009 -0.566679 0.046439
v -0.024425 -0.493548 0.046439
v -0.046223 -0.517952 0.015556
v -0.026644 -0.527231 0.046439
v -0.048642 -0.594232 0.046439
v -0.430842 -0.079553 0.015556
v -0.378215 -0.054708 0.015556
v -0.358048 -0.073945 0.015556
v 0.348136 -0.120260 0.046439
v 0.356288 -0.152412 0.015556
v 0.329989 -0.158332 0.046439
v 0.327871 -0.128632 0.015556
v 0.400111 -0.191299 0.046439
v -0.081010 -0.164230 0.015556
v -0.098189 -0.141092 0.015556
v -0.113837 -0.159222 0.015556
v 0.140341 -0.121826 0.046439
v 0.142425 -0.126242 0.030585
v 0.135529 -0.140012 0.046439
v 0.477819 -0.108288 0.046439
v 0.462972 -0.109320 0.015556
v 0.564738 -0.285304 0.015556
v -0.089916 -0.171489 0.015556
v 0.399886 -0.087428 0.043419
v 0.346366 -0.120201 0.015556
v 0.382517 -0.134394 0.046439
v -0.104764 -0.110790 0.015556
v 0.049341 -0.814721 0.046439
v -0.251281 0.134585 0.046439
v -0.251281 0.134585 0.015556
v -0.232079 0.232025 0.015556
v -0.235063 0.246134 0.046439
v -0.313959 0.176844 0.015556
v -0.221762 0.119423 0.046439
v -0.213291 0.129621 0.015556
v 0.257186 0.079608 0.046439
v 0.257130 0.057810 0.046439
v -0.363710 -0.014471 0.015556
v -0.402178 -0.041471 0.015556
v 0.350858 0.958851 0.046443
v 0.351926 0.911636 0.046443
v -0.672648 0.155790 0.015556
v -0.713819 0.198376 0.046439
v -0.653839 0.155665 0.032876
v -0.648152 0.194685 0.046439
v -0.600328 0.201624 0.046439
v -0.569732 0.289082 0.015556
v -0.572655 0.275825 0.046439
v -0.118698 -0.120898 0.015556
v -0.105317 -0.154424 0.046439
vn -0.0000 -0.0000 -1.0000
vn 0.1887 -0.9819 -0.0157
vn 0.3614 0.9151 -0.1789
vn 0.3246 0.9265 -0.1903
vn 0.0020 -0.0192 0.9998
vn -0.9969 -0.0787 -0.0000
vn -0.9355 0.3494 -0.0527
vn 0.1977 -0.9802 -0.0116
vn 0.9624 0.2252 0.1517
vn -0.9174 0.2995 -0.2620
vn 0.9645 0.2313 0.1276
vn 0.9751 0.2176 0.0430
vn 0.6598 0.7493 -0.0556
vn -0.9110 0.3122 -0.2694
vn 0.6384 0.7453 -0.1921
vn -0.0326 0.7373 -0.6747
vn -0.0000 -0.0000 1.0000
vn -0.0310 -0.9994 0.0136
vn -0.0259 -0.0412 -0.9988
vn 0.4201 -0.0013 0.9075
vn -0.6078 0.0977 -0.7881
vn 0.3787 -0.1528 0.9128
vn 0.4703 -0.3510 0.8097
vn 0.7324 -0.2958 0.6133
vn 0.6113 0.7882 0.0709
vn -0.9529 0.1740 0.2485
vn -0.3917 -0.8015 0.4519
vn -0.4297 -0.7912 0.4353
vn 0.8515 0.1260 0.5089
vn 0.8880 0.0700 0.4544
vn 0.8113 0.5339 0.2381
vn 0.6067 -0.7930 0.0553
vn 0.6790 0.7334 -0.0328
vn 0.6035 0.6929 -0.3946
vn 0.9083 0.0707 0.4124
vn -0.0578 -0.0030 0.9983
vn -0.0291 0.0106 -0.9995
vn -0.9418 0.1373 0.3069
vn -0.6494 -0.7336 -0.2002
vn -0.6563 -0.7213 -0.2212
vn 0.0954 -0.9952 -0.0233
vn 0.3900 -0.8573 0.3361
vn 0.2163 -0.8734 0.4363
vn -0.1028 -0.8229 0.5587
vn -0.6474 -0.7421 -0.1735
vn -0.7372 -0.6142 -0.2816
vn 0.7831 -0.4320 -0.4473
vn 0.8222 -0.3964 -0.4084
vn 0.4722 -0.8171 0.3309
vn -0.7772 0.6020 0.1833
vn -0.7615 0.6254 0.1704
vn -0.4592 0.8004 -0.3853
vn 0.6572 0.4832 -0.5784
vn 0.9312 -0.0078 0.3644
vn 0.9349 0.0073 0.3548
vn 0.7526 -0.5771 0.3170
vn -0.0466 0.0227 0.9987
vn -0.0375 0.9936 0.1065
vn 0.0089 0.0213 -0.9997
vn -0.3856 -0.9171 0.1011
vn 0.5027 -0.6154 0.6071
vn 0.5317 -0.4544 0.7147
vn -0.3550 -0.0043 0.9348
vn -0.4891 0.1518 0.8589
vn 0.0040 0.0023 -1.0000
vn -0.0224 0.9992 -0.0328
vn 0.2329 0.9725 -0.0000
vn 0.1312 0.9875 0.0876
vn -0.4124 -0.5353 -0.7371
vn -0.4475 -0.4629 -0.7652
vn 0.6257 -0.7801 0.0016
vn 0.5961 -0.8029 0.0061
vn 0.1410 -0.9674 -0.2104
vn 0.9775 -0.1917 0.0881
vn -0.0127 -0.0048 0.9999
vn -0.8248 0.5655 -0.0000
vn 0.1380 0.9903 -0.0131
vn -0.0003 -0.0101 -0.9999
vn -0.9348 -0.0033 -0.3551
vn -0.9478 -0.2299 -0.2209
vn 0.6561 0.0945 -0.7488
vn 0.7870 -0.2576 -0.5607
vn 0.9816 -0.1198 0.1490
vn 0.6169 0.7825 0.0847
vn 0.2293 0.9468 0.2259
vn 0.9420 -0.1899 0.2768
vn -0.5452 0.8382 0.0129
vn -0.6636 0.7476 0.0285
vn -0.6064 0.7950 -0.0163
vn 0.7709 0.3797 -0.5114
vn 0.7136 0.1124 -0.6915
vn 0.0085 -0.0044 1.0000
vn -0.0048 -0.0067 -1.0000
vn -0.1151 -0.9926 -0.0384
vn -0.4013 -0.9159 0.0044
vn 0.9327 -0.0618 -0.3554
vn -0.7891 0.6100 0.0722
vn 0.0797 -0.0996 0.9918
vn -0.8174 -0.5704 0.0804
vn -0.8253 -0.5647 -0.0065
vn 0.3006 0.8819 -0.3631
vn -0.0392 0.4236 -0.9050
vn 0.9735 -0.2175 -0.0702
vn -0.6802 -0.4142 -0.6047
vn 0.6831 -0.7277 -0.0619
vn 0.6877 -0.7233 -0.0621
vn 0.6813 -0.7304 -0.0491
vn 0.5490 0.8341 -0.0532
vn 0.5524 0.8335 -0.0121
vn -0.0394 0.4241 -0.9047
vn 0.6844 -0.7249 -0.0784
vn 0.9606 -0.2626 -0.0907
vn 0.9986 -0.0490 -0.0201
vn -0.2593 0.9658 0.0007
vn -0.9574 0.2887 0.0002
vn -0.0395 0.4249 -0.9044
vn 0.2302 0.0816 -0.9697
vn 0.2347 0.8701 0.4334
vn 0.2994 0.7639 0.5718
vn -0.3009 0.4700 0.8298
vn 0.6487 0.7323 0.2073
vn -0.6799 0.4137 0.6054
vn -0.9961 -0.0742 0.0487
vn -0.9592 0.1373 -0.2471
vn 0.0064 -0.0002 -1.0000
vn 0.7457 -0.6659 0.0219
vn 0.1705 -0.9847 -0.0370
vn -0.2462 0.2169 -0.9446
vn -0.0342 -0.9908 -0.1308
vn 0.4900 -0.6736 -0.5533
vn 0.5160 -0.5926 -0.6185
vn 0.0972 0.0257 0.9949
vn 0.8726 0.4884 -0.0000
vn -0.9321 0.3513 -0.0882
vn -0.3340 -0.9215 0.1981
vn -0.3232 -0.9283 0.1840
vn 0.3667 0.6723 0.6430
vn 0.8505 0.5021 -0.1568
vn 0.8370 0.5330 -0.1243
vn -0.3322 -0.9232 0.1934
vn 0.8328 0.5214 -0.1857
vn 0.0109 0.0165 0.9998
vn -0.0108 0.0050 -0.9999
vn -0.9406 0.3290 -0.0837
vn 0.1877 -0.5477 0.8153
vn 0.4848 -0.8074 -0.3364
vn 0.3138 -0.7898 -0.5271
vn -0.4199 0.8998 -0.1184
vn -0.4760 0.0309 -0.8789
vn -0.9400 0.3389 0.0389
vn -0.4709 0.0561 -0.8804
vn 0.0372 -0.0117 0.9992
vn 0.9200 0.3889 -0.0483
vn -0.8134 -0.5814 -0.0191
vn 0.1708 -0.0159 -0.9852
vn -0.0874 -0.9277 -0.3631
vn 0.3335 0.4420 -0.8327
vn -0.0518 -0.9425 -0.3302
vn -0.1033 -0.9171 -0.3849
vn -0.0820 -0.9299 -0.3586
vn 0.0748 0.7301 -0.6792
vn -0.2955 0.8472 -0.4414
vn -0.1168 0.7727 -0.6239
vn -0.0025 0.0103 0.9999
vn 0.8242 0.5659 0.0205
vn 0.9825 -0.1853 -0.0210
vn -0.1195 -0.1220 0.9853
vn -0.1000 -0.0865 0.9912
vn 0.1076 0.1002 -0.9891
vn 0.6276 0.0278 0.7780
vn -0.4102 0.7860 0.4624
vn 0.6724 0.0088 0.7402
vn -0.4402 -0.8920 0.1027
vn -0.2138 0.6449 -0.7338
vn 0.7939 0.3962 0.4612
vn 0.4301 -0.8987 0.0856
vn 0.0311 0.6982 -0.7153
vn -0.6658 -0.7409 -0.0882
vn -0.1465 0.9887 0.0319
vn 0.0270 0.9916 -0.1268
vn -0.9399 0.2323 -0.2503
vn 0.1454 0.5577 -0.8172
vn 0.2150 0.1233 0.9688
vn 0.5410 -0.8409 0.0160
vn -0.2561 0.9666 -0.0110
vn -0.1034 0.9945 0.0179
vn -0.9974 -0.0112 0.0718
vn -0.9815 0.1591 0.1066
vn 0.9578 0.2580 0.1268
vn 0.1392 0.9762 -0.1660
vn -0.6654 0.2614 -0.6992
vn 0.5492 -0.5524 -0.6270
vn 0.0122 -0.0127 0.9998
vn -0.0149 -0.0672 -0.9976
vn -0.5193 -0.8546 0.0017
vn -0.4725 -0.8809 -0.0295
vn 0.0212 0.9900 0.1394
vn -0.0720 0.9966 0.0398
vn -0.9691 0.2348 0.0754
vn -0.9741 0.2174 0.0618
vn -0.9768 0.2081 0.0498
vn 0.1195 0.8875 0.4451
vn 0.0894 0.9302 0.3559
vn 0.0929 0.9317 0.3511
vn 0.2636 -0.7451 0.6126
vn -0.0883 -0.9841 0.1542
vn -0.0834 -0.9833 0.1618
vn -0.0879 -0.9843 0.1531
vn -0.3519 -0.9360 -0.0042
vn 0.9776 -0.2103 -0.0000
vn 0.9999 -0.0172 -0.0000
vn -0.6927 0.7114 0.1182
vn -0.5441 0.0655 -0.8364
vn -0.7175 0.6928 0.0717
vn 0.5956 -0.1012 -0.7969
vn 0.4726 0.8712 0.1330
vn 0.5801 0.5591 -0.5924
vn 0.3781 0.9238 -0.0602
vn 0.2667 -0.9638 -0.0009
vn 0.4336 -0.8994 -0.0559
vn 0.0140 0.0967 0.9952
vn 0.1068 0.0345 -0.9937
vn 0.0347 0.1057 -0.9938
vn 0.1480 0.1864 -0.9713
vn -0.0817 -0.0737 0.9939
vn 0.9472 -0.3139 -0.0663
vn 0.5015 0.8558 0.1270
vn -0.7133 0.6997 0.0408
vn 0.9866 0.0432 0.1575
vn 0.9792 0.0565 0.1948
vn -0.3475 -0.9376 -0.0124
vn -0.3661 -0.9301 -0.0308
vn -0.1232 -0.9897 -0.0722
vn -0.8379 -0.5456 0.0142
vn -0.8626 0.5058 0.0045
vn -0.8876 0.4422 0.1292
vn -0.8870 0.4443 0.1262
vn -0.2574 -0.9570 -0.1337
vn -0.2892 -0.9502 0.1162
vn -0.8860 0.4459 0.1270
vn -0.0002 -0.0002 1.0000
vn -0.0006 0.0004 -1.0000
vn 0.5709 0.7031 0.4239
vn 0.8498 0.4758 0.2271
vn -0.6850 0.1768 -0.7067
vn -0.7076 0.4924 -0.5069
vn 0.3369 -0.7925 -0.5083
vn 0.4466 -0.7856 -0.4282
vn 0.4861 0.0858 -0.8697
vn 0.0049 0.1306 -0.9914
vn -0.8967 0.4327 -0.0935
vn -0.4190 0.5961 -0.6849
vn -0.0010 0.0567 -0.9984
vn 0.4605 -0.8510 -0.2526
vn 0.5831 0.0180 -0.8122
vn 0.5611 -0.6607 -0.4987
vn -0.1872 0.6778 -0.7111
vn 0.0017 -0.0146 0.9999
vn 0.3748 0.8375 -0.3975
vn -0.3892 0.8612 -0.3270
vn 0.8450 -0.0463 0.5327
vn -0.7231 0.5012 0.4753
vn 0.3435 -0.1204 0.9314
vn -0.4761 -0.8714 -0.1178
vn -0.6863 -0.7172 -0.1206
vn -0.9441 -0.3296 -0.0061
vn -0.5923 0.2272 0.7730
vn -0.3141 -0.0604 -0.9475
vn 0.2396 0.9411 0.2386
vn 0.6807 -0.7311 0.0453
vn -0.8481 -0.5261 0.0635
vn -0.1403 -0.9515 0.2738
vn -0.8454 -0.5302 0.0649
vn 0.0657 -0.7137 0.6974
vn 0.0668 -0.7117 0.6993
vn 0.0368 -0.6205 0.7833
vn -0.0329 0.9895 -0.1406
vn -0.0375 0.9837 -0.1759
vn 0.2684 0.2913 0.9182
vn 0.2729 0.6893 0.6711
vn 0.0032 0.0121 -0.9999
vn 0.6837 0.7074 0.1794
vn 0.8617 -0.5073 0.0063
vn -0.7453 -0.1473 0.6503
vn -0.8471 -0.5154 0.1295
vn -0.8286 -0.5258 0.1921
vn -0.1504 0.0851 0.9850
vn -0.2379 0.2036 0.9497
vn 0.0583 0.9976 0.0366
vn 0.0733 0.9967 -0.0340
vn -0.4068 -0.9012 0.1496
vn -0.5954 -0.7823 0.1828
vn -0.4031 -0.9003 0.1640
vn 0.9765 -0.2154 0.0038
vn 0.9805 -0.1945 -0.0285
vn 0.9839 0.1675 0.0624
vn 0.4224 -0.9021 0.0884
vn 0.4153 -0.9060 0.0823
vn 0.3875 -0.9186 0.0778
vn -0.0010 0.0054 -1.0000
vn -0.3820 0.9179 -0.1075
vn -0.9938 -0.1109 -0.0001
vn 0.6639 -0.7178 -0.2096
vn 0.7125 -0.6856 -0.1492
vn -0.4189 0.8863 0.1977
vn -0.4307 0.8839 0.1821
vn 0.6607 -0.7153 -0.2277
vn -0.9139 0.2436 -0.3247
vn -0.9217 0.1586 -0.3540
vn -0.5684 -0.8141 0.1191
vn 0.0416 -0.0063 -0.9991
vn 1.0000 -0.0041 -0.0000
vn -0.9750 0.1793 -0.1316
vn -0.9861 0.1584 -0.0508
vn -0.0816 0.0568 -0.9950
vn 0.0064 0.2463 -0.9692
vn 0.0760 0.3276 -0.9417
vn -0.8873 -0.3893 -0.2473
vn -0.3430 -0.9356 -0.0841
vn -0.3524 -0.9308 -0.0974
vn 0.8869 -0.4442 -0.1269
vn 0.8874 -0.4421 -0.1308
vn 0.8865 -0.4463 -0.1219
vn -0.0387 -0.9947 -0.0947
vn -0.0705 0.0627 -0.9955
vn -0.0819 -0.9915 -0.1011
vn 0.4295 0.2740 -0.8605
vn 0.5869 0.3195 -0.7440
vn -0.0010 0.0036 1.0000
vn 0.5124 0.8552 0.0785
vn -0.2116 0.9772 -0.0154
vn -0.8701 -0.4908 -0.0448
vn -0.1731 0.6327 -0.7548
vn 0.5131 -0.0978 -0.8528
vn -0.1613 0.6250 -0.7638
vn -0.1420 0.5899 -0.7949
vn -0.1631 0.9313 -0.3256
vn 0.0288 -0.7384 -0.6738
vn 0.0405 -0.7507 -0.6595
vn 0.0106 0.0109 0.9999
vn -0.5428 0.8135 -0.2086
vn -0.0593 0.8318 0.5520
vn -0.0415 0.8593 0.5098
vn -0.9668 -0.0082 -0.2555
vn -0.9495 0.0531 -0.3091
vn 0.0315 -0.8983 -0.4383
vn 0.0067 0.0225 -0.9997
vn 0.6675 0.7446 -0.0005
vn -0.0054 -0.9948 0.1018
vn -0.5526 -0.8150 -0.1743
vn -0.2736 -0.8119 0.5157
vn -0.4925 -0.8698 -0.0288
vn -0.5853 -0.6248 0.5168
vn -0.9822 -0.1870 0.0176
vn -0.3870 0.9060 0.1712
vn -0.2072 0.8797 0.4280
vn 0.2505 -0.0469 0.9670
vn -0.1379 0.4948 0.8580
vn 0.0414 -0.0450 -0.9981
vn 0.9388 -0.3444 -0.0056
vn 0.9940 -0.1093 -0.0007
vn 0.2566 -0.6922 0.6745
vn -0.0830 -0.5372 0.8394
vn -0.0757 -0.5511 0.8310
vn 0.3221 0.9466 0.0152
vn 0.9046 0.4255 -0.0263
vn -0.1126 0.0181 0.9935
vn -0.2266 0.9296 -0.2906
vn -0.1179 0.9866 -0.1130
vn -0.8696 -0.3869 -0.3068
vn -0.9105 -0.3352 -0.2420
vn -0.6240 -0.7035 -0.3402
vn 0.0238 -0.8363 -0.5477
vn 0.1362 0.5168 -0.8452
vn -0.1912 0.7149 -0.6726
vn 0.0483 0.0403 0.9980
vn 0.0688 -0.9965 0.0483
vn 0.9216 -0.3847 -0.0509
vn 0.8190 -0.5733 -0.0234
vn 0.9982 0.0390 0.0451
vn 0.9900 0.1369 -0.0346
vn 0.9932 0.1101 -0.0382
vn -0.3988 0.9165 -0.0305
vn -0.7073 0.5903 -0.3890
vn -0.6844 0.6634 -0.3026
vn 0.2845 -0.3989 -0.8717
vn -0.7425 -0.6698 -0.0000
vn -0.2023 -0.9780 0.0503
vn 0.8710 -0.4146 -0.2636
vn -0.1941 -0.9499 0.2449
vn 0.4979 0.2382 0.8338
vn -0.8706 -0.3036 0.3872
vn -0.8798 -0.2959 0.3720
vn -0.9468 -0.1102 -0.3025
vn -0.0110 -0.9707 -0.2399
vn 0.6594 -0.6908 0.2967
vn 0.6591 -0.6398 0.3952
vn 0.5692 -0.6922 0.4436
vn 0.7697 0.6268 -0.1214
vn -0.0607 0.0062 0.9981
vn -0.0326 -0.0101 -0.9994
vn 0.1330 0.9911 -0.0082
vn -0.0135 0.9998 0.0129
vn -0.7578 -0.6464 0.0886
vn -0.0394 0.0679 -0.9969
vn -0.5605 -0.8072 0.1851
vn -0.9191 -0.1281 -0.3725
vn -0.0459 0.9945 0.0938
vn 0.6016 0.0788 -0.7949
vn 0.2143 -0.9161 -0.3388
vn 0.1022 -0.9506 -0.2933
vn 0.0660 -0.0216 0.9976
vn -0.2847 -0.9469 0.1492
vn -0.3262 -0.9289 0.1750
vn -0.7282 0.5406 -0.4212
vn 0.5419 0.0023 -0.8404
vn 0.5381 0.0063 -0.8429
vn -0.0315 -0.0503 0.9982
vn -0.3354 -0.9420 -0.0124
vn -0.0802 0.6780 0.7307
vn -0.2722 0.6400 0.7186
vn -0.9749 0.2016 -0.0945
vn -0.0038 -0.0007 -1.0000
vn 0.9420 -0.3326 0.0455
vn -0.4115 -0.9114 0.0073
vn -0.0532 0.7567 -0.6516
vn -0.0510 0.7567 -0.6517
vn -0.9389 -0.2230 0.2620
vn 0.9536 -0.2831 0.1023
vn 0.9678 -0.2486 0.0402
vn -0.7247 -0.5357 -0.4334
vn -0.7389 -0.5303 -0.4158
vn -0.7122 -0.5355 -0.4539
vn 0.9439 -0.3297 0.0170
vn -0.5879 -0.7907 -0.1709
vn 0.0051 0.0050 1.0000
vn -0.4668 0.8844 -0.0018
vn 0.3022 0.9532 -0.0062
vn -0.5954 -0.5240 -0.6090
vn -0.5325 -0.5325 -0.6579
vn -0.0632 -0.9968 -0.0482
vn -0.4298 -0.8983 0.0908
vn -0.0847 -0.9647 0.2494
vn -0.9115 -0.1722 0.3736
vn -0.9954 0.0961 -0.0038
vn 0.5617 0.7936 -0.2339
vn 0.8020 -0.5711 0.1752
vn 0.2492 -0.9405 0.2310
vn 0.0173 0.0291 -0.9994
vn 0.2235 0.9747 0.0007
vn 0.2384 0.9712 -0.0004
vn 0.7859 -0.1317 0.6042
vn -0.3866 -0.6506 0.6537
vn 0.0605 -0.0980 -0.9933
vn -0.0755 0.9954 0.0594
vn -0.8189 0.5729 0.0347
vn -0.2678 -0.9257 -0.2672
vn -0.4942 -0.3501 -0.7958
vn 0.3595 -0.4827 -0.7986
vn 0.3261 -0.3237 -0.8882
vn 0.7773 0.5788 0.2463
vn 0.3051 -0.2338 -0.9232
vn 0.0552 -0.0366 0.9978
vn -0.5802 0.8145 -0.0071
vn -0.6597 0.7515 0.0021
vn 0.3720 0.9048 -0.2072
vn 0.7358 0.6540 -0.1756
vn 0.6609 -0.5674 0.4911
vn -0.0501 -0.7311 -0.6804
vn 0.6496 -0.6008 0.4659
vn -0.0580 0.0299 0.9979
vn -0.0317 0.0060 -0.9995
vn -0.9808 0.1938 -0.0209
vn -0.9303 0.3663 0.0203
vn 0.3332 0.9006 -0.2792
vn -0.6796 -0.0970 -0.7272
vn -0.7722 -0.1904 -0.6062
vn -0.0287 -0.0704 0.9971
vn 0.9251 -0.3688 0.0907
vn -0.3501 0.8778 -0.3270
vn 0.3223 0.6926 -0.6453
vn -0.0607 0.9397 0.3365
vn 0.9102 0.1772 0.3743
vn -0.8296 -0.5575 0.0311
vn 0.2391 0.1842 -0.9534
vn 0.3139 -0.9490 0.0275
vn 0.0557 -0.0040 0.9984
vn 0.8092 0.4010 0.4294
vn 0.7606 0.6492 -0.0117
vn -0.9494 0.2914 -0.1176
vn 0.0997 -0.6595 -0.7450
vn 0.0887 -0.7440 -0.6623
vn 0.0096 0.0435 0.9990
vn -0.0001 -0.0000 -1.0000
vn 0.3133 0.9483 0.0500
vn -0.9678 0.2486 -0.0392
vn 0.1547 -0.3634 -0.9187
vn 0.0491 -0.3712 -0.9272
vn -0.8526 -0.3746 -0.3643
vn -0.8559 -0.3723 -0.3588
vn 0.0812 0.1670 0.9826
vn 0.0880 0.9960 0.0144
vn 0.1134 0.9933 -0.0228
vn 0.1703 0.3567 0.9186
vn 0.4585 0.5751 0.6775
vn 0.1574 -0.3985 0.9035
vn 0.0312 -0.1265 0.9915
vn -0.1798 -0.0032 -0.9837
vn -0.8115 -0.3742 0.4489
vn -0.9984 -0.0533 -0.0180
vn 0.2657 0.7665 0.5847
vn 0.0327 0.7576 0.6519
vn 0.0843 0.7749 0.6264
vn 0.0065 -0.0923 -0.9957
vn 0.5843 -0.8058 0.0964
vn 0.4838 -0.8456 -0.2257
vn -0.6388 -0.0396 0.7683
vn 0.3213 -0.9362 -0.1422
vn -0.1591 0.9855 0.0597
vn -0.5159 0.8424 -0.1558
vn 0.3733 0.9197 -0.1215
vn 0.3220 0.9372 0.1341
vn 0.1442 0.1499 -0.9781
vn 0.2937 -0.8887 -0.3520
vn 0.4236 -0.8873 -0.1826
vn 0.2965 -0.8910 -0.3437
vn -0.0031 0.0046 1.0000
vn -0.9844 -0.1762 -0.0000
vn -0.8524 0.5229 -0.0000
vn -0.7498 0.4301 0.5027
vn 0.6137 0.6728 0.4132
vn 0.0360 -0.0206 -0.9991
vn 0.7358 0.4573 0.4995
vn 0.0033 -0.9999 0.0136
vn 0.1429 0.8165 0.5593
vn 0.1476 0.8106 0.5667
vn 0.2611 0.1009 0.9600
vn 0.2707 0.0758 0.9597
vn 0.2958 0.0964 0.9504
vn 0.1699 -0.9349 0.3116
vn -0.0130 -0.9881 0.1530
vn 0.0581 -0.9961 0.0666
vn -0.9769 0.2137 -0.0000
vn -0.7997 -0.3395 0.4953
vn 0.3052 -0.3277 0.8941
vn -0.0093 0.0008 -1.0000
vn 0.4362 0.8957 0.0861
vn -0.0197 0.9949 0.0987
vn -0.6204 -0.3871 0.6821
vn -0.0013 -0.2572 0.9663
vn -0.1327 -0.0247 0.9909
vn 0.0661 0.1450 -0.9872
vn -0.8732 0.1595 0.4606
vn -0.3998 0.2262 -0.8882
vn 0.8418 -0.5353 0.0695
vn 0.3279 -0.6087 -0.7225
vn 0.1704 0.4267 0.8882
vn -0.7167 0.4399 -0.5411
vn 0.2127 -0.9710 0.1089
vn 0.3861 0.9219 -0.0327
vn 0.3857 0.9221 -0.0323
vn -0.7064 -0.6788 -0.2005
vn -0.7159 -0.6610 -0.2250
vn -0.7177 -0.6439 -0.2653
vn 0.2022 -0.9735 0.1068
vn 0.9947 0.1027 -0.0000
vn -0.8392 -0.5437 -0.0094
vn -0.8396 -0.5431 -0.0085
vn -0.5935 0.7718 0.2282
vn -0.5984 0.7697 0.2224
vn -0.8750 0.4677 0.1248
vn 0.9525 0.2664 -0.1476
vn 0.9645 0.2514 -0.0810
vn -0.2260 -0.9739 -0.0230
vn 0.9252 0.3432 0.1622
vn 0.9424 0.3175 0.1053
vn 0.8658 0.3730 0.3335
vn 0.0009 -0.0007 1.0000
vn 0.2024 -0.9791 0.0172
vn 0.8275 -0.5615 -0.0000
vn 0.4945 -0.8692 -0.0000
vn -0.8810 0.4653 0.0854
vn 0.3917 0.8376 0.3807
vn 0.6684 0.7128 0.2125
vn -0.8259 -0.2921 0.4823
vn 0.3113 0.5005 -0.8078
vn -0.4333 0.8113 -0.3924
vn -0.4544 0.8381 -0.3017
vn -0.9361 -0.0627 0.3461
vn -0.2920 -0.8433 -0.4511
vn -0.3487 -0.8162 -0.4607
vn 0.1383 -0.1482 0.9792
vn 0.6353 -0.7723 0.0053
vn 0.7641 -0.6447 -0.0234
vn -0.6458 0.7387 0.1932
vn -0.6491 0.7329 0.2037
vn -0.8666 0.0466 0.4968
vn -0.6490 -0.0303 -0.7602
vn -0.6513 0.0086 -0.7588
vn 0.5388 0.8148 -0.2140
vn -0.0016 -0.0431 -0.9991
vn 0.5682 0.7488 -0.3414
vn 0.7116 -0.4344 0.5522
vn -0.4889 -0.8723 -0.0078
vn 0.6969 -0.3398 0.6315
vn -0.0214 -0.0192 0.9996
vn 0.4866 0.8584 0.1623
vn 0.1348 0.0734 0.9881
vn 0.7602 0.4125 -0.5020
vn 0.2826 0.5802 0.7639
vn -0.3688 0.6641 0.6504
vn -0.0501 0.0229 -0.9985
vn -0.0016 -0.9976 -0.0696
vn -0.2353 -0.9712 -0.0382
vn -0.2544 -0.9666 -0.0302
vn -0.1815 -0.9815 -0.0603
vn -0.3309 -0.9437 0.0023
vn 0.2425 0.9693 0.0411
vn -0.9318 -0.3630 -0.0006
vn -0.9327 -0.3606 0.0008
vn 0.1605 -0.0539 -0.9856
vn -0.0047 -0.0106 -0.9999
vn 0.9737 -0.2279 -0.0000
vn 0.3901 -0.9208 -0.0000
vn 0.1758 -0.0581 -0.9827
vn -0.6480 0.2633 0.7147
vn 0.3198 0.9112 -0.2599
vn 0.7411 0.2973 0.6020
vn -0.8931 -0.4490 0.0283
vn -0.0093 0.0069 -0.9999
vn -0.4598 -0.8879 0.0130
vn 0.4051 -0.0077 -0.9142
vn -0.8935 0.2866 0.3458
vn 0.9333 0.2317 -0.2742
vn 0.8377 0.4222 -0.3463
vn 0.1003 0.4402 0.8923
vn 0.2845 0.5061 0.8142
vn -0.6886 0.6797 -0.2528
vn -0.4922 0.5864 -0.6433
vn -0.5201 0.5388 -0.6627
vn 0.6529 0.7296 0.2035
vn -0.1855 -0.1431 0.9722
vn 0.1754 -0.9829 -0.0568
vn -0.6685 0.4589 0.5853
vn 0.9064 -0.2560 -0.3359
vn 0.7019 0.6969 -0.1472
vn -0.7514 0.4366 0.4947
vn -0.7155 -0.6681 -0.2039
vn 0.5099 0.8468 -0.1514
vn 0.3572 0.9312 0.0730
vn -0.9350 -0.2707 0.2293
vn -0.0116 -0.0120 0.9999
vn 0.0056 0.0226 -0.9997
vn 0.2280 -0.9737 -0.0050
vn 0.2475 -0.9688 0.0129
vn 0.2531 -0.9673 0.0181
vn 0.2708 -0.9620 0.0344
vn 0.8659 0.4179 0.2750
vn -0.7757 -0.3852 -0.4999
vn 0.0527 -0.8575 -0.5117
vn 0.0191 -0.8489 -0.5281
vn -0.7913 -0.3446 -0.5051
vn -0.6467 0.7535 0.1185
vn -0.6313 0.4050 -0.6614
vn -0.6499 0.2365 -0.7223
vn -0.6665 0.7237 0.1793
vn 0.0184 -0.0126 0.9998
vn 0.8505 0.5258 0.0119
vn 0.5649 0.8246 -0.0306
vn -0.6544 0.5988 -0.4617
vn -0.6671 0.5985 -0.4436
vn -0.7729 -0.4998 -0.3909
vn -0.7576 -0.4909 -0.4302
vn 0.5631 0.7878 -0.2497
vn 0.5284 0.8087 -0.2582
vn 0.3816 0.8840 -0.2700
vn -0.5664 -0.0109 -0.8241
vn -0.5764 -0.0445 -0.8159
vn -0.7933 -0.3826 -0.4736
vn 0.7797 -0.6261 0.0049
vn 0.7675 -0.6411 -0.0047
vn -0.1526 -0.9882 0.0143
vn 0.9772 -0.2103 0.0301
vn 0.7749 -0.6320 0.0074
vn 0.7772 -0.6292 -0.0017
vn 0.0074 -0.0031 1.0000
vn -0.9794 0.1999 -0.0270
vn 0.9092 -0.2789 -0.3092
vn -0.5844 0.4782 -0.6556
vn -0.0638 -0.9298 -0.3626
vn 0.1787 -0.0994 0.9789
vn 0.7974 0.5035 0.3327
vn -0.1547 0.2543 -0.9547
vn -0.3487 0.5663 -0.7468
vn -0.2063 0.9771 0.0527
vn -0.0272 0.9673 0.2523
vn -0.3984 -0.8954 0.1987
vn -0.3931 -0.9138 -0.1017
vn -0.4919 -0.8293 0.2651
vn -0.4935 -0.8255 0.2738
vn -0.0009 -0.0018 1.0000
vn 0.0293 0.0528 -0.9982
vn 0.9978 -0.0293 -0.0595
vn 0.6889 -0.7147 0.1211
vn -0.9554 0.2949 -0.0154
vn -0.0541 0.9018 -0.4287
vn 0.1298 0.8776 -0.4614
vn -0.6205 0.3023 -0.7236
vn 0.4890 -0.2781 -0.8268
vn 0.5713 -0.0881 -0.8160
vn -0.5857 0.1256 -0.8007
vn 0.5265 -0.2651 -0.8078
vn -0.6606 -0.7225 -0.2040
vn -0.0644 -0.9553 -0.2887
vn -0.0254 0.0183 0.9995
vn 0.6062 -0.0337 0.7946
vn -0.0277 0.6741 0.7382
vn -0.0114 0.0112 -0.9999
vn -0.7764 -0.6233 0.0935
vn -0.8915 -0.4524 -0.0230
vn -0.2210 -0.2418 0.9448
vn -0.7162 -0.0092 0.6978
vn 0.2601 0.9563 0.1332
vn 0.2530 0.9580 0.1346
vn 0.5550 0.8107 0.1863
vn 0.9170 -0.1278 0.3778
vn -0.1068 -0.5633 0.8193
vn 0.7838 -0.4720 0.4036
vn 0.7614 -0.4841 0.4311
vn 0.7940 -0.3855 0.4700
vn 0.0033 -0.0099 -0.9999
vn -0.6130 -0.2818 0.7381
vn 0.1625 -0.3337 0.9285
vn 0.3425 0.7128 0.6120
vn 0.5401 0.6560 0.5273
vn -0.6858 0.2236 0.6926
vn -0.7133 0.1997 0.6718
vn 0.2740 -0.3747 0.8857
vn 0.8617 0.5073 0.0025
vn -0.3102 0.9506 0.0148
vn 0.9842 0.1398 -0.1088
vn 0.0269 0.0029 -0.9996
vn 0.0558 -0.7309 -0.6802
vn 0.0467 -0.4374 -0.8980
vn 0.0524 -0.9970 -0.0570
vn 0.0072 -0.9995 -0.0311
vn -0.2369 0.4934 0.8369
vn 0.5196 0.3116 0.7956
vn -0.2945 -0.9548 -0.0400
vn 0.7842 0.6170 0.0653
vn 0.6586 0.7511 0.0462
vn 0.8209 0.5675 -0.0643
vn 0.8562 0.4778 -0.1966
vn 0.7206 0.6837 0.1153
vn -0.9634 0.2615 -0.0591
vn -0.9643 0.1603 -0.2109
vn 0.9129 -0.3912 -0.1162
vn 0.9298 -0.1572 -0.3329
vn 0.9581 -0.2220 -0.1809
vn 0.3860 0.9219 -0.0333
vn 0.3730 -0.8490 0.3741
vn -0.0404 0.0232 0.9989
vn 0.0257 -0.0255 -0.9993
vn -0.2044 -0.9789 0.0044
vn -0.5462 -0.8362 0.0488
vn -0.9772 0.2119 0.0085
vn -0.9729 0.1059 0.2053
vn -0.4010 0.8201 -0.4083
vn -0.0935 0.5754 0.8125
vn -0.2257 -0.2940 0.9288
vn -0.2147 -0.0818 0.9733
vn -0.0956 -0.5303 0.8424
vn 0.1307 -0.0197 -0.9912
vn 0.9459 0.2166 -0.2416
vn 0.9146 -0.4043 -0.0000
vn 0.1398 -0.9748 0.1740
vn -0.8531 -0.3310 -0.4032
vn -0.8741 -0.2815 -0.3959
vn 0.0601 0.0545 0.9967
vn 0.7992 0.5888 -0.1206
vn 0.9506 -0.2936 -0.1006
vn 0.9167 -0.3887 -0.0925
vn 0.3396 -0.9406 -0.0000
vn -0.8942 0.4319 -0.1180
vn -0.2442 -0.6541 0.7159
vn -0.1578 -0.2752 0.9483
vn -0.3971 0.7070 0.5851
vn -0.7683 0.6399 -0.0145
vn 0.0922 -0.9559 -0.2790
vn 0.2657 -0.1572 0.9512
vn 0.4367 -0.8054 -0.4008
vn -0.0212 0.0178 -0.9996
vn 0.5862 0.8040 0.1004
vn 0.5484 0.8362 -0.0063
vn 0.4986 -0.8064 -0.3179
vn 0.6950 -0.7061 -0.1360
vn 0.1146 0.4605 -0.8802
vn 0.6519 -0.6757 0.3443
vn 0.0348 0.9936 0.1071
vn 0.2431 0.2613 -0.9341
vn -0.0228 -0.0765 0.9968
vn -0.3336 -0.9427 -0.0000
vn 0.0829 0.5457 -0.8339
vn 0.8129 -0.2351 -0.5329
vn 0.6719 -0.1453 -0.7263
vn 0.3026 -0.8239 0.4792
vn 0.2384 -0.8896 0.3895
vn 0.0067 0.0022 1.0000
vn 0.4187 0.9081 -0.0035
vn 0.8813 0.4725 0.0004
vn -0.6441 -0.4279 0.6341
vn 0.1148 0.4459 0.8877
vn 0.3772 0.0461 -0.9250
vn -0.3108 0.8536 -0.4181
vn 0.0134 0.7870 0.6168
vn 0.0540 0.7912 0.6092
vn 0.0466 0.7872 0.6150
vn 0.0448 0.7857 0.6170
vn 0.4554 0.8453 0.2794
vn 0.9401 -0.3409 0.0045
vn 0.8890 -0.4562 0.0404
vn -0.0710 -0.9970 0.0297
vn -0.2573 -0.7814 0.5685
vn -0.0091 -0.9769 -0.2135
vn -0.0034 0.0208 0.9998
vn -0.0261 -0.0428 -0.9987
vn -0.9935 -0.1137 0.0042
vn 0.1010 0.9008 0.4224
vn -0.9143 0.2039 -0.3501
vn 0.6898 0.7004 -0.1832
vn 0.9282 -0.3713 0.0256
vn 0.0097 -0.9999 -0.0068
vn -0.5658 -0.4411 0.6967
vn 0.3707 -0.2497 0.8945
vn 0.3869 -0.2468 0.8885
vn -0.0382 -0.0473 -0.9982
vn -0.5979 0.7989 -0.0656
vn -0.2089 0.9779 -0.0000
vn 0.3156 -0.3633 -0.8766
vn 0.4313 -0.8025 0.4122
vn -0.1705 0.0933 -0.9809
vn 0.7190 0.6698 0.1855
vn 0.1792 0.9185 0.3524
vn -0.7988 0.5928 0.1030
vn -0.8310 -0.0270 -0.5556
vn -0.0466 -0.0135 0.9988
vn -0.5656 -0.8240 0.0333
vn -0.5541 -0.8315 0.0400
vn -0.6036 -0.7972 0.0105
vn -0.5281 -0.8474 0.0550
vn -0.4556 -0.8823 0.1181
vn -0.2302 0.9703 0.0739
vn 0.2267 0.5378 0.8120
vn -0.8918 0.2962 0.3419
vn 0.2884 0.1799 0.9404
vn 0.3200 0.1410 0.9369
vn 0.3202 0.1456 0.9361
vn 0.2432 -0.0471 0.9688
vn -0.1494 -0.9281 0.3409
vn -0.9178 0.2474 0.3105
vn -0.3259 -0.7093 0.6251
vn 0.0297 0.0127 -0.9995
vn 0.9635 0.2644 0.0408
vn 0.8161 -0.5770 -0.0326
vn -0.2503 -0.5203 -0.8165
vn 0.9319 -0.1397 0.3348
vn -0.5591 0.6939 0.4537
vn -0.6368 0.6794 0.3645
vn -0.2943 -0.5891 -0.7525
vn 0.0253 -0.9997 0.0009
vn -0.2207 -0.9754 -0.0000
vn -0.3575 -0.9309 0.0758
vn 0.7127 -0.6969 0.0796
vn -0.4148 -0.9093 0.0334
vn 0.5517 0.7645 0.3333
vn 0.8260 0.5618 0.0458
vn 0.7961 0.5979 0.0936
vn 0.8741 -0.4856 0.0072
vn 0.9012 -0.3278 0.2836
vn 0.5981 0.7391 0.3099
vn 0.5603 0.7400 0.3722
vn -0.0158 -0.0011 0.9999
vn -0.0009 0.0002 -1.0000
vn -0.9951 0.0796 0.0593
vn -0.7630 0.2592 0.5921
vn 0.3492 0.7094 0.6121
vn 0.4358 0.6590 0.6130
vn 0.2189 0.7051 0.6745
vn -0.0273 -0.0115 0.9996
vn -0.0071 0.0023 -1.0000
vn -0.5831 -0.8021 0.1291
vn -0.7575 -0.6522 0.0294
vn -0.8985 -0.4350 -0.0590
vn -0.2341 -0.4608 -0.8561
vn -0.8179 -0.5618 -0.1241
vn 0.7755 0.6314 0.0021
vn 0.9958 -0.0737 0.0536
vn -0.7000 -0.0372 0.7132
vn -0.9956 -0.0595 0.0721
vn 0.9826 0.1106 0.1490
vn 0.2065 0.9583 0.1975
vn -0.1883 0.8653 0.4645
vn -0.4307 0.7685 0.4731
vn -0.7449 0.6149 0.2588
vn -0.9782 -0.1151 0.1729
vn -0.0088 -0.0056 -0.9999
vn -0.0436 -0.9987 0.0276
vn 0.1609 -0.9861 0.0409
vn -0.0000 -0.0001 -1.0000
vn -0.4550 0.8905 0.0020
vn 0.3023 0.9269 0.2223
vn 0.3263 0.5799 -0.7465
vn 0.0558 -0.9718 -0.2289
vn -0.4506 -0.5237 -0.7230
vn -0.2790 0.9595 0.0386
vn 0.0703 0.0812 0.9942
vn 0.4852 -0.8714 -0.0716
vn -0.9324 -0.3501 0.0897
vn -0.8513 0.2967 -0.4328
vn -0.0291 0.7543 0.6559
vn 0.9813 -0.1414 -0.1304
vn 0.3020 -0.9469 0.1103
vn -0.9273 -0.1886 0.3234
vn -0.9251 -0.1754 0.3368
vn -0.0497 0.2437 0.9686
vn -0.1901 0.5729 0.7973
vn -0.0992 0.2059 0.9735
vn 0.2995 -0.9480 0.1081
vn -0.2752 -0.1771 0.9449
vn -0.3835 -0.7996 0.4621
vn -0.1496 -0.9621 0.2281
vn -0.5333 -0.7621 0.3671
vn -0.5884 -0.7754 0.2294
vn 0.0015 0.0423 -0.9991
vn 0.9979 0.0651 -0.0000
vn 0.8172 0.5706 -0.0816
vn 0.1545 -0.6664 -0.7294
vn -0.9916 -0.1284 -0.0157
vn -0.9603 0.2789 0.0033
vn -0.9409 -0.0348 -0.3368
vn -0.9346 -0.0359 -0.3539
vn 0.2867 0.9541 -0.0861
vn 0.2753 0.9603 -0.0446
vn 0.1215 -0.0635 0.9906
vn 0.9580 -0.2817 0.0533
vn -0.5523 -0.8024 0.2259
vn -0.0267 0.9996 -0.0000
vn -0.5264 0.6663 -0.5281
vn 0.8493 0.4593 0.2602
vn 0.8520 0.4447 0.2764
vn 0.7698 0.2437 -0.5899
vn 0.9672 -0.0748 0.2428
vn 0.9463 -0.1332 0.2945
vn 0.9364 0.1390 -0.3224
vn 0.9646 -0.0684 0.2545
vn -0.0343 0.0578 0.9977
vn -0.0063 0.0381 -0.9993
vn -0.1924 -0.9785 -0.0742
vn -0.9991 0.0416 -0.0000
vn -0.2549 0.9670 0.0021
vn 0.6651 0.7468 0.0014
vn -0.5100 -0.0436 0.8590
vn -0.8254 -0.4557 -0.3333
vn -0.9092 -0.4117 -0.0623
vn -0.7963 -0.6006 -0.0720
vn -0.7881 -0.6084 -0.0931
vn -0.0987 -0.2984 -0.9493
vn 0.5528 -0.6021 -0.5761
vn 0.5683 -0.5230 -0.6352
vn -0.0135 0.0075 0.9999
vn 0.7137 0.6989 0.0469
vn 0.5374 0.8390 -0.0851
vn 0.3105 0.9427 0.1219
vn -0.7947 -0.0658 -0.6034
vn -0.9011 -0.1528 -0.4059
vn -0.0866 0.1370 0.9868
vn -0.4313 -0.1823 0.8836
vn 0.4583 0.8810 -0.1175
vn 0.4200 0.8431 -0.3358
vn 0.2918 0.0760 -0.9535
vn 0.2368 0.0009 -0.9716
vn 0.3806 -0.2724 -0.8837
vn -0.7088 -0.7016 0.0730
vn -0.2373 -0.6990 0.6746
vn -0.6717 -0.3825 0.6345
vn 0.6968 0.1623 0.6987
vn 0.9760 -0.2175 0.0060
vn 0.9321 -0.3416 0.1202
vn -0.9213 -0.3514 -0.1664
vn -0.8104 -0.4022 -0.4261
vn -0.5614 0.3214 -0.7626
vn -0.8069 0.5886 -0.0486
vn -0.3354 0.2982 -0.8936
vn 0.4891 0.3387 -0.8038
vn -0.4469 0.7788 -0.4401
vn -0.3359 0.8530 -0.3995
vn 0.5669 -0.0877 -0.8191
vn 0.4329 0.3191 -0.8431
vn -0.3579 0.8031 -0.4764
vn 0.9073 0.1030 0.4076
vn 0.3948 0.7819 -0.4824
vn 0.0393 -0.0164 0.9991
vn -0.1958 -0.9779 0.0739
vn -0.0038 -0.9993 -0.0366
vn 0.2570 -0.9659 0.0312
vn -0.3012 0.3747 -0.8769
vn -0.3157 0.5254 -0.7901
vn -0.3397 0.5328 -0.7751
vn -0.1504 -0.9788 0.1388
vn -0.1216 -0.9869 0.1056
vn -0.0603 -0.9891 0.1346
vn -0.6609 -0.7485 0.0554
vn -0.6589 -0.7501 0.0571
vn 0.0376 -0.0233 0.9990
vn 0.9764 0.1868 -0.1086
vn 0.2051 0.2166 -0.9545
vn 0.1927 0.2084 -0.9589
vn 0.1446 0.1545 -0.9773
vn -0.9607 0.2251 -0.1628
vn -0.9482 0.2857 -0.1389
vn 0.8756 0.3022 -0.3769
vn -0.0342 0.2772 -0.9602
vn 0.2612 -0.9621 -0.0780
vn -0.3169 -0.7043 -0.6353
vn -0.5650 -0.8250 -0.0065
vn -0.4089 -0.8979 0.1632
vn -0.3860 -0.9040 0.1840
vn 0.2702 -0.9281 0.2563
vn 0.2827 -0.9505 0.1291
vn -0.0040 -0.0059 1.0000
vn 0.1288 0.9916 -0.0112
vn -0.0000 0.9996 0.0278
vn -0.7483 0.4095 0.5219
vn 0.9876 -0.1355 0.0791
vn 0.9449 -0.3194 0.0715
vn -0.6794 0.4232 0.5995
vn -0.9997 -0.0227 0.0023
vn -0.9963 0.0195 -0.0834
vn 0.5347 -0.7232 -0.4371
vn 0.5879 -0.6979 -0.4091
vn 0.9441 -0.3186 0.0849
vn -0.0113 0.0247 0.9996
vn 0.0388 -0.0356 -0.9986
vn 0.4294 0.9031 0.0004
vn 0.8610 0.5086 0.0004
vn 0.9635 -0.2073 0.1691
vn -0.6540 0.4151 0.6324
vn 0.5615 0.2703 0.7821
vn 0.5714 0.3077 0.7608
vn 0.3742 -0.8377 -0.3979
vn 0.0614 0.0166 -0.9980
vn -0.8037 0.2387 -0.5451
vn -0.3270 -0.2453 0.9126
vn -0.2936 -0.1977 0.9353
vn -0.1095 0.3539 0.9288
vn 0.2149 -0.9413 -0.2603
vn -0.8314 -0.5462 -0.1022
vn 0.9924 0.1220 0.0179
vn -0.3843 0.9207 -0.0685
vn -0.5776 0.8163 -0.0091
vn 0.9947 -0.1029 0.0025
vn 0.1951 0.2983 0.9343
vn 0.2285 0.2960 0.9275
vn -0.9467 -0.2750 0.1679
vn 0.3901 -0.9208 0.0001
vn 0.1940 -0.9806 0.0263
vn 0.3941 0.5642 0.7256
vn 0.1747 0.5277 0.8313
vn 0.6961 0.6547 0.2947
vn -0.2960 -0.3080 -0.9042
vn -0.6110 -0.7867 -0.0885
vn 0.2460 0.6804 0.6903
vn -0.8756 -0.4815 0.0381
vn -0.8387 -0.5442 -0.0224
vn -0.6414 -0.7523 -0.1502
vn -0.6224 -0.7735 -0.1198
vn -0.0031 -0.0032 -1.0000
vn 0.6835 -0.7300 -0.0000
vn 0.9656 -0.2588 0.0268
vn -0.2622 0.9011 -0.3454
vn -0.1537 0.9374 -0.3126
vn -0.1292 0.9275 -0.3507
vn -0.9481 -0.2734 0.1624
vn -0.6429 -0.7217 0.2567
vn -0.0716 0.7504 0.6571
vn 0.0840 0.7806 0.6193
vn 0.0786 0.7742 0.6281
vn 0.0056 0.8815 -0.4722
vn -0.7306 -0.6656 0.1525
vn -0.7217 -0.5923 0.3581
vn -0.5326 -0.8132 0.2345
vn 0.3071 -0.5227 0.7953
vn 0.3173 -0.5506 0.7721
vn 0.1876 -0.7052 0.6838
vn 0.0008 0.0002 1.0000
vn 0.0024 -0.0011 -1.0000
vn 0.5917 -0.7958 -0.1289
vn 0.9976 0.0684 0.0053
vn -0.0227 0.7316 0.6813
vn -0.5594 -0.5901 0.5822
vn -0.5560 -0.2510 -0.7924
vn -0.2304 -0.0368 0.9724
vn 0.9950 -0.0996 -0.0022
vn 0.9840 0.1752 0.0329
vn -0.4227 0.9061 -0.0187
vn -0.9119 -0.1070 -0.3962
vn 0.2813 0.9045 -0.3206
vn -0.2216 0.1974 -0.9549
vn -0.9075 -0.0956 -0.4090
vn 0.6503 0.5737 -0.4979
vn -0.0762 -0.0443 -0.9961
vn -0.2332 -0.9584 -0.1644
vn 0.4805 -0.3095 -0.8205
vn 0.4732 -0.2895 -0.8321
vn 0.0210 0.0170 0.9996
vn -0.3474 -0.9348 -0.0733
vn 0.3237 0.9458 -0.0260
vn 0.3377 0.9403 -0.0415
vn 0.9136 -0.3391 -0.2246
vn 0.0241 0.0195 0.9995
vn 0.5806 -0.7991 -0.1562
vn -0.4441 -0.8959 -0.0136
vn -0.0046 -0.0037 -1.0000
vn -0.1175 -0.0348 -0.9925
vn -0.1548 0.9363 0.3151
vn 0.6118 0.7250 0.3164
vn 0.7544 0.6285 0.1893
vn 0.7307 -0.4740 0.4913
vn 0.7718 -0.4218 0.4758
vn -0.7911 -0.3510 0.5010
vn -0.6415 0.1287 0.7563
vn -0.5159 -0.2350 0.8238
vn -0.3833 -0.2869 0.8779
vn 0.6281 -0.0132 0.7780
vn 0.6630 0.7178 0.2128
vn 0.6615 0.7199 0.2101
vn 0.6621 0.7191 0.2107
vn -0.5421 -0.1407 0.8284
vn -0.4538 -0.8230 -0.3417
vn -0.8572 -0.2676 0.4401
vn -0.6215 -0.2453 0.7440
vn -0.0025 -0.0057 -1.0000
vn -0.0093 -1.0000 0.0006
vn -0.0073 -1.0000 -0.0001
vn -0.0106 -0.9999 0.0011
vn -0.0039 -1.0000 -0.0013
vn 0.9959 0.0903 -0.0000
vn -0.2607 -0.9591 -0.1104
vn -0.1783 0.9426 0.2825
vn 0.8032 0.2042 -0.5596
vn 0.7926 0.2604 -0.5513
vn 0.8385 0.2030 -0.5057
vn -0.9706 -0.2387 -0.0324
vn -0.6440 -0.7650 -0.0000
vn -0.6885 0.7236 -0.0477
vn -0.4206 0.1049 -0.9012
vn -0.2409 -0.3828 -0.8919
vn 0.2535 -0.5719 0.7801
vn 0.1890 -0.6786 0.7098
vn 0.6293 -0.7772 0.0053
vn 0.9438 0.3304 -0.0081
vn 0.7837 -0.3852 -0.4872
vn 0.7046 -0.3857 -0.5956
vn 0.8543 0.5196 0.0138
vn 0.7680 0.1613 0.6199
vn 0.2970 0.2396 0.9243
vn 0.6955 -0.7185 0.0012
vn 0.1031 0.1941 -0.9756
vn -0.5209 -0.8533 0.0213
vn -0.9813 -0.1809 0.0655
vn -0.0031 1.0000 -0.0000
vn 0.4099 0.8978 -0.1614
vn 0.8276 -0.5611 -0.0184
vn 0.0932 -0.9645 0.2469
vn 0.8242 -0.5661 -0.0143
vn -0.0059 0.0116 0.9999
vn 0.4009 0.9048 -0.1438
vn -0.3988 0.9163 0.0358
vn -0.3187 0.9459 0.0613
vn 0.1193 -0.9922 0.0360
vn -0.0468 0.5515 0.8329
vn -0.0461 0.5481 0.8352
vn -0.1597 -0.9394 0.3035
vn -0.1254 -0.9012 0.4149
vn 0.0069 -0.0617 0.9981
vn 0.0039 0.0030 -1.0000
vn 0.9403 0.3403 0.0089
vn 0.9980 -0.0639 -0.0000
vn -0.3551 0.4461 0.8215
vn 0.8823 0.4545 -0.1224
vn -0.1647 0.5038 0.8480
vn -0.3354 0.4952 0.8014
vn 0.0957 -0.1123 -0.9891
vn 0.5132 -0.8583 -0.0024
vn -0.8515 0.5237 -0.0266
vn 0.9687 0.2484 0.0010
vn 0.9123 0.4064 -0.0508
vn -0.9504 0.0298 -0.3095
vn -0.7375 0.5005 -0.4534
vn -0.9844 0.1717 0.0386
vn 0.0081 -0.0296 0.9995
vn -0.0227 -0.0036 -0.9997
vn 0.0241 -0.9993 0.0284
vn -0.4178 0.9039 0.0924
vn 0.1757 0.5257 0.8323
vn -0.0245 0.0271 0.9993
vn -0.7786 0.3608 0.5135
vn -0.7801 0.3761 0.4999
vn -0.8109 0.5151 0.2776
vn -0.0064 0.0307 0.9995
vn 0.0297 0.0503 -0.9983
vn 0.7072 -0.7035 -0.0699
vn 0.6554 -0.7528 0.0610
vn -0.0989 0.9616 -0.2561
vn 0.5970 -0.7711 -0.2216
vn 0.5971 -0.7701 -0.2246
vn -0.0813 0.9649 -0.2498
vn 0.0021 -0.9572 -0.2894
vn -0.0033 -0.9546 -0.2977
vn -0.2016 -0.8646 -0.4602
vn -0.0082 0.0003 1.0000
vn 0.9047 -0.4182 -0.0812
vn -0.7116 -0.3574 -0.6049
vn -0.8098 -0.2564 -0.5278
vn -0.0130 0.1012 0.9948
vn 0.2460 0.9672 0.0639
vn 0.5450 0.8383 -0.0129
vn -0.5695 -0.7990 -0.1933
vn 0.8024 -0.5956 0.0383
vn -0.5744 -0.7914 -0.2093
vn -0.5599 0.8286 -0.0000
vn 0.5639 0.8257 -0.0162
vn 0.8040 -0.5866 -0.0975
vn 0.8416 -0.5072 -0.1856
vn 0.0379 0.5188 -0.8540
vn -0.1243 -0.0396 0.9915
vn -0.8938 -0.4485 -0.0000
vn -0.2765 -0.6950 0.6637
vn -0.0134 -0.7630 0.6462
vn -0.3898 -0.8269 -0.4053
vn 0.5638 -0.8124 -0.1484
vn -0.0595 0.0161 -0.9981
vn -0.3072 0.9515 0.0160
vn 0.3260 0.9429 0.0677
vn -0.8270 -0.5597 0.0532
vn 0.0314 0.0179 0.9993
vn 0.4180 -0.8520 -0.3153
vn 0.8572 0.4587 -0.2341
vn 0.6534 0.7570 0.0063
vn -0.0143 0.0319 0.9994
vn 0.0507 0.0084 -0.9987
vn -0.9985 -0.0550 -0.0000
vn -0.8917 0.4525 -0.0071
vn -0.8123 0.1325 -0.5679
vn -0.3821 -0.8587 0.3415
vn 0.3297 0.4020 0.8542
vn 0.4209 0.4204 0.8038
vn -0.0154 0.2342 -0.9721
vn 0.4621 -0.8866 0.0214
vn -0.7210 0.6768 0.1487
vn -0.6680 0.7162 0.2019
vn -0.6454 -0.7203 0.2541
vn 0.3362 -0.9133 0.2299
vn 0.0360 -0.0003 -0.9994
vn 0.9588 0.2831 -0.0217
vn -0.5316 -0.8084 0.2527
vn -0.1500 -0.7930 -0.5904
vn -0.0817 -0.7507 -0.6556
vn -0.6622 -0.7387 -0.1260
vn -0.1125 -0.7657 -0.6333
vn -0.8792 -0.3162 -0.3563
vn -0.2045 0.9729 -0.1075
vn -0.2118 0.9700 -0.1190
vn 0.0245 -0.0379 0.9990
vn 0.9974 -0.0463 -0.0560
vn 0.6559 -0.7549 -0.0000
vn -0.9744 0.0017 0.2249
vn -0.9592 -0.2015 0.1981
vn -0.6656 0.5682 -0.4839
vn -0.4609 0.8092 -0.3643
vn 0.7640 -0.6453 0.0012
vn 0.7836 -0.6212 0.0089
vn 0.2908 0.9564 0.0274
vn 0.4194 0.4980 0.7590
vn 0.4493 0.4962 0.7429
vn 0.3054 -0.9522 -0.0044
vn 0.2830 -0.8329 -0.4756
vn 0.0017 -0.0539 -0.9985
vn -0.3180 -0.9480 -0.0152
vn -0.3573 -0.9338 0.0189
vn -0.4956 -0.4773 0.7256
vn -0.5870 -0.7106 0.3879
vn -0.0279 0.0079 -0.9996
vn -0.5988 0.8009 -0.0039
vn -0.8404 0.5411 -0.0295
vn -0.6544 -0.7538 0.0592
vn 0.7470 -0.0034 0.6648
vn -0.3186 0.0271 0.9475
vn -0.5695 -0.0599 0.8198
vn 0.8517 -0.5225 0.0410
vn -0.0424 0.0486 -0.9979
vn 0.1374 0.9905 -0.0011
vn 0.5514 0.8339 0.0241
vn 0.2589 0.7871 -0.5598
vn 0.2500 -0.2048 -0.9463
vn -0.8875 -0.4364 -0.1478
vn -0.8825 -0.4437 -0.1558
vn 0.2416 -0.1367 -0.9607
vn -0.1317 -0.3292 -0.9350
vn -0.5453 -0.6202 -0.5639
vn -0.0022 0.0124 0.9999
vn -0.2982 0.9545 -0.0001
vn 0.6680 -0.7256 0.1650
vn 0.5602 -0.8205 0.1143
vn 0.6741 -0.3327 -0.6595
vn -0.6961 0.7147 0.0683
vn 0.3969 0.2761 -0.8754
vn -0.3351 0.7897 -0.5138
vn -0.1248 0.8346 -0.5366
vn 0.0299 -0.0434 0.9986
vn -0.0111 -0.9997 0.0207
vn -0.0362 -0.9993 -0.0000
vn -0.9830 -0.1094 -0.1478
vn 0.3089 -0.1655 -0.9366
vn -0.9834 -0.1141 -0.1414
vn -0.7657 0.6431 0.0004
vn -0.7762 0.6305 0.0025
vn 0.8550 0.5086 0.1016
vn 0.7652 0.6412 0.0578
vn -0.0183 -0.9986 -0.0497
vn -0.2784 -0.9589 0.0541
vn -0.2867 -0.9539 0.0889
vn -0.5511 0.2926 0.7814
vn -0.9384 0.3165 -0.1390
vn -0.5191 0.2627 0.8133
vn -0.9642 0.2191 -0.1495
vn 0.1001 0.8999 -0.4245
vn 0.1182 0.9582 -0.2605
vn 0.0937 -0.0500 0.9943
vn 0.9729 -0.2313 -0.0034
vn -0.0993 -0.6223 -0.7764
vn -0.0744 -0.6485 -0.7576
vn -0.0296 0.7710 -0.6361
vn 0.0378 0.7850 -0.6184
vn 0.0544 0.9196 0.3890
vn 0.6155 -0.2001 0.7623
vn 0.5374 -0.3846 0.7505
vn 0.5960 -0.5877 0.5472
vn 0.0300 -0.9455 -0.3243
vn 0.3066 -0.8680 0.3906
vn 0.8172 0.3679 -0.4436
vn -0.0949 -0.6496 -0.7543
vn -0.4866 0.7460 -0.4547
vn -0.2995 0.9102 -0.2861
vn -0.4997 0.8337 -0.2352
vn -0.8530 -0.5156 0.0809
vn -0.7168 -0.6876 -0.1158
vn -0.6157 -0.7777 -0.1271
vn -0.0265 -0.0051 0.9996
vn 0.0054 -0.0196 -0.9998
vn 0.9960 -0.0895 -0.0078
vn 0.9909 0.1264 -0.0465
vn 0.5369 -0.8025 -0.2601
vn -0.6790 0.5194 0.5188
vn -0.3444 -0.5577 0.7552
vn 0.4447 -0.8957 -0.0065
vn 0.5753 0.8179 -0.0065
vn 0.9994 -0.0153 -0.0314
vn -0.1092 0.9929 0.0474
vn -0.1812 0.9834 0.0114
vn -0.1757 0.9815 0.0759
vn 0.4165 -0.9091 0.0026
vn 0.9993 -0.0047 -0.0367
vn 0.3925 -0.9195 0.0211
vn -0.0034 -0.0019 1.0000
vn -0.0030 0.0079 -1.0000
vn 0.3088 0.9511 -0.0000
vn 0.7840 -0.2984 -0.5443
vn 0.5333 -0.5695 -0.6255
vn 0.5612 -0.5721 -0.5982
vn -0.9930 0.0642 -0.0996
vn 0.6583 -0.4453 -0.6069
vn 0.6101 0.6951 -0.3802
vn 0.4796 0.8052 -0.3488
vn -0.0309 -0.0041 0.9995
vn 0.9988 -0.0448 0.0189
vn -0.9141 0.4006 -0.0630
vn 0.1303 0.0441 0.9905
vn 0.7413 -0.2055 0.6389
vn 0.4404 -0.8642 0.2432
vn -0.8524 0.0313 0.5220
vn -0.6898 0.2198 0.6898
vn -0.6573 0.3641 0.6598
vn 0.4070 -0.9110 0.0663
vn -0.7149 -0.6256 -0.3123
vn 0.0484 0.1541 -0.9869
vn 0.1222 0.9925 -0.0047
vn -0.1789 -0.0538 -0.9824
vn 0.0646 -0.5310 -0.8449
vn -0.3081 -0.5582 -0.7704
vn -0.6209 -0.7714 0.1394
vn -0.5821 -0.8078 0.0927
vn -0.5618 -0.8244 0.0694
vn -0.9850 0.0764 0.1547
vn -0.2623 0.5104 -0.8190
vn -0.3145 0.5828 -0.7493
vn 0.5405 0.2254 -0.8106
vn 0.9813 -0.0576 -0.1836
vn -0.0243 0.0266 0.9994
vn -0.4952 -0.8688 -0.0027
vn 0.2133 0.8572 0.4688
vn 0.7334 -0.6676 -0.1282
vn 0.7132 -0.6986 -0.0579
vn 0.6144 -0.7881 -0.0377
vn 0.8716 0.4751 0.1211
vn 0.2941 0.7291 -0.6180
vn -0.7680 -0.6342 0.0895
vn -0.2233 -0.2856 -0.9320
vn 0.2794 0.8097 -0.5161
vn 0.0618 0.0428 0.9972
vn -0.9967 0.0514 -0.0621
vn -0.7712 0.6353 -0.0407
vn -0.5586 -0.7777 -0.2886
vn 0.4995 0.8252 0.2636
vn 0.3247 0.8670 0.3780
vn 0.6440 -0.7522 0.1393
vn 0.7403 -0.6683 0.0727
vn -0.0780 0.4967 0.8644
vn -0.0297 0.4903 0.8711
vn -0.3640 -0.9156 0.1711
vn 0.7546 0.3346 0.5645
vn 0.7319 0.5337 0.4236
vn 0.7079 0.5451 0.4492
vn -0.3546 -0.9266 0.1251
vn -0.3640 -0.9120 0.1890
vn -0.0033 0.0077 1.0000
vn -0.0269 -0.0036 -0.9996
vn -0.9537 0.2994 0.0292
vn -0.4232 0.8416 -0.3355
vn 0.8736 0.4768 0.0976
vn 0.8903 0.4391 0.1208
vn 0.1987 -0.9771 0.0757
vn -0.5814 -0.5229 0.6233
vn -0.5899 -0.5539 0.5876
vn -0.5940 -0.5475 0.5894
vn 0.7985 0.5218 0.3004
vn 0.7983 0.5185 0.3065
vn 0.8144 0.4923 0.3072
vn -0.0040 -0.0036 -1.0000
vn -0.6845 0.7290 -0.0002
vn 0.3630 0.9246 -0.1159
vn 0.0267 -0.4327 0.9011
vn 0.0347 -0.4199 0.9069
vn 0.0397 -0.4207 0.9063
vn 0.0446 -0.4183 0.9072
vn -0.7238 -0.6386 -0.2615
vn -0.0008 0.0213 -0.9998
vn -0.2594 0.9658 0.0003
vn -0.9574 0.2887 0.0001
vn 0.2406 0.4498 -0.8601
vn 0.0998 0.4749 0.8744
vn -0.6383 0.7698 -0.0000
vn -0.3469 -0.9303 0.1194
vn -0.4370 -0.7822 0.4441
vn -0.5639 -0.7641 0.3134
vn -0.0295 0.0343 -0.9990
vn -0.9761 0.2175 0.0018
vn 0.9784 -0.2041 0.0330
vn 0.5572 0.8302 -0.0163
vn 0.0718 0.9974 -0.0000
vn 0.2604 0.8463 0.4647
vn 0.1522 -0.8763 0.4570
vn 0.6536 -0.7269 0.2105
vn -0.0129 0.0009 -0.9999
vn -0.1979 0.7301 0.6541
vn 0.3337 -0.0992 0.9374
vn 0.2804 -0.3202 0.9049
vn -0.0334 -0.1114 -0.9932
vn -0.9616 -0.2744 0.0046
vn -0.5339 -0.8165 -0.2197
vn -0.9497 -0.3104 0.0410
vn -0.2364 -0.0534 0.9702
vn 0.2482 0.0789 -0.9655
vn 0.9108 -0.4127 -0.0137
vn -0.6744 0.7345 0.0756
vn -0.7713 -0.6316 0.0783
vn -0.7770 -0.6246 0.0786
vn -0.7050 0.7072 0.0541
vn -0.6808 0.7288 0.0729
vn 0.6756 0.6965 0.2419
vn 0.6585 0.7221 0.2121
vn 0.9977 0.0644 0.0223
vn 0.8565 0.4465 0.2590
vn -0.8359 0.5425 -0.0837
vn -0.9324 0.3613 0.0048
vn 0.0187 -0.9930 0.1163
vn 0.0387 -0.9919 0.1206
vn 0.0316 -0.9922 0.1203
vn -0.8956 0.4429 0.0428
vn 0.7040 0.6632 0.2542
vn 0.6947 0.6775 0.2417
vn 0.8896 0.3603 0.2808
vn 0.4162 -0.4931 0.7639
vn 0.3882 -0.4822 0.7854
vn 0.0035 -0.0026 -1.0000
vn -0.9789 0.2032 0.0213
vn -0.0979 -0.6978 -0.7095
vn -0.3193 -0.1831 -0.9298
vn -0.0778 -0.7771 -0.6246
vn -0.0938 -0.7762 -0.6235
vn -0.5154 0.1470 0.8442
vn -0.5096 0.0504 0.8589
vn -0.6798 0.7332 0.0132
vn 0.9973 -0.0731 0.0021
vn 0.9998 0.0082 -0.0178
vn -0.4339 -0.9008 -0.0184
vn -0.6552 0.4524 0.6051
vn -0.6132 0.5169 0.5974
vn -0.5405 0.6017 0.5881
vn -0.5907 0.5657 0.5754
vn 0.3142 0.9382 -0.1450
vn 0.1053 -0.0052 0.9944
vn -0.0314 -0.0105 -0.9995
vn 0.9982 -0.0593 -0.0011
vn 0.9995 -0.0176 -0.0247
vn 0.3344 0.4342 -0.8364
vn -0.2790 0.3272 -0.9028
vn -0.1433 0.3899 -0.9096
vn 0.1011 0.0745 0.9921
vn 0.5031 -0.8642 -0.0000
vn 0.0795 -0.9931 0.0865
vn -0.8064 -0.2250 0.5469
vn -0.3642 0.8268 0.4287
vn -0.3215 0.8779 0.3549
vn -0.0955 0.9706 -0.2211
vn -0.0059 0.9571 -0.2898
vn 0.7759 -0.6302 -0.0287
vn 0.7624 -0.6433 -0.0693
vn 0.8245 0.5372 0.1776
vn 0.8257 0.5329 0.1849
vn 0.0058 -0.0086 0.9999
vn -0.0150 -0.0374 -0.9992
vn -0.6113 -0.7914 0.0012
vn -0.5841 0.8111 -0.0295
vn -0.7605 0.6416 -0.1001
vn 0.1402 0.9267 -0.3486
vn 0.1496 0.9307 -0.3338
vn -0.0147 -0.4798 -0.8773
vn -0.9768 -0.2084 -0.0489
vn 0.0034 -0.4689 -0.8832
vn -0.8633 -0.5039 -0.0272
vn -0.9971 -0.0759 0.0031
vn 0.1879 -0.6419 0.7434
vn -0.0158 -0.4780 -0.8782
vn 0.1795 -0.6718 0.7187
vn 0.1082 -0.7001 0.7058
vn 0.0154 0.0027 0.9999
vn 0.0049 -0.0204 -0.9998
vn 0.9970 -0.0760 0.0168
vn -0.5345 0.5292 -0.6590
vn -0.6389 0.1499 -0.7545
vn -0.7468 -0.6650 0.0061
vn 0.0529 0.3758 0.9252
vn 0.2285 0.3522 0.9076
vn 0.1790 0.3178 0.9311
vn 0.5757 0.8177 0.0053
vn -0.0609 -0.4003 -0.9143
vn 0.2464 -0.9448 -0.2159
vn 0.5611 -0.3764 -0.7372
vn 0.2572 -0.9559 -0.1418
vn 0.2920 -0.9497 -0.1134
vn -0.9052 -0.4148 -0.0925
vn 0.2358 -0.9718 -0.0004
vn 0.0159 -0.0225 0.9996
vn 0.0502 0.1383 -0.9891
vn 0.2566 -0.9665 -0.0000
vn 0.8801 -0.4527 0.1433
vn 0.9402 0.0052 0.3405
vn 0.9284 0.0531 0.3678
vn -0.6574 0.5984 0.4580
vn 0.0004 -0.0011 -1.0000
vn -0.6225 -0.7754 0.1058
vn -0.9866 0.1633 -0.0000
vn -0.0085 0.3078 -0.9514
vn -0.0493 0.3433 -0.9379
vn 0.9680 0.0163 -0.2506
vn -0.0025 -0.0007 1.0000
vn -0.0067 -1.0000 -0.0000
vn -0.6010 -0.7993 -0.0000
vn -0.0188 -0.1010 0.9947
vn -0.0730 -0.1095 0.9913
vn -0.0355 -0.0956 0.9948
vn -0.0171 0.0155 -0.9997
vn -0.6456 0.7632 -0.0267
vn -0.9192 0.3939 0.0002
vn -0.3231 0.9440 0.0673
vn 0.2110 0.9347 -0.2862
vn -0.3715 -0.0769 0.9252
vn 0.0160 0.0030 -0.9999
vn 0.2173 0.7255 0.6530
vn -0.0695 0.8570 -0.5106
vn 0.6107 -0.7417 0.2774
vn 0.8838 -0.4673 -0.0236
vn 0.9901 -0.1391 -0.0175
vn 0.9965 0.0642 0.0526
vn -0.4002 -0.0699 0.9138
vn 0.3930 -0.3806 -0.8370
vn 0.0769 -0.0079 0.9970
vn 0.9622 -0.0214 0.2715
vn -0.7328 -0.6659 0.1400
vn -0.2834 0.1015 -0.9536
vn -0.2597 0.0681 -0.9633
vn 0.1201 0.1965 -0.9731
vn -0.7634 -0.5191 0.3844
vn 0.5151 -0.8570 -0.0161
vn 0.2174 -0.9105 0.3519
vn -0.0563 0.0213 0.9982
vn 0.0029 -0.0096 -1.0000
vn 0.5745 0.8165 0.0566
vn 0.9772 0.2065 -0.0485
vn -0.8776 -0.4761 -0.0556
vn -0.9873 -0.1507 -0.0507
vn -0.8512 0.5248 -0.0000
vn -0.6532 -0.5241 0.5465
vn 0.8975 -0.2917 -0.3307
vn 0.8928 0.0480 0.4478
vn 0.2469 0.1233 -0.9612
vn -0.8275 0.5517 0.1048
vn -0.6699 0.4614 0.5817
vn -0.8354 -0.0690 -0.5453
vn -0.7731 0.1693 -0.6113
vn 0.5037 0.2601 -0.8238
vn 0.4922 0.2329 -0.8388
vn 0.0092 -0.0516 0.9986
vn 0.0364 -0.9980 -0.0507
vn 0.4537 -0.8907 0.0297
vn -0.4531 -0.1136 -0.8842
vn -0.1345 -0.3319 0.9337
vn -0.1640 -0.4227 0.8913
vn 0.4777 0.8753 0.0759
vn 0.7687 0.6395 -0.0110
vn -0.9145 0.3992 0.0656
vn -0.8909 0.4436 0.0972
vn -0.9224 -0.3497 -0.1642
vn -0.2248 -0.3070 -0.9248
vn -0.8330 0.5532 0.0130
vn -0.8235 0.5671 0.0130
vn 0.9348 0.3551 -0.0014
vn -0.4115 0.9071 -0.0878
vn -0.4194 0.9046 -0.0766
vn 0.9313 0.3640 -0.0150
vn -0.0006 -0.0007 1.0000
vn 0.0058 -0.0023 -1.0000
vn 0.1822 -0.9833 0.0001
vn -0.7026 -0.6612 0.2628
vn 0.2465 -0.6957 -0.6747
vn 0.2461 -0.6325 -0.7344
vn 0.1983 -0.6624 -0.7224
vn 0.5371 0.6248 -0.5668
vn 0.1924 0.7826 -0.5921
vn 0.0042 0.0136 0.9999
vn -0.8830 0.4694 0.0018
vn -0.9941 0.1052 -0.0268
vn -0.6015 0.7988 -0.0090
vn 0.1290 -0.7165 0.6856
vn -0.2794 -0.7735 -0.5690
vn 0.7176 -0.6899 0.0953
vn 0.9860 -0.1464 -0.0794
vn 0.6588 0.7520 -0.0192
vn -0.9205 0.3428 0.1875
vn -0.5796 -0.6253 0.5225
vn -0.6444 -0.3730 0.6675
vn 0.0513 -0.9938 0.0983
vn 0.6809 -0.5251 0.5106
vn 0.7173 -0.3416 0.6072
vn 0.6700 -0.3809 0.6372
vn 0.6824 -0.5227 0.5110
vn 0.0046 -0.0305 -0.9995
vn 0.1888 0.9812 0.0391
vn -0.0043 -0.0063 -1.0000
vn -0.2631 0.2383 0.9349
vn 0.5411 0.7680 0.3425
vn 0.0520 -0.9503 0.3070
vn -0.4022 -0.0787 0.9122
vn 0.9285 0.1099 0.3548
vn 0.9239 0.1155 0.3647
vn -0.0699 0.9089 0.4111
vn 0.8538 0.5118 0.0949
vn 0.8624 0.4964 0.0997
vn 0.7726 -0.0697 0.6310
vn -0.3286 0.1385 0.9342
vn 0.1787 0.9804 0.0829
vn -0.9998 0.0197 -0.0000
vn 0.4018 -0.0497 -0.9144
vn 0.5680 0.1090 -0.8158
vn -0.8620 0.1161 -0.4934
vn 0.5278 0.8277 -0.1909
vn 0.0031 -0.0517 0.9987
vn -0.4747 -0.8619 0.1786
vn 0.9881 0.0890 -0.1255
vn -0.1834 0.0360 0.9824
vn 0.0686 0.9840 0.1644
vn -0.1226 0.8670 0.4830
vn -0.3006 -0.0115 0.9537
vn -0.9393 0.1434 0.3117
vn -0.0708 -0.0419 -0.9966
vn 0.1075 -0.9942 -0.0000
vn 0.0665 -0.9978 -0.0000
vn 0.1869 0.8149 0.5486
vn -0.8742 0.3251 0.3606
vn 0.9479 0.0633 0.3122
vn 0.0516 0.7147 0.6975
vn 0.0135 -0.0975 -0.9951
vn -0.6929 -0.7208 0.0176
vn -0.8424 -0.5389 -0.0013
vn -0.8055 0.5921 0.0228
vn -0.8456 0.5338 0.0037
vn -0.9402 0.3049 -0.1517
vn -0.6065 -0.7417 -0.2866
vn -0.7750 0.6319 -0.0111
vn -0.7585 0.6517 0.0023
vn 0.6271 -0.3109 -0.7142
vn 0.5847 0.8107 0.0296
vn 0.4139 0.0766 -0.9071
vn 0.5850 0.8104 0.0303
vn 0.3818 0.0711 -0.9215
vn 0.0125 0.0064 0.9999
vn 0.9874 -0.1565 0.0241
vn 0.9548 0.2971 -0.0099
vn -0.5645 -0.7392 -0.3673
vn -0.8587 -0.3907 0.3316
vn -0.9540 -0.2134 0.2108
vn -0.2228 0.9717 -0.0786
vn -0.2788 0.9431 0.1810
vn -0.3147 0.8819 0.3509
vn 0.8922 -0.4383 -0.1089
vn -0.3067 0.8680 0.3905
vn 0.8899 -0.4557 -0.0216
vn 0.0126 0.0135 0.9998
vn -0.0030 0.0034 -1.0000
vn -0.3322 -0.9432 -0.0021
vn 0.2722 -0.7054 0.6544
vn 0.6100 -0.6756 0.4140
vn -0.6162 -0.6915 0.3770
vn -0.8337 -0.5488 -0.0606
vn -0.0084 0.0988 -0.9951
vn 0.0126 0.9951 0.0979
vn -0.1116 -0.3508 0.9298
vn 0.0895 -0.4897 0.8673
vn 0.1856 -0.5506 0.8139
vn -0.1439 0.4569 -0.8778
vn -0.0419 0.9219 -0.3851
vn 0.1823 -0.9806 -0.0720
vn 0.1279 -0.9909 -0.0423
vn -0.8908 -0.1104 -0.4407
vn -0.5971 0.1678 -0.7844
vn -0.0377 -0.1160 -0.9925
vn -0.3493 0.9369 -0.0105
vn -0.7643 0.3522 0.5402
vn -0.9234 0.3569 -0.1415
vn -0.9211 0.3891 -0.0120
vn -0.5580 0.5789 0.5945
vn 0.7222 -0.6916 0.0121
vn 0.7287 -0.3662 0.5787
vn 0.6765 -0.3705 0.6364
vn -0.0103 -0.0033 0.9999
vn 0.0217 -0.0033 -0.9998
vn 0.5922 0.8058 -0.0000
vn 0.6732 0.7393 -0.0129
vn 0.3531 0.9326 -0.0739
vn 0.3692 0.9272 -0.0630
vn 0.9956 0.0758 0.0543
vn 0.9780 0.2086 -0.0079
vn 0.7408 -0.6639 0.1021
vn -0.0190 0.0110 0.9998
vn 0.0255 -0.0433 -0.9987
vn -0.9956 0.0910 0.0235
vn 0.1282 -0.2794 -0.9516
vn 0.1434 -0.9894 0.0239
vn 0.2680 -0.5059 0.8199
vn 0.6182 -0.1422 -0.7730
vn -0.8330 0.4295 -0.3489
vn -0.8266 0.3970 -0.3988
vn 0.0154 -0.0225 -0.9996
vn -0.3645 -0.0613 -0.9292
vn 0.0297 0.0364 0.9989
vn 0.9453 0.3255 0.0208
vn 0.9913 -0.0127 -0.1311
vn 0.9116 -0.4098 -0.0316
vn 0.2934 -0.1488 0.9443
vn -0.9247 -0.0354 0.3790
vn 0.8678 -0.4707 0.1591
vn 0.2151 -0.6583 -0.7214
vn 0.1836 0.0297 0.9826
vn 0.5461 0.8377 -0.0042
vn -0.4517 -0.2176 0.8652
vn -0.3750 0.0786 0.9237
vn 0.0553 -0.9984 -0.0098
vn -0.5700 -0.5787 -0.5833
vn 0.7965 -0.2254 0.5611
vn 0.5181 0.8419 0.1506
vn -0.2630 0.9255 0.2726
vn -0.3969 0.1378 0.9075
vn 0.9117 -0.1886 0.3651
vn -0.3915 0.5035 -0.7702
vn -0.3828 0.5969 -0.7051
vn -0.4834 0.7228 -0.4938
vn 0.9608 -0.1350 -0.2422
vn 0.4013 0.8498 0.3419
vn 0.0211 -0.0354 -0.9991
vn 0.1390 -0.9902 -0.0104
vn -0.1692 0.0223 0.9853
vn 0.0280 -0.9994 0.0209
vn -0.2371 -0.9715 -0.0000
vn -0.3623 0.9318 0.0213
vn -0.3544 -0.1354 0.9252
vn -0.3948 -0.2282 0.8900
vn -0.5578 -0.3270 0.7628
vn 0.4728 0.8203 0.3218
vn -0.4511 0.8914 0.0436
vn 0.6481 0.7599 -0.0511
vn 0.6603 0.7480 -0.0670
vn 0.8653 -0.4998 0.0390
vn 0.9002 -0.4293 -0.0737
vn -0.0006 -0.0064 -1.0000
vn -0.3397 -0.9398 0.0379
vn -0.1510 -0.9868 -0.0579
vn 0.0550 -0.9983 0.0211
vn 0.2900 -0.9565 -0.0321
vn -0.9665 -0.2554 0.0241
vn -0.0031 0.8845 -0.4665
vn -0.9672 -0.2539 0.0039
vn 0.0774 -0.2143 -0.9737
vn -0.3316 -0.9424 0.0440
vn 0.0420 -0.2605 -0.9646
vn 0.0152 -0.0033 0.9999
vn 0.8018 0.5976 0.0025
vn -0.3970 -0.8938 0.2087
vn -0.3442 -0.9155 0.2083
vn -0.3753 -0.9013 0.2166
vn 0.4852 0.7201 0.4960
vn 0.6520 0.5290 0.5432
vn -0.1843 0.0379 0.9821
vn -0.0837 0.0460 -0.9954
vn -0.9289 0.3676 0.0442
vn 0.4441 -0.3763 -0.8132
vn -0.0444 0.0376 -0.9983
vn 0.5350 0.8145 0.2245
vn 0.0039 -0.0171 0.9998
vn 0.4189 0.9073 0.0363
vn 0.4231 0.9050 0.0446
vn -0.3831 -0.9232 0.0316
vn -0.3869 -0.9215 0.0340
vn -0.7013 -0.6696 -0.2444
vn -0.6959 -0.6765 -0.2411
vn 0.9404 -0.3400 0.0114
vn 0.4221 -0.8861 -0.1915
vn 0.4767 0.8784 0.0342
vn 0.4083 0.9118 0.0441
vn 0.0143 0.0042 0.9999
vn -0.0363 -0.0074 -0.9993
vn 0.9997 0.0147 -0.0209
vn -0.9489 0.3115 0.0513
vn 0.4399 -0.1498 -0.8855
vn 0.0090 -0.0598 0.9982
vn -0.2233 -0.9747 -0.0138
vn -0.8859 -0.4480 -0.1208
vn 0.3139 0.9282 -0.1996
vn 0.3313 0.9432 0.0239
vn 0.7420 -0.6703 0.0132
vn 0.7607 -0.6480 -0.0372
vn 0.7083 -0.6961 -0.1173
vn -0.2951 0.7150 0.6338
vn -0.2145 0.6722 0.7086
vn -0.0869 0.1949 0.9770
vn 0.7511 -0.6414 0.1562
vn -0.8088 -0.5852 0.0581
vn -0.1438 -0.2031 0.9685
vn -0.7960 -0.5505 0.2518
vn -0.7996 -0.5961 0.0726
vn -0.7666 -0.6311 0.1185
vn -0.0824 -0.0175 -0.9964
vn -0.8807 0.4715 -0.0452
vn 0.0056 0.9990 -0.0449
vn -0.9100 -0.0123 0.4145
vn -0.2576 0.8026 -0.5380
vn 0.3998 -0.9136 -0.0740
vn -0.7591 -0.4732 0.4471
vn 0.0066 -0.6108 -0.7917
vn 0.9669 -0.2552 -0.0000
vn 0.3508 -0.6885 0.6347
vn -0.0679 0.9780 0.1974
vn 0.0816 0.3592 0.9297
vn -0.9293 -0.3497 0.1192
vn -0.7414 -0.1543 0.6531
vn -0.2554 0.2483 0.9344
vn 0.0930 0.3812 0.9198
vn 0.5240 -0.8488 -0.0700
vn 0.0857 -0.2838 0.9551
vn 0.0264 0.0034 -0.9996
vn -0.2556 0.9668 -0.0000
vn -0.2391 0.0231 0.9707
vn -0.2601 0.1418 0.9551
vn -0.3107 0.2436 0.9188
vn -0.5702 -0.2806 0.7721
vn -0.2857 0.2229 0.9320
vn 0.9013 -0.4311 0.0417
vn 0.9271 -0.3735 -0.0319
vn -0.2349 0.6764 0.6981
vn -0.1372 0.9887 0.0607
vn -0.4091 -0.9119 0.0338
vn -0.2528 -0.9658 -0.0576
vn -0.0152 0.0100 -0.9998
vn 0.7406 0.6668 -0.0829
vn -0.6166 -0.7170 0.3252
vn -0.5925 -0.7008 0.3973
vn -0.5249 -0.7798 0.3412
vn 0.2187 0.2003 0.9550
vn 0.9966 0.0810 0.0162
vn 0.8471 -0.5314 -0.0092
vn 0.6287 0.4636 -0.6244
vn -0.6342 0.7164 -0.2910
vn -0.5482 -0.8362 -0.0156
vn -0.6593 -0.7519 -0.0000
vn 0.4323 -0.1961 -0.8801
vn 0.6040 0.0918 0.7917
vn -0.0361 -0.1510 0.9879
vn -0.8335 0.5509 0.0427
vn 0.1365 0.0889 -0.9866
vn 0.9945 -0.1016 -0.0262
vn -0.6562 -0.7470 -0.1068
vn 0.5372 -0.3795 0.7533
vn -0.3161 0.3826 0.8682
vn -0.3151 0.3467 0.8835
vn -0.6002 0.5693 0.5618
vn -0.0465 0.6935 0.7189
vn -0.0275 0.7002 0.7134
vn 0.1676 -0.6062 0.7775
vn 0.9059 -0.1186 0.4066
vn 0.6150 0.5155 0.5968
vn 0.5497 0.5858 0.5955
vn -0.0346 -0.0872 -0.9956
vn -0.4165 -0.8973 -0.1461
vn -0.4076 -0.9101 -0.0751
vn 0.3081 -0.9191 0.2456
vn -0.8071 -0.5790 -0.1155
vn -0.6345 0.3360 0.6960
vn -0.6263 0.3063 0.7169
vn 0.3294 -0.9172 0.2241
vn 0.0109 0.0136 -0.9998
vn 0.9396 0.3423 -0.0019
vn 0.2123 0.9111 0.3533
vn 0.8624 0.5031 -0.0574
vn 0.8661 0.3375 -0.3688
vn 0.2280 -0.2036 -0.9521
vn 0.5815 -0.3093 -0.7525
vn -0.1401 -0.6445 0.7517
vn -0.5090 0.2465 0.8247
vn -0.1826 -0.4746 0.8610
vn -0.7004 0.7136 -0.0130
vn -0.7213 0.6911 -0.0458
vn -0.9850 0.0698 -0.1577
vn -0.8958 -0.1072 0.4313
vn -0.1770 -0.1073 0.9783
vn 0.8555 0.3736 0.3586
vn -0.3298 -0.6758 -0.6592
vn -0.2798 -0.8030 -0.5262
vn -0.3209 -0.8594 -0.3981
vn -0.3006 -0.4093 -0.8615
vn 0.9690 0.1621 -0.1865
vn 0.9126 -0.2569 -0.3181
vn -0.0230 -0.0186 0.9996
vn 0.0314 0.0446 -0.9985
vn -0.0070 0.9989 0.0459
vn -0.9971 0.0679 0.0355
vn -0.9943 0.0690 -0.0816
vn 0.6031 0.3200 0.7307
vn 0.5838 0.3272 0.7430
vn 0.6025 0.3110 0.7351
vn -0.0010 0.0017 1.0000
vn 0.0021 -0.0019 -1.0000
vn -0.4946 -0.8683 -0.0380
vn -0.0033 -0.9996 0.0267
vn -0.2534 -0.1397 -0.9572
vn -0.3027 -0.1786 -0.9362
vn -0.9742 0.2232 -0.0340
vn -0.9775 0.2065 -0.0435
vn -0.3834 -0.1749 -0.9069
vn -0.0171 -0.0197 0.9997
vn 0.9612 0.2754 -0.0146
vn 0.8676 -0.4972 -0.0000
vn -0.8164 0.4720 0.3328
vn -0.8594 -0.5032 -0.0903
vn 0.2418 -0.5759 0.7810
vn -0.9011 0.3997 0.1681
vn -0.5607 0.7105 0.4252
vn -0.5794 0.6838 0.4436
vn 0.3735 -0.5872 0.7181
vn 0.5010 -0.3452 0.7936
vn 0.2589 -0.0671 0.9636
vn -0.1198 0.8319 0.5418
vn -0.0186 0.7837 0.6209
vn 0.6517 -0.2659 0.7103
vn 0.0270 0.0046 -0.9996
vn 0.7707 0.6371 -0.0126
vn 0.0366 0.9616 -0.2720
vn -0.3300 0.3274 -0.8854
vn 0.0343 -0.1503 0.9880
vn 0.8785 -0.3789 0.2909
vn 0.1788 0.9289 -0.3243
vn -0.8095 0.2061 0.5498
vn 0.1356 0.8970 0.4207
vn 0.1477 0.8795 0.4524
vn 0.1147 -0.1052 0.9878
vn 0.8889 0.4549 0.0546
vn 0.2700 -0.9628 0.0136
vn -0.4333 -0.8997 0.0524
vn -0.6600 0.1928 -0.7261
vn 0.0540 0.9983 0.0199
vn -0.0118 0.9878 -0.1551
vn 0.7312 0.0729 -0.6782
vn 0.6714 0.0065 -0.7411
vn -0.0029 -0.0054 1.0000
vn 0.1394 -0.9886 0.0572
vn 0.0571 -0.9981 0.0231
vn -0.3774 -0.9225 0.0807
vn -0.3169 -0.9428 0.1037
vn -0.3562 -0.9293 0.0974
vn -0.3458 -0.9265 -0.1482
vn 0.6178 -0.2866 0.7323
vn 0.6847 -0.2997 0.6643
vn 0.4414 0.0513 0.8958
vn 0.3138 0.3987 0.8617
vn -0.0080 0.0384 -0.9992
vn 0.5547 0.8320 -0.0000
vn 0.5939 0.8036 -0.0386
vn 0.3249 0.5627 -0.7601
vn 0.3866 0.7436 -0.5455
vn -0.7713 -0.6264 -0.1127
vn -0.7821 -0.5622 0.2688
vn 0.1503 0.7893 0.5953
vn 0.0796 0.7192 0.6902
vn 0.1153 -0.9864 -0.1174
vn 0.0867 -0.0612 0.9944
vn -0.2627 -0.8566 -0.4441
vn 0.7899 -0.6055 0.0972
vn -0.4206 -0.9063 -0.0419
vn 0.0914 0.9841 -0.1523
vn 0.9959 0.0904 -0.0000
vn 0.8849 -0.4657 -0.0000
vn 0.0861 0.9840 -0.1557
vn -0.0695 -0.5326 -0.8435
vn 0.0443 -0.5791 -0.8140
vn -0.9856 0.0988 0.1374
vn -0.0561 -0.9627 -0.2647
vn 0.7215 -0.3990 -0.5659
vn 0.0041 0.0129 0.9999
vn 0.3237 0.9461 -0.0077
vn 0.0341 0.9992 -0.0204
vn -0.1306 0.9902 0.0498
vn 0.0209 0.9911 0.1318
vn 0.0684 -0.9823 -0.1743
vn -0.3698 -0.1214 0.9211
vn 0.9487 -0.3160 -0.0128
vn 0.9566 -0.2889 -0.0389
vn -0.0397 0.0042 -0.9992
vn 0.9766 0.1554 -0.1489
vn -0.9664 -0.2475 0.0701
vn 0.6933 -0.5723 -0.4380
vn 0.1187 -0.9727 -0.1995
vn -0.3665 -0.9112 -0.1880
vn -0.6321 -0.7409 -0.2268
vn 0.0495 -0.9693 -0.2409
vn -0.0965 -0.8923 -0.4409
vn -0.0085 0.0001 1.0000
vn -0.5286 0.8489 -0.0000
vn -0.1632 0.9854 0.0487
vn 0.3701 -0.1118 -0.9222
vn -0.9574 0.1043 -0.2691
vn -0.1145 0.9925 -0.0426
vn -0.0577 0.9686 -0.2419
vn 0.3917 -0.0832 -0.9163
vn -0.2026 -0.9601 0.1929
vn -0.2120 -0.9563 0.2015
vn 0.0075 -0.0106 0.9999
vn -0.7007 0.2892 0.6522
vn 0.2925 -0.8022 0.5206
vn -0.7754 0.6199 0.1206
vn -0.3058 0.9518 0.0223
vn -0.7467 0.6652 -0.0038
vn -0.0444 0.0092 -0.9990
vn -0.0842 -0.9964 -0.0000
vn -0.0918 -0.9947 -0.0454
vn -0.9681 0.1488 -0.2018
vn 0.0334 -0.0616 -0.9975
vn 0.4027 0.8973 -0.1807
vn 0.9952 0.0236 0.0947
vn -0.1491 0.3193 -0.9359
vn 0.9964 0.0064 0.0846
vn -0.0051 0.0229 0.9997
vn -0.2145 -0.9767 -0.0000
vn 0.0344 -0.9994 0.0044
vn 0.0308 -0.0743 -0.9968
vn -0.9403 -0.3403 -0.0003
vn -0.9839 0.0248 0.1768
vn -0.6700 0.3961 0.6278
vn -0.5783 0.2508 0.7763
vn -0.0208 0.0246 -0.9995
vn 0.9969 0.0729 0.0298
vn 0.9955 -0.0914 0.0257
vn 0.7756 0.5768 -0.2563
vn -0.4233 0.8960 0.1340
vn 0.4996 -0.0889 -0.8617
vn 0.0249 0.0442 -0.9987
vn 0.3642 0.2375 -0.9005
vn -0.5707 0.8206 -0.0288
vn -0.0021 -0.0577 0.9983
vn 0.0264 -0.9371 -0.3482
vn -0.5448 0.4048 -0.7344
vn -0.5600 0.3378 -0.7566
vn 0.0004 0.0007 1.0000
vn 0.9997 -0.0247 0.0069
vn 0.9549 -0.2945 -0.0386
vn 0.8353 -0.5402 0.1027
vn -0.7714 0.6278 -0.1038
vn -0.0198 -0.9998 -0.0069
vn -0.5144 -0.8575 -0.0035
vn 0.4465 0.4423 0.7778
vn 0.1530 0.9051 -0.3968
vn -0.0428 -0.0710 -0.9966
vn 0.6041 -0.7967 -0.0174
vn -0.5290 0.0439 0.8475
vn -0.6408 0.4938 0.5879
vn -0.8937 -0.4464 -0.0449
vn 0.8860 0.4357 0.1586
vn 0.1415 -0.0636 0.9879
vn 0.0035 -0.0902 0.9959
vn 0.0693 -0.0621 0.9957
vn 0.0521 -0.0705 0.9961
vn 0.8828 0.3470 0.3165
vn -0.0029 -0.0027 -1.0000
vn 0.3975 0.9167 0.0409
vn 0.4458 0.8899 0.0966
vn 0.1167 0.8221 0.5573
vn -0.4961 -0.1033 -0.8621
vn 0.0028 0.0052 1.0000
vn 0.0588 0.0142 -0.9982
vn -0.3407 -0.9369 0.0780
vn -0.6313 -0.7756 -0.0000
vn -0.9579 -0.2857 -0.0281
vn 0.1785 0.8239 0.5379
vn 0.2900 0.9529 -0.0893
vn -0.5953 -0.3216 -0.7363
vn 0.6915 -0.1591 -0.7047
vn 0.7208 0.0165 -0.6929
vn -0.0007 0.0021 1.0000
vn -0.4896 -0.8719 0.0089
vn -0.0912 -0.9958 0.0083
vn -0.5392 0.2135 0.8147
vn -0.2401 0.0279 0.9703
vn 0.0551 0.0011 -0.9985
vn 0.2598 0.9628 0.0736
vn 0.0917 -0.9954 0.0290
vn -0.3154 -0.9438 -0.0991
vn -0.2794 0.7173 -0.6382
vn -0.2793 0.6672 -0.6905
vn -0.2831 0.6681 -0.6881
vn 0.8984 0.0597 0.4352
vn -0.2290 -0.9556 -0.1854
vn 0.2181 -0.9678 -0.1260
vn -0.1775 -0.9841 -0.0014
vn 0.0333 -0.0791 -0.9963
vn -0.4652 -0.2848 0.8381
vn 0.8643 -0.5029 -0.0069
vn 0.8612 -0.5082 0.0027
vn -0.0010 -0.0011 -1.0000
vn -0.2150 0.9766 -0.0114
vn -0.5307 0.8434 0.0838
vn -0.7980 -0.5160 -0.3113
vn -0.1964 0.7385 -0.6450
vn -0.0006 0.0009 1.0000
vn -0.6785 0.7346 0.0075
vn 0.5367 0.8321 0.1399
vn 0.7663 0.5116 -0.3887
vn 0.7598 0.5281 -0.3793
vn 0.0339 0.0705 0.9969
vn -0.8726 -0.4884 -0.0000
vn -0.9968 -0.0730 -0.0316
vn -0.2515 -0.3511 -0.9019
vn 0.6029 0.5350 -0.5918
vn -0.0546 -0.0287 0.9981
vn -0.8900 0.4444 0.1024
vn -0.8926 0.4368 0.1121
vn -0.4328 0.8828 0.1826
vn -0.3745 0.9237 0.0804
vn 0.3711 0.9213 0.1161
vn 0.3413 0.9361 0.0850
vn 0.8363 -0.5451 -0.0580
vn -0.0060 -0.0061 1.0000
vn 0.0002 0.0094 -1.0000
vn -0.3393 -0.9407 -0.0055
vn 0.7693 -0.5447 0.3341
vn 0.6118 -0.3911 -0.6875
vn 0.7063 -0.2966 -0.6427
vn -0.2560 -0.9555 0.1464
vn -0.0693 0.0262 0.9973
vn 0.6752 0.7376 -0.0000
vn -0.6823 0.7193 -0.1310
vn 0.3384 0.9366 -0.0910
vn -0.7394 0.6610 -0.1277
vn -0.9011 -0.4335 -0.0061
vn 0.0576 -0.0508 -0.9970
vn 0.3043 -0.7134 0.6313
vn 0.6431 -0.2386 0.7276
vn 0.0607 -0.0290 -0.9977
vn 0.0044 0.9977 -0.0670
vn 0.9750 0.0737 0.2096
vn 0.7086 -0.3669 0.6027
vn 0.7360 -0.3483 0.5805
vn 0.7367 -0.3468 0.5805
vn -0.0205 0.9934 -0.1125
vn -0.4339 0.2012 0.8782
vn 0.3520 -0.7877 0.5056
vn -0.1128 0.3393 0.9339
vn -0.2291 0.2465 0.9417
vn 0.1288 0.3469 0.9290
vn 0.3890 -0.8623 0.3241
vn 0.3682 -0.7997 0.4742
vn 0.9721 -0.2106 0.1030
vn 0.6599 -0.1981 -0.7248
vn -0.0460 0.0244 -0.9986
vn 0.0667 0.9975 -0.0237
vn 0.1146 0.9934 -0.0000
vn -0.1438 -0.7868 -0.6003
vn -0.2515 -0.9658 -0.0630
vn -0.2402 -0.9696 -0.0465
vn -0.0661 0.7103 -0.7008
vn -0.1163 -0.8436 -0.5242
vn 0.0102 0.0034 0.9999
vn 0.0149 0.0468 -0.9988
vn 0.8631 -0.5050 0.0067
vn -0.5786 0.4182 -0.7002
vn 0.0469 0.0054 -0.9989
vn -0.0873 0.0017 0.9962
vn 0.4934 -0.8698 -0.0000
vn 0.7285 -0.6849 0.0169
vn 0.9504 -0.3046 0.0633
vn -0.9635 0.0996 -0.2485
vn 0.2065 0.9572 -0.2030
vn 0.0152 0.0255 0.9996
vn 0.1715 -0.9852 -0.0000
vn -0.3391 -0.9373 -0.0804
vn 0.6972 0.7166 0.0187
vn -0.9026 -0.4306 -0.0039
vn 0.4094 0.7969 -0.4443
vn -0.7722 0.6348 -0.0278
vn 0.5955 0.5778 -0.5581
vn -0.0012 -0.0001 1.0000
vn -0.4762 -0.8706 0.1237
vn 0.9324 -0.3312 -0.1445
vn 0.2522 0.9563 -0.1481
vn -0.9076 -0.1513 -0.3917
vn -0.2472 0.9620 0.1159
vn 0.4833 0.3684 -0.7942
vn 0.4784 0.1945 -0.8564
vn -0.0186 -0.0349 0.9992
vn 0.8871 0.4424 0.1318
vn -0.3264 -0.6559 -0.6806
vn -0.4058 -0.6737 -0.6177
vn -0.4420 -0.6776 -0.5878
vn -0.0132 -0.0437 0.9990
vn -0.9497 0.3123 0.0229
vn -0.3221 0.9444 -0.0655
vn 0.2470 -0.9112 -0.3296
vn 0.7668 0.5113 0.3881
vn 0.4516 -0.3941 0.8004
vn 0.4750 -0.3953 0.7862
vn -0.7065 -0.7072 -0.0274
vn -0.8872 -0.4601 -0.0352
vn -0.6502 0.7576 0.0579
vn 0.3820 -0.9216 0.0683
vn -0.5737 -0.7930 -0.2052
vn 0.0273 -0.6946 -0.7189
vn 0.0393 -0.7006 -0.7125
vn -0.6395 -0.7676 0.0425
vn -0.5706 -0.6716 -0.4726
vn 0.9957 -0.0730 -0.0573
vn -0.6947 0.4283 -0.5778
vn -0.7027 0.3194 -0.6358
vn -0.0114 0.0812 0.9966
vn -0.0085 0.0333 -0.9994
vn 0.2378 0.9713 -0.0033
vn -0.5782 -0.7778 0.2463
vn 0.0174 -0.7727 0.6345
vn 0.0211 -0.0454 -0.9987
vn -0.2492 0.9645 -0.0875
vn -0.2749 0.9604 -0.0459
vn -0.2768 0.9600 -0.0427
vn -0.3090 0.9510 0.0112
vn -0.1293 0.9896 -0.0628
vn 0.1733 0.9843 0.0331
vn -0.6806 -0.6149 -0.3983
vn -0.5804 -0.5272 -0.6206
vn 0.1737 0.0776 0.9817
vn 0.0527 0.9986 -0.0000
vn -0.6119 0.7910 -0.0000
vn -0.8378 0.5306 0.1284
vn 0.8926 0.4144 -0.1775
vn 0.7421 -0.6635 0.0951
vn 0.7613 -0.6394 0.1076
vn -0.3533 -0.6686 0.6543
vn -0.0000 -0.0053 1.0000
vn -0.3309 -0.6268 0.7055
vn -0.0396 0.0173 -0.9991
vn -0.4691 -0.8832 -0.0000
vn -0.1764 0.0557 0.9827
vn -0.1728 0.0796 0.9817
vn 0.0861 0.1887 -0.9783
vn 0.6436 -0.7384 0.2011
vn 0.4785 -0.8736 -0.0889
vn 0.0511 -0.9929 0.1071
vn 0.0387 0.4561 0.8891
vn 0.0758 -0.8128 -0.5776
vn -0.5166 0.6136 0.5972
vn -0.6626 0.6069 0.4389
vn -0.0521 -0.3213 -0.9455
vn -0.0348 0.1196 -0.9922
vn 0.8793 0.3861 -0.2789
vn 0.9986 -0.0380 -0.0359
vn 0.9954 0.0941 -0.0192
vn -0.5494 -0.8348 0.0371
vn -0.5593 -0.8288 0.0126
vn -0.3908 -0.9069 -0.1574
vn 0.8194 0.5732 0.0090
vn 0.8219 0.5675 -0.0495
vn -0.0090 -0.0049 0.9999
vn -0.6473 0.7623 0.0002
vn -0.9191 0.3939 0.0001
vn -0.3288 0.9434 -0.0433
vn -0.4803 -0.8705 0.1077
vn 0.5913 -0.1266 0.7965
vn -0.3307 -0.9175 0.2210
vn 0.9873 0.1489 0.0551
vn 0.9311 -0.3211 0.1731
vn 0.9508 -0.3042 0.0586
vn 0.0012 0.0108 -0.9999
vn -0.9868 0.1608 -0.0205
vn -0.6925 0.7201 0.0430
vn -0.2601 -0.7218 -0.6414
vn -0.2715 -0.6029 -0.7502
vn -0.3893 0.4460 0.8059
vn -0.3481 0.4497 0.8225
vn -0.2288 0.5393 0.8104
vn 0.8202 -0.0772 -0.5668
vn 0.3103 -0.4121 0.8566
vn -0.3690 0.4916 0.7887
vn -0.0128 -0.0136 -0.9998
vn 0.4007 -0.9158 -0.0275
vn 0.7083 -0.7051 0.0330
vn -0.7295 0.5995 -0.3293
vn 0.2997 0.9412 -0.1559
vn -0.4909 -0.8580 0.1515
vn -0.5050 -0.8631 0.0011
vn 0.4744 -0.6305 0.6144
vn 0.5350 -0.6460 0.5444
vn -0.0014 0.0522 -0.9986
vn -0.9825 -0.0812 -0.1676
vn -0.6594 0.7504 0.0456
vn 0.0267 -0.8963 -0.4426
vn -0.8310 -0.5324 0.1612
vn -0.6591 0.7508 0.0442
vn 0.0089 -0.0073 -0.9999
vn 0.8066 0.5908 0.0160
vn -0.8313 -0.5311 0.1636
vn 0.8685 0.2631 0.4200
vn 0.8674 0.2807 0.4109
vn -0.9043 0.3586 0.2317
vn -0.9417 0.2816 0.1839
vn 0.0084 0.0264 0.9996
vn -0.4631 -0.8861 0.0194
vn 0.7448 0.6593 -0.1026
vn 0.5895 -0.6759 -0.4424
vn 0.8629 0.5010 0.0668
vn 0.4552 0.8898 -0.0329
vn -0.0294 0.0331 -0.9990
vn -0.9949 -0.0121 -0.1004
vn 0.6636 -0.3037 -0.6837
vn 0.6928 -0.1939 -0.6946
vn 0.7121 -0.1567 -0.6843
vn 0.8816 0.4694 0.0487
vn 0.2940 0.7793 -0.5534
vn 0.3126 -0.9412 -0.1284
vn -0.2183 -0.9750 -0.0423
vn -0.8391 0.1600 -0.5199
vn 0.1529 0.3696 -0.9165
vn 0.1863 0.3647 -0.9123
vn 0.1067 0.3964 -0.9118
vn -0.2495 0.0570 -0.9667
vn 0.1796 -0.8748 0.4499
vn -0.5255 -0.0960 0.8454
vn 0.1534 -0.9616 0.2276
vn -0.5060 -0.0246 0.8622
vn 0.0033 0.0069 1.0000
vn 0.6422 0.7581 0.1138
vn 0.7715 0.6355 0.0300
vn 0.8920 0.4135 -0.1827
vn 0.8836 0.4637 0.0649
vn 0.9139 0.1658 0.3706
vn -0.4456 0.7857 0.4290
vn 0.7973 0.5994 0.0709
vn 0.7929 0.6039 0.0809
vn 0.3207 -0.0278 -0.9468
vn 0.3062 0.3054 -0.9016
vn -0.1156 0.7978 -0.5917
vn -0.1734 0.8365 -0.5199
vn -0.3102 0.6898 -0.6542
vn 0.8580 -0.2873 -0.4259
vn 0.6780 -0.3415 -0.6509
vn 0.2441 -0.2079 -0.9472
vn -0.3198 0.5252 -0.7886
vn 0.2991 -0.1792 -0.9372
vn -0.8183 -0.5335 -0.2138
vn -0.1563 -0.9650 -0.2105
vn 0.3198 -0.1748 -0.9312
vn -0.0039 -0.0077 1.0000
vn -0.0011 -0.0006 -1.0000
vn 0.1968 0.1030 -0.9750
vn 0.3128 -0.9480 -0.0591
vn -0.9529 -0.2561 -0.1623
vn -0.3448 0.1590 -0.9251
vn -0.9928 -0.1031 -0.0604
vn 0.0163 0.0399 0.9991
vn 0.9933 0.1156 -0.0000
vn 0.5387 -0.0199 0.8423
vn 0.0256 0.4500 0.8927
vn -0.9932 0.0930 -0.0705
vn 0.0722 -0.9783 -0.1943
vn 0.0248 0.0115 -0.9996
vn 0.5894 0.5494 -0.5922
vn -0.2607 -0.8473 -0.4627
vn 0.2198 -0.9590 -0.1792
vn 0.4036 -0.9098 -0.0966
vn -0.0021 -0.0152 0.9999
vn -0.0112 0.0192 -0.9998
vn -0.8510 0.5252 -0.0045
vn -0.6845 0.7291 -0.0005
vn -0.9890 -0.0351 -0.1438
vn -0.9830 -0.0793 -0.1655
vn -0.0087 -0.9990 0.0442
vn 0.1220 -0.9908 0.0582
vn 0.1361 -0.9894 0.0508
vn 0.0151 0.0034 -0.9999
vn 0.8042 0.5944 -0.0000
vn -0.7360 0.0240 -0.6765
vn 0.6614 0.5621 -0.4966
vn -0.1707 0.8536 -0.4921
vn -0.3764 0.7086 -0.5968
vn -0.3367 0.7102 -0.6183
vn 0.9042 -0.1091 -0.4129
vn -0.7363 0.0803 -0.6719
vn 0.6267 -0.4612 -0.6281
vn -0.7281 0.1011 -0.6779
vn 0.6423 0.7510 -0.1533
vn -0.3813 -0.9152 -0.1305
vn -0.5462 -0.8308 0.1071
vn -0.2689 -0.8034 -0.5312
vn -0.0088 0.0477 0.9988
vn -0.7284 0.6852 0.0011
vn 0.5452 -0.6517 -0.5274
vn -0.7633 0.6454 0.0278
vn -0.7754 0.6287 0.0588
vn 0.2611 -0.0788 0.9621
vn 0.9594 -0.2311 0.1620
vn 0.9649 -0.2575 0.0520
vn -0.0262 -0.0418 0.9988
vn -0.4588 -0.5179 0.7220
vn -0.4881 -0.5531 0.6752
vn -0.0017 0.0208 0.9998
vn -0.0148 0.0094 -0.9998
vn -0.6515 -0.7581 0.0280
vn -0.0568 -0.9977 0.0365
vn -0.1161 0.9867 0.1138
vn 0.4822 0.8627 -0.1522
vn 0.6813 -0.7309 -0.0399
vn 0.2664 -0.3931 0.8801
vn -0.6837 0.7291 0.0303
vn -0.4854 -0.8740 -0.0233
vn 0.2864 0.9578 0.0248
vn 0.9683 0.1141 0.2224
vn -0.3027 -0.9431 -0.1377
vn 0.3171 -0.7347 0.5998
vn 0.0704 -0.0216 -0.9973
vn -0.6370 0.7696 -0.0447
vn -0.7294 0.6841 0.0039
vn 0.6106 0.7773 0.1514
vn 0.7198 -0.0782 0.6898
vn 0.7478 -0.0491 0.6622
vn 0.4293 -0.8950 0.1207
vn -0.2337 -0.7329 0.6390
vn -0.2479 -0.7223 0.6456
vn -0.2916 -0.7457 0.5991
vn -0.0316 -0.0011 -0.9995
vn -0.7316 0.6817 -0.0000
vn -0.7936 0.6083 -0.0122
vn 0.3757 0.9036 -0.2058
vn -0.7550 0.6527 0.0636
vn -0.5314 0.8462 -0.0390
vn 0.0543 -0.0965 -0.9939
vn -0.7213 0.6047 -0.3378
vn -0.5201 0.8536 -0.0299
vn -0.8736 -0.4815 -0.0704
vn 0.7010 -0.4804 -0.5272
vn 0.3447 -0.5009 -0.7939
vn -0.6612 0.6930 -0.2874
vn 0.3587 -0.4662 -0.8087
vn 0.0315 -0.0373 0.9988
vn 0.9204 0.1273 -0.3698
vn 0.8728 0.0905 -0.4796
vn 0.2625 0.1621 -0.9512
vn 0.0315 -0.0578 0.9978
vn -0.5694 -0.8172 -0.0895
vn -0.9813 -0.1805 -0.0671
vn 0.0619 0.9920 0.1100
vn -0.8612 0.0433 0.5064
vn -0.5268 -0.1274 0.8404
vn 0.4737 0.7785 0.4117
vn -0.0147 -0.0002 -0.9999
vn 0.3274 -0.9449 -0.0092
vn 0.4074 -0.9112 0.0610
vn 0.2716 -0.9601 0.0672
vn -0.7194 0.3569 -0.5959
vn -0.0559 -0.9180 -0.3927
vn -0.0528 -0.9213 -0.3852
vn -0.7454 0.4275 -0.5116
vn -0.0650 -0.5599 -0.8260
vn -0.0278 -0.2627 -0.9645
vn 0.0272 -0.0009 0.9996
vn 0.5616 0.8274 -0.0000
vn 0.5893 0.8079 0.0020
vn 0.1350 0.3917 0.9102
vn 0.0663 0.1189 -0.9907
vn -0.4815 0.2821 0.8298
vn -0.0247 -0.7621 0.6470
vn 0.6467 0.4319 -0.6287
vn 0.6142 0.3619 -0.7013
vn -0.0493 -0.0977 -0.9940
vn -0.0084 -0.9373 0.3483
vn 0.3832 0.7801 0.4946
vn 0.3294 0.7671 0.5505
vn 0.0304 0.8294 0.5578
vn -0.0064 0.0081 -0.9999
vn -0.7433 -0.6673 0.0461
vn -0.7068 -0.7073 0.0139
vn 0.5629 0.8265 0.0054
vn 0.5423 0.8363 -0.0811
vn -0.4687 0.4003 -0.7874
vn -0.4510 0.4165 -0.7894
vn -0.0478 -0.7814 -0.6222
vn -0.2302 0.0684 -0.9707
vn -0.4065 0.2703 -0.8727
vn -0.0031 0.0001 1.0000
vn -0.9628 -0.2702 0.0061
vn -0.6618 -0.7496 0.0120
vn -0.9937 -0.1122 0.0077
vn -0.0002 0.0587 0.9983
vn 0.4790 0.8601 -0.1755
vn 0.3378 0.9373 -0.0857
vn 0.6725 -0.5943 -0.4411
vn 0.6220 -0.6163 -0.4831
vn -0.1209 0.0561 0.9911
vn -0.9839 0.1780 -0.0153
vn 0.8753 -0.4672 -0.1250
vn 0.8818 -0.4647 -0.0812
vn 0.0002 0.9562 0.2927
vn 0.0027 0.9538 0.3005
vn 0.3378 0.9405 -0.0356
vn 0.2563 0.9597 -0.1152
vn 0.3786 0.9254 -0.0161
vn 0.1806 0.9588 -0.2194
vn 0.4850 0.8711 -0.0768
vn 0.7881 0.3672 0.4939
vn -0.8592 0.5073 0.0663
vn -0.9054 0.4233 -0.0322
vn 0.4883 0.5128 0.7061
vn 0.0076 0.1718 0.9851
vn -0.0310 -0.0088 -0.9995
vn -0.0396 -0.9975 0.0584
vn -0.3838 -0.9206 0.0718
vn -0.4126 0.2211 0.8837
vn -0.6386 0.3842 0.6668
vn -0.1102 -0.0993 0.9889
vn 0.5304 0.8292 0.1765
vn 0.8825 0.4667 0.0583
vn -0.0142 -0.0042 -0.9999
vn 0.1070 -0.9935 0.0380
vn 0.2219 0.2539 -0.9414
vn 0.5974 -0.0164 0.8018
vn -0.0286 -0.2029 -0.9788
vn 0.7422 0.5667 -0.3578
vn 0.0398 0.0084 0.9992
vn -0.7666 0.6420 0.0129
vn -0.6525 0.7578 -0.0016
vn 0.0427 -0.5342 -0.8443
vn 0.0555 -0.5730 -0.8177
vn -0.0034 0.0007 1.0000
vn 0.0147 -0.0148 -0.9998
vn 0.9392 0.3432 0.0072
vn 0.2804 -0.7606 0.5856
vn 0.1828 -0.7523 0.6329
vn 0.0362 -0.0126 -0.9993
vn -0.6773 0.7357 0.0092
vn 0.5675 0.8225 0.0374
vn -0.5355 -0.4790 -0.6956
vn -0.5356 -0.5191 -0.6661
vn -0.0145 0.0201 0.9997
vn -0.0347 -0.9581 -0.2842
vn -0.0048 0.6039 0.7971
vn 0.5454 -0.8371 -0.0428
vn -0.0154 -0.1119 -0.9936
vn -0.0249 0.9940 -0.1066
vn 0.7754 0.4372 0.4556
vn -0.0216 -0.0142 -0.9997
vn 0.3021 -0.9203 0.2485
vn 0.2839 -0.9373 0.2021
vn 0.2823 -0.9367 0.2070
vn 0.3356 -0.9272 0.1661
vn -0.9881 -0.1517 -0.0266
vn -0.9770 0.2133 -0.0031
vn 0.7655 0.4950 0.4111
vn -0.1582 -0.7745 0.6124
vn 0.1680 -0.9119 0.3744
vn -0.8958 -0.4087 0.1748
vn -0.8921 -0.4206 0.1654
vn -0.0027 0.4691 0.8832
vn -0.0061 0.4670 0.8842
vn -0.0045 0.4687 0.8834
vn 0.0663 0.3930 0.9171
vn 0.2736 0.3223 0.9062
vn 0.1639 -0.7251 0.6689
vn 0.0264 -0.0004 -0.9997
vn 0.5379 0.4844 0.6899
vn 0.0861 -0.1227 0.9887
vn -0.8280 -0.5579 -0.0566
vn 0.0042 -0.9992 -0.0399
vn 0.4462 0.7240 -0.5260
vn 0.1862 -0.9721 0.1424
vn -0.3093 -0.9036 0.2965
vn -0.2474 -0.9039 0.3490
vn -0.9023 -0.1343 -0.4096
vn -0.6291 -0.2917 -0.7206
vn 0.9663 -0.0276 -0.2560
vn 0.8573 0.1034 -0.5044
vn -0.0612 0.0102 0.9981
vn 0.1216 0.9926 -0.0051
vn 0.1614 0.9864 0.0314
vn 0.7837 -0.3197 0.5326
vn 0.1889 -0.1341 0.9728
vn -0.7048 -0.5954 0.3857
vn 0.0508 0.5516 0.8325
vn 0.0430 0.5199 0.8532
vn -0.7814 0.3825 0.4930
vn 0.6653 0.4419 -0.6017
vn 0.9198 0.1967 -0.3394
vn -0.0002 0.0037 -1.0000
vn 0.0663 0.9977 0.0166
vn -0.0399 0.9893 -0.1400
vn -0.3150 0.9214 -0.2277
vn 0.7807 -0.2558 -0.5702
vn 0.8667 0.4985 -0.0169
vn 0.8208 0.5689 0.0510
vn 0.7560 -0.2820 -0.5907
vn -0.0077 -0.0038 1.0000
vn -0.0424 0.0122 -0.9990
vn -0.9983 0.0578 -0.0000
vn -0.9866 -0.1631 -0.0000
vn -0.2960 0.9336 -0.2018
vn -0.7144 -0.0286 0.6992
vn -0.7145 -0.0806 0.6950
vn 0.2196 -0.7319 0.6450
vn -0.6830 -0.1304 0.7187
vn 0.5229 0.6704 0.5265
vn 0.4595 0.8297 0.3169
vn -0.6000 -0.1883 0.7775
vn 0.4133 0.7602 0.5014
vn 0.7920 -0.2371 0.5626
vn 0.3138 -0.6750 0.6678
vn 0.8360 -0.0521 0.5462
vn -0.0012 0.0010 -1.0000
vn -0.0944 -0.1703 0.9809
vn -0.1289 -0.2055 0.9701
vn 0.3944 0.9176 -0.0488
vn 0.3389 -0.1440 -0.9298
vn -0.9938 -0.0969 -0.0546
vn -0.9969 -0.0761 0.0218
vn 0.3833 0.9214 -0.0645
vn 0.3710 0.9271 -0.0526
vn 0.3236 -0.1354 -0.9365
vn -0.1710 -0.8166 -0.5513
vn -0.1915 -0.8475 -0.4950
vn 0.0084 0.0005 1.0000
vn -0.4672 -0.6928 -0.5493
vn -0.4889 0.1601 -0.8575
vn -0.0469 0.0627 0.9969
vn 0.5733 0.8192 0.0146
vn -0.5296 0.4925 0.6906
vn -0.3607 0.2450 0.8999
vn 0.9425 -0.3335 0.0213
vn -0.1634 -0.2054 -0.9649
vn 0.9624 -0.2669 -0.0512
vn 0.7653 -0.6044 -0.2213
vn -0.7114 -0.6873 0.1467
vn -0.6470 0.6216 0.4416
vn -0.6668 0.5755 0.4734
vn 0.0019 -0.0137 -0.9999
vn 0.2355 0.0038 -0.9719
vn 0.1367 0.2497 -0.9586
vn -0.4299 -0.9026 -0.0227
vn -0.6169 -0.7819 0.0897
vn 0.9136 0.4039 0.0473
vn -0.9583 0.2388 -0.1568
vn -0.6895 0.6079 0.3937
vn -0.9794 -0.2005 -0.0234
vn 0.0348 -0.0353 0.9988
vn 0.1826 -0.0195 -0.9830
vn 0.9989 0.0230 -0.0409
vn 0.2933 0.9553 0.0366
vn 0.0800 0.6426 0.7620
vn 0.0448 -0.7579 0.6509
vn 0.3461 -0.4424 0.8274
vn 0.3336 -0.4740 0.8149
vn -0.0256 -0.0376 -0.9990
vn 0.7046 -0.6683 -0.2387
vn -0.5789 -0.8154 0.0084
vn -0.8955 0.3445 0.2817
vn -0.7649 0.3634 0.5318
vn -0.7222 0.6518 0.2316
vn 0.1402 -0.1720 -0.9751
vn 0.6981 -0.1685 -0.6959
vn 0.8732 -0.4193 -0.2484
vn -0.4259 -0.8997 0.0957
vn -0.3755 -0.9264 0.0269
vn 0.4527 0.8894 0.0637
vn 0.3177 -0.1021 -0.9427
vn 0.5039 -0.0943 -0.8586
vn 0.0151 0.0326 0.9994
vn 0.3033 0.9527 -0.0195
vn 0.3105 0.9501 -0.0306
vn -0.2593 -0.8859 0.3847
vn 0.0094 0.0309 -0.9995
vn -0.5792 0.8150 0.0187
vn 0.9462 -0.2471 0.2090
vn -0.7635 0.6367 -0.1081
vn 0.9114 -0.3231 0.2549
vn -0.6221 0.7805 -0.0621
vn -0.0553 -0.0051 0.9985
vn 0.0149 -0.0410 -0.9990
vn -0.4663 -0.8846 -0.0046
vn 0.9656 0.2592 -0.0206
vn 0.9721 0.2328 0.0268
vn 0.8384 0.5229 -0.1538
vn 0.8221 0.5440 -0.1678
vn -0.9719 -0.0971 -0.2145
vn -0.9593 -0.2733 -0.0714
vn -0.9744 -0.2245 -0.0096
vn -0.0784 -0.9968 -0.0171
vn 0.1827 -0.9773 0.1072
vn 0.6435 -0.7409 -0.1923
vn 0.6483 -0.7344 -0.2007
vn 0.3743 -0.8161 -0.4404
vn 0.4467 -0.7655 -0.4631
vn -0.0029 -0.0088 1.0000
vn 0.0047 -0.0004 -1.0000
vn -0.4569 -0.8895 -0.0000
vn -0.0078 -0.9999 0.0088
vn -0.0917 0.9958 0.0032
vn 0.9687 0.2404 -0.0626
vn 0.9604 0.2643 -0.0881
vn -0.0549 -0.3676 -0.9284
vn 0.1085 -0.9933 0.0408
vn 0.1199 -0.9925 0.0225
vn 0.0059 0.0110 0.9999
vn -0.2563 0.9666 0.0012
vn -0.5056 0.8609 -0.0562
vn -0.0966 -0.3755 -0.9218
vn -0.0990 -0.1691 -0.9806
vn 0.8246 0.1106 -0.5548
vn -0.8171 -0.5688 -0.0940
vn 0.0810 0.0296 0.9963
vn 0.1183 0.9891 0.0871
vn 0.2612 -0.0747 0.9624
vn -0.1596 -0.1739 0.9717
vn -0.2021 -0.2165 0.9551
vn 0.0265 -0.0202 -0.9994
vn 0.1248 0.9915 -0.0359
vn 0.0025 0.9996 -0.0271
vn 0.0435 -0.4859 -0.8729
vn -0.0097 -0.0002 1.0000
vn -0.9640 0.2658 -0.0001
vn -0.4409 0.8974 -0.0168
vn 0.1099 -0.5165 -0.8492
vn -0.8376 0.5460 0.0202
vn 0.0185 -0.3285 0.9443
vn 0.0612 -0.3474 0.9357
vn 0.0560 -0.3590 0.9317
vn 0.9972 -0.0622 0.0424
vn 0.9943 -0.0704 0.0806
vn 0.0009 -0.0017 1.0000
vn -0.0003 0.0007 -1.0000
vn 0.8231 -0.3624 0.4372
vn -0.3832 -0.9199 -0.0837
vn 0.6606 -0.5784 -0.4786
vn 0.8172 -0.4376 0.3751
vn 0.6031 -0.7435 -0.2891
vn 0.9661 0.2554 -0.0386
vn -0.6548 -0.7202 0.2293
vn -0.3306 0.3798 0.8640
vn -0.4046 0.4168 0.8140
vn -0.3204 -0.9422 -0.0984
vn 0.9875 0.1577 -0.0087
vn -0.1158 0.1866 0.9756
vn -0.0255 -0.0141 -0.9996
vn -0.5792 0.8152 0.0035
vn -0.6983 0.7122 -0.0724
vt 0.786385 0.809017
vt 0.786287 0.774911
vt 0.786287 0.760784
vt 0.790952 0.761298
vt 0.807885 0.772932
vt 0.796034 0.793585
vt 0.863116 0.560277
vt 0.871311 0.574418
vt 0.863116 0.574401
vt 0.881518 0.097402
vt 0.881399 0.115597
vt 0.871019 0.104203
vt 0.871014 0.097372
vt 0.881420 0.137729
vt 0.871059 0.141002
vt 0.785607 0.440170
vt 0.805003 0.428964
vt 0.809855 0.428420
vt 0.809032 0.478947
vt 0.804063 0.472079
vt 0.976449 0.638397
vt 0.981212 0.637394
vt 0.981212 0.647594
vt 0.976618 0.647594
vt 0.925765 0.719231
vt 0.915566 0.719231
vt 0.915566 0.697305
vt 0.925765 0.699235
vt 0.873317 0.524304
vt 0.872314 0.574419
vt 0.863115 0.526178
vt 0.745246 0.898849
vt 0.751825 0.898441
vt 0.755577 0.898571
vt 0.745402 0.906303
vt 0.387438 0.921861
vt 0.377763 0.921566
vt 0.377744 0.907162
vt 0.388518 0.913005
vt 0.755794 0.911521
vt 0.745567 0.914253
vt 0.755675 0.903188
vt 0.752532 0.913476
vt 0.745246 0.921750
vt 0.388529 0.904629
vt 0.377751 0.901993
vt 0.755233 0.916645
vt 0.228312 0.894955
vt 0.227903 0.888869
vt 0.229284 0.874157
vt 0.243634 0.878489
vt 0.239606 0.884867
vt 0.235293 0.891654
vt 0.944472 0.039096
vt 0.940768 0.038652
vt 0.934270 0.037558
vt 0.934270 0.024203
vt 0.943435 0.024583
vt 0.725015 0.636064
vt 0.739658 0.636064
vt 0.736557 0.644305
vt 0.733530 0.652177
vt 0.727733 0.647634
vt 0.725953 0.640643
vt 0.899417 0.804904
vt 0.896377 0.806314
vt 0.901115 0.792903
vt 0.901134 0.798190
vt 0.103946 0.900372
vt 0.104854 0.894962
vt 0.104235 0.912607
vt 0.901128 0.810390
vt 0.901122 0.811786
vt 0.894361 0.816491
vt 0.889220 0.811624
vt 0.927426 0.110821
vt 0.929444 0.115075
vt 0.923129 0.112841
vt 0.114383 0.917788
vt 0.104524 0.913980
vt 0.114385 0.904966
vt 0.900905 0.816614
vt 0.896123 0.818933
vt 0.895048 0.818994
vt 0.892681 0.796988
vt 0.898668 0.793776
vt 0.893749 0.806338
vt 0.932087 0.094219
vt 0.930394 0.105111
vt 0.925456 0.099777
vt 0.924676 0.110616
vt 0.170168 0.965635
vt 0.171905 0.962810
vt 0.174161 0.969542
vt 0.170626 0.971815
vt 0.931425 0.104651
vt 0.932460 0.112238
vt 0.932299 0.099897
vt 0.988742 0.202608
vt 0.990459 0.195895
vt 0.990459 0.206699
vt 0.852150 0.861837
vt 0.858124 0.864408
vt 0.858124 0.877229
vt 0.858097 0.889241
vt 0.855259 0.887403
vt 0.848542 0.882970
vt 0.846736 0.877836
vt 0.845054 0.869788
vt 0.846938 0.866440
vt 0.112828 0.892946
vt 0.157327 0.934988
vt 0.155520 0.924839
vt 0.160488 0.936628
vt 0.163971 0.935987
vt 0.164021 0.928118
vt 0.164117 0.938803
vt 0.892141 0.922345
vt 0.898730 0.917962
vt 0.901034 0.920283
vt 0.893213 0.919607
vt 0.896358 0.917480
vt 0.892322 0.921546
vt 0.153742 0.929338
vt 0.153914 0.933527
vt 0.164037 0.925896
vt 0.164117 0.922251
vt 0.900617 0.929057
vt 0.895086 0.931387
vt 0.895731 0.927326
vt 0.900684 0.926187
vt 0.900796 0.922852
vt 0.891290 0.926212
vt 0.891960 0.923144
vt 0.960784 0.310706
vt 0.961774 0.301137
vt 0.967122 0.301137
vt 0.965438 0.306966
vt 0.961906 0.310782
vt 0.966336 0.309007
vt 0.967511 0.311322
vt 0.734177 0.990623
vt 0.730276 0.987101
vt 0.731277 0.982170
vt 0.734177 0.984484
vt 0.891602 0.934293
vt 0.893561 0.935792
vt 0.891024 0.930279
vt 0.891474 0.933480
vt 0.688606 0.921865
vt 0.688301 0.925794
vt 0.686610 0.929821
vt 0.683633 0.932609
vt 0.679095 0.933431
vt 0.678156 0.918693
vt 0.684096 0.914400
vt 0.686962 0.917479
vt 0.803025 0.940797
vt 0.796354 0.935191
vt 0.796409 0.927724
vt 0.799460 0.925612
vt 0.806417 0.925792
vt 0.806417 0.940426
vt 0.924120 0.846581
vt 0.927177 0.849385
vt 0.927245 0.858365
vt 0.926065 0.863040
vt 0.919985 0.861094
vt 0.914601 0.855621
vt 0.915836 0.848610
vt 0.919529 0.847149
vt 0.988742 0.078550
vt 0.990339 0.079793
vt 0.988742 0.085570
vt 0.542936 0.924190
vt 0.547481 0.925283
vt 0.549356 0.928224
vt 0.542936 0.931217
vt 0.545857 0.944364
vt 0.543874 0.943960
vt 0.435803 0.915516
vt 0.440327 0.929902
vt 0.430383 0.916888
vt 0.436911 0.931594
vt 0.430381 0.931937
vt 0.430381 0.917844
vt 0.439438 0.930842
vt 0.455371 0.913517
vt 0.449497 0.913528
vt 0.443510 0.914721
vt 0.443726 0.908234
vt 0.448408 0.896344
vt 0.455369 0.898241
vt 0.990066 0.674320
vt 0.990490 0.669251
vt 0.991390 0.670437
vt 0.983588 0.964961
vt 0.983588 0.959140
vt 0.987107 0.964961
vt 0.988111 0.954608
vt 0.988111 0.959140
vt 0.984592 0.959139
vt 0.983649 0.956509
vt 0.905348 0.276847
vt 0.914412 0.295595
vt 0.907471 0.296459
vt 0.905181 0.292792
vt 0.914836 0.295542
vt 0.905181 0.272928
vt 0.916303 0.279140
vt 0.134695 0.924042
vt 0.134686 0.926157
vt 0.124591 0.926882
vt 0.124591 0.919216
vt 0.134753 0.931105
vt 0.124632 0.929946
vt 0.132622 0.921928
vt 0.124796 0.915953
vt 0.125290 0.910765
vt 0.968875 0.489658
vt 0.968875 0.479456
vt 0.974568 0.479453
vt 0.973723 0.489655
vt 0.457979 0.856188
vt 0.464477 0.849073
vt 0.467029 0.846942
vt 0.472719 0.846779
vt 0.472719 0.872898
vt 0.465598 0.876201
vt 0.456055 0.862886
vt 0.961212 0.798216
vt 0.968634 0.797371
vt 0.968634 0.805431
vt 0.847167 0.455670
vt 0.847167 0.466662
vt 0.836967 0.466751
vt 0.836967 0.457490
vt 0.839107 0.455670
vt 0.924419 0.250766
vt 0.922484 0.254179
vt 0.913897 0.267614
vt 0.913897 0.245608
vt 0.918742 0.245746
vt 0.922863 0.249188
vt 0.559894 0.917808
vt 0.549507 0.917036
vt 0.549379 0.909469
vt 0.559682 0.905388
vt 0.550817 0.919428
vt 0.559913 0.918232
vt 0.912306 0.346263
vt 0.912659 0.364224
vt 0.907130 0.350019
vt 0.908755 0.345405
vt 0.911430 0.346051
vt 0.336508 0.896205
vt 0.341311 0.895459
vt 0.341889 0.897806
vt 0.336826 0.900366
vt 0.338323 0.905143
vt 0.346734 0.920174
vt 0.336710 0.915763
vt 0.336508 0.919909
vt 0.559932 0.896249
vt 0.559836 0.899286
vt 0.549692 0.897691
vt 0.558678 0.904588
vt 0.549605 0.900839
vt 0.557632 0.905806
vt 0.549543 0.903065
vt 0.913182 0.374417
vt 0.903645 0.362975
vt 0.912565 0.370276
vt 0.365008 0.850791
vt 0.365970 0.839130
vt 0.367639 0.833856
vt 0.384715 0.832933
vt 0.385406 0.841343
vt 0.386204 0.851395
vt 0.377626 0.857298
vt 0.372142 0.857784
vt 0.743745 0.427662
vt 0.743007 0.423541
vt 0.742922 0.417489
vt 0.742922 0.399732
vt 0.753856 0.402928
vt 0.750820 0.423623
vt 0.746535 0.426380
vt 0.309504 0.917892
vt 0.318517 0.919948
vt 0.317763 0.931931
vt 0.313044 0.935584
vt 0.308317 0.934405
vt 0.964878 0.972248
vt 0.960784 0.961426
vt 0.966409 0.962161
vt 0.972719 0.051639
vt 0.969032 0.051642
vt 0.968875 0.040877
vt 0.974608 0.040877
vt 0.968875 0.052028
vt 0.974658 0.051642
vt 0.972337 0.062150
vt 0.968875 0.062310
vt 0.988497 0.034696
vt 0.983588 0.037658
vt 0.983588 0.031854
vt 0.831157 0.552599
vt 0.824729 0.552683
vt 0.820946 0.488987
vt 0.820945 0.474309
vt 0.831155 0.529228
vt 0.820945 0.467352
vt 0.831157 0.466754
vt 0.876101 0.270117
vt 0.881260 0.245608
vt 0.881792 0.262260
vt 0.762424 0.738945
vt 0.775568 0.717456
vt 0.777377 0.780965
vt 0.775344 0.770396
vt 0.762530 0.765722
vt 0.405190 0.837903
vt 0.394918 0.835914
vt 0.394093 0.801719
vt 0.404405 0.805555
vt 0.821061 0.542212
vt 0.405126 0.768602
vt 0.404592 0.790551
vt 0.394189 0.797627
vt 0.394383 0.789646
vt 0.405158 0.767294
vt 0.394630 0.779546
vt 0.405190 0.765985
vt 0.394963 0.766145
vt 0.881798 0.265071
vt 0.881813 0.277086
vt 0.871619 0.285611
vt 0.881813 0.293154
vt 0.871579 0.293550
vt 0.786287 0.705434
vt 0.786072 0.715880
vt 0.404327 0.801803
vt 0.395044 0.838610
vt 0.726733 0.128013
vt 0.720731 0.142950
vt 0.715598 0.155370
vt 0.705136 0.170393
vt 0.681881 0.183669
vt 0.672016 0.175910
vt 0.660608 0.180065
vt 0.660558 0.156693
vt 0.660558 0.094219
vt 0.673939 0.095987
vt 0.684010 0.097373
vt 0.691965 0.098483
vt 0.696034 0.099087
vt 0.724675 0.125174
vt 0.662920 0.652139
vt 0.661282 0.645647
vt 0.660558 0.631583
vt 0.660558 0.580573
vt 0.712881 0.608517
vt 0.721976 0.613660
vt 0.725015 0.620845
vt 0.699577 0.644682
vt 0.696576 0.647288
vt 0.685622 0.648934
vt 0.975175 0.102274
vt 0.968875 0.101886
vt 0.968875 0.093161
vt 0.974311 0.093857
vt 0.037365 0.982170
vt 0.042880 0.990243
vt 0.037365 0.989951
vt 0.786287 0.775197
vt 0.777518 0.781781
vt 0.985134 0.702482
vt 0.983588 0.701577
vt 0.986720 0.695339
vt 0.638929 0.963814
vt 0.638929 0.971211
vt 0.636024 0.970967
vt 0.634026 0.970740
vt 0.634323 0.962759
vt 0.638929 0.960457
vt 0.968875 0.532792
vt 0.970245 0.531432
vt 0.973217 0.532977
vt 0.631698 0.966673
vt 0.975241 0.536230
vt 0.970193 0.540228
vt 0.975060 0.539843
vt 0.971511 0.540028
vt 0.977371 0.271179
vt 0.980319 0.270313
vt 0.983234 0.270313
vt 0.981799 0.275501
vt 0.977820 0.276732
vt 0.983588 0.367682
vt 0.985148 0.360803
vt 0.985860 0.357687
vt 0.986129 0.367682
vt 0.840552 0.992161
vt 0.837413 0.992161
vt 0.837413 0.982170
vt 0.838679 0.983895
vt 0.550685 0.984994
vt 0.548117 0.990736
vt 0.546741 0.982170
vt 0.219317 0.989667
vt 0.214708 0.988452
vt 0.219317 0.985068
vt 0.217132 0.982852
vt 0.213783 0.987298
vt 0.213922 0.983911
vt 0.218180 0.982511
vt 0.219314 0.983355
vt 0.973985 0.346621
vt 0.975297 0.348885
vt 0.968875 0.353958
vt 0.968875 0.344709
vt 0.189815 0.985591
vt 0.188356 0.990267
vt 0.184656 0.990354
vt 0.185675 0.982839
vt 0.990560 0.496741
vt 0.988813 0.496684
vt 0.988742 0.487463
vt 0.990560 0.487751
vt 0.891410 0.041456
vt 0.881028 0.043040
vt 0.881030 0.035680
vt 0.891417 0.022334
vt 0.881030 0.010929
vt 0.891417 0.001863
vt 0.871405 0.249745
vt 0.869618 0.266525
vt 0.861361 0.249309
vt 0.862394 0.245926
vt 0.861357 0.258569
vt 0.861341 0.288943
vt 0.891414 0.000934
vt 0.880999 0.000000
vt 0.871556 0.296939
vt 0.861335 0.298263
vt 0.871579 0.273689
vt 0.822382 0.404264
vt 0.826509 0.424975
vt 0.805050 0.424975
vt 0.805083 0.414039
vt 0.805532 0.389287
vt 0.805680 0.381927
vt 0.820194 0.400143
vt 0.747168 0.753753
vt 0.747260 0.773851
vt 0.747206 0.795255
vt 0.716672 0.795386
vt 0.716744 0.791243
vt 0.722457 0.783949
vt 0.741281 0.760089
vt 0.096613 0.918856
vt 0.097692 0.936611
vt 0.087492 0.935362
vt 0.087492 0.922225
vt 0.513962 0.989261
vt 0.513962 0.982170
vt 0.519064 0.983803
vt 0.517584 0.988869
vt 0.976491 0.670535
vt 0.977298 0.665380
vt 0.982028 0.665558
vt 0.982411 0.669048
vt 0.976462 0.671692
vt 0.982915 0.672849
vt 0.925557 0.955277
vt 0.927645 0.948290
vt 0.931610 0.947952
vt 0.934359 0.957977
vt 0.646820 0.965553
vt 0.638929 0.970306
vt 0.639184 0.965945
vt 0.924967 0.948546
vt 0.638929 0.960457
vt 0.645887 0.964578
vt 0.639108 0.963941
vt 0.270078 0.960666
vt 0.276537 0.962569
vt 0.276537 0.969660
vt 0.267603 0.968400
vt 0.267988 0.963034
vt 0.500722 0.950566
vt 0.490508 0.951390
vt 0.490522 0.942461
vt 0.492361 0.939958
vt 0.499676 0.940479
vt 0.838037 0.956159
vt 0.834528 0.956186
vt 0.833297 0.949801
vt 0.835529 0.944728
vt 0.842445 0.947788
vt 0.842145 0.955053
vt 0.975085 0.102871
vt 0.975085 0.112505
vt 0.969300 0.111936
vt 0.971984 0.107254
vt 0.856635 0.630577
vt 0.856658 0.642101
vt 0.849248 0.641789
vt 0.754141 0.811646
vt 0.755787 0.819488
vt 0.747260 0.815409
vt 0.856658 0.600694
vt 0.856634 0.605916
vt 0.845742 0.592198
vt 0.845796 0.580573
vt 0.856629 0.623994
vt 0.845732 0.632449
vt 0.845740 0.641643
vt 0.757094 0.819218
vt 0.754395 0.810261
vt 0.759901 0.818639
vt 0.760863 0.817050
vt 0.755975 0.801520
vt 0.755975 0.772654
vt 0.760863 0.752782
vt 0.760382 0.817844
vt 0.754648 0.808875
vt 0.795153 0.055576
vt 0.776219 0.066975
vt 0.770318 0.065064
vt 0.769837 -0.000000
vt 0.774768 0.010529
vt 0.791384 0.047190
vt 0.844724 0.826755
vt 0.849145 0.819148
vt 0.858821 0.820341
vt 0.858821 0.831865
vt 0.858801 0.838449
vt 0.858687 0.856527
vt 0.858589 0.861748
vt 0.846839 0.835382
vt 0.987654 0.964961
vt 0.986674 0.969705
vt 0.983588 0.965857
vt 0.919932 0.695520
vt 0.914910 0.695520
vt 0.914910 0.673419
vt 0.918191 0.674669
vt 0.925110 0.677341
vt 0.925110 0.687091
vt 0.969648 0.556008
vt 0.969274 0.549264
vt 0.972045 0.548400
vt 0.975259 0.554544
vt 0.970421 0.556003
vt 0.973006 0.549807
vt 0.976339 0.672077
vt 0.969969 0.671285
vt 0.972626 0.665201
vt 0.975910 0.665328
vt 0.814662 0.942224
vt 0.816225 0.952444
vt 0.812562 0.945119
vt 0.812629 0.946654
vt 0.806417 0.946342
vt 0.808948 0.945311
vt 0.163664 0.950777
vt 0.153740 0.945367
vt 0.163664 0.938803
vt 0.816225 0.941206
vt 0.968875 0.710423
vt 0.971112 0.713297
vt 0.973624 0.717022
vt 0.972174 0.720693
vt 0.968875 0.722321
vt 0.957481 0.565021
vt 0.952549 0.564854
vt 0.957508 0.555869
vt 0.968902 0.062716
vt 0.975544 0.062310
vt 0.975544 0.071550
vt 0.968875 0.065360
vt 0.965413 0.845446
vt 0.960784 0.843873
vt 0.965363 0.835059
vt 0.951348 0.563884
vt 0.952665 0.554726
vt 0.955410 0.555624
vt 0.599973 0.944586
vt 0.591157 0.952673
vt 0.590294 0.942400
vt 0.599985 0.940877
vt 0.984766 0.171578
vt 0.986676 0.169695
vt 0.986012 0.178359
vt 0.996642 0.014353
vt 0.997513 0.011149
vt 0.998384 0.013994
vt 0.994987 0.333463
vt 0.993125 0.330296
vt 0.996143 0.330780
vt 0.984432 0.685850
vt 0.988080 0.689898
vt 0.983588 0.689842
vt 0.988742 0.170355
vt 0.992604 0.172675
vt 0.989804 0.173449
vt 0.989323 0.581477
vt 0.991681 0.578207
vt 0.991681 0.583743
vt 0.986545 0.268754
vt 0.988041 0.274410
vt 0.983742 0.273712
vt 0.568076 0.959444
vt 0.565758 0.949217
vt 0.570712 0.949225
vt 0.566861 0.959448
vt 0.563385 0.956489
vt 0.973264 0.303362
vt 0.973397 0.310704
vt 0.968875 0.313533
vt 0.969042 0.307890
vt 0.971820 0.303408
vt 0.968875 0.303349
vt 0.549380 0.936901
vt 0.559702 0.947069
vt 0.549380 0.949187
vt 0.572462 0.959452
vt 0.973718 0.313453
vt 0.968693 0.516542
vt 0.961130 0.511114
vt 0.968693 0.508097
vt 0.806417 0.946298
vt 0.798922 0.954654
vt 0.798169 0.942449
vt 0.804243 0.942467
vt 0.973856 0.594504
vt 0.969867 0.598850
vt 0.968875 0.590019
vt 0.972085 0.588934
vt 0.996642 0.276469
vt 0.996642 0.266285
vt 0.996809 0.270826
vt 0.976433 0.445696
vt 0.981337 0.445733
vt 0.981337 0.455917
vt 0.979806 0.455623
vt 0.444032 0.836849
vt 0.444388 0.825419
vt 0.455155 0.805439
vt 0.454092 0.837407
vt 0.455158 0.802089
vt 0.025989 0.886636
vt 0.025982 0.892710
vt 0.015761 0.893037
vt 0.015768 0.888465
vt 0.015769 0.867661
vt 0.025989 0.873740
vt 0.025984 0.851941
vt 0.015761 0.852961
vt 0.444319 0.811136
vt 0.455123 0.795502
vt 0.454994 0.774252
vt 0.444063 0.768931
vt 0.454920 0.764252
vt 0.444032 0.764788
vt 0.827770 0.039916
vt 0.817001 0.024659
vt 0.817711 0.000000
vt 0.828898 0.000778
vt 0.827912 0.045276
vt 0.817088 0.027961
vt 0.828353 0.060789
vt 0.817360 0.037518
vt 0.828646 0.071047
vt 0.818163 0.065588
vt 0.828898 0.074776
vt 0.818852 0.075792
vt 0.172431 0.662507
vt 0.176915 0.662840
vt 0.195792 0.660558
vt 0.195826 0.664703
vt 0.195999 0.706928
vt 0.195999 0.721216
vt 0.194634 0.732614
vt 0.180074 0.734650
vt 0.159445 0.737342
vt 0.154898 0.737828
vt 0.153740 0.734162
vt 0.153791 0.723873
vt 0.153897 0.708311
vt 0.154014 0.702929
vt 0.100728 0.739123
vt 0.094696 0.738411
vt 0.081916 0.736679
vt 0.060328 0.733653
vt 0.056446 0.701761
vt 0.056398 0.698411
vt 0.056442 0.691821
vt 0.056634 0.670562
vt 0.056766 0.660558
vt 0.079494 0.663419
vt 0.092394 0.662525
vt 0.103872 0.688050
vt 0.103928 0.691366
vt 0.103946 0.700953
vt 0.103946 0.729109
vt 0.913182 0.364329
vt 0.913182 0.345405
vt 0.923381 0.345405
vt 0.923381 0.368204
vt 0.399815 0.935174
vt 0.399815 0.948043
vt 0.389615 0.948043
vt 0.389615 0.943568
vt 0.790546 0.937884
vt 0.789627 0.950037
vt 0.786308 0.947438
vt 0.789907 0.938061
vt 0.786081 0.942956
vt 0.796009 0.939376
vt 0.796115 0.948990
vt 0.750828 0.971590
vt 0.754258 0.963405
vt 0.755958 0.967140
vt 0.756013 0.972664
vt 0.749766 0.962062
vt 0.749737 0.967623
vt 0.755775 0.960457
vt 0.421405 0.943724
vt 0.427859 0.942948
vt 0.427859 0.953664
vt 0.420996 0.953638
vt 0.417664 0.948610
vt 0.983588 0.330239
vt 0.987569 0.329419
vt 0.987569 0.335919
vt 0.983768 0.332105
vt 0.685046 0.969969
vt 0.689182 0.960651
vt 0.690242 0.971148
vt 0.690314 0.975083
vt 0.944923 0.679127
vt 0.951962 0.681373
vt 0.949509 0.689533
vt 0.944923 0.686293
vt 0.945145 0.674830
vt 0.949697 0.674245
vt 0.945317 0.689598
vt 0.946456 0.761172
vt 0.950267 0.762115
vt 0.950495 0.766444
vt 0.950495 0.773672
vt 0.950090 0.777018
vt 0.945960 0.776958
vt 0.943194 0.769399
vt 0.994261 0.142595
vt 0.993125 0.137690
vt 0.995594 0.139108
vt 0.880757 0.982646
vt 0.881582 0.987560
vt 0.880281 0.989527
vt 0.879551 0.984729
vt 0.856793 0.637259
vt 0.856686 0.630646
vt 0.866859 0.628396
vt 0.866916 0.631895
vt 0.242509 0.771487
vt 0.243661 0.782607
vt 0.232472 0.774739
vt 0.231760 0.767865
vt 0.245252 0.797492
vt 0.234941 0.798097
vt 0.828017 0.303577
vt 0.837266 0.313115
vt 0.837261 0.319474
vt 0.837279 0.303448
vt 0.837314 0.378372
vt 0.827101 0.374936
vt 0.827066 0.354388
vt 0.837258 0.345117
vt 0.837320 0.298263
vt 0.827087 0.302288
vt 0.827109 0.299456
vt 0.856658 0.585564
vt 0.866844 0.604120
vt 0.866854 0.600686
vt 0.866926 0.583569
vt 0.837320 0.381927
vt 0.827111 0.380709
vt 0.827078 0.307122
vt 0.837254 0.342406
vt 0.827064 0.352713
vt 0.856683 0.581498
vt 0.866939 0.582071
vt 0.712370 0.652402
vt 0.715731 0.656080
vt 0.715358 0.660256
vt 0.707848 0.706325
vt 0.700468 0.727316
vt 0.698430 0.732979
vt 0.685176 0.726017
vt 0.675397 0.720598
vt 0.661550 0.655312
vt 0.665956 0.654010
vt 0.690195 0.652379
vt 0.693641 0.652314
vt 0.712235 0.510462
vt 0.667120 0.510462
vt 0.660558 0.509027
vt 0.669485 0.444618
vt 0.675292 0.440870
vt 0.695209 0.428420
vt 0.696696 0.431816
vt 0.710891 0.464910
vt 0.716586 0.488672
vt 0.717745 0.494935
vt 0.718996 0.504521
vt 0.716319 0.510081
vt 0.234659 0.725336
vt 0.245252 0.726922
vt 0.960801 0.982170
vt 0.964995 0.982526
vt 0.963339 0.988301
vt 0.973567 0.688623
vt 0.968875 0.687698
vt 0.971800 0.684374
vt 0.974118 0.685656
vt 0.973057 0.691292
vt 0.693339 0.797604
vt 0.689804 0.786065
vt 0.694162 0.789218
vt 0.694144 0.783614
vt 0.930489 0.631393
vt 0.936520 0.631642
vt 0.937651 0.640002
vt 0.938240 0.649063
vt 0.934902 0.645194
vt 0.968875 0.684156
vt 0.933079 0.639398
vt 0.929625 0.639800
vt 0.928841 0.635744
vt 0.933104 0.637775
vt 0.688884 0.795307
vt 0.692517 0.797396
vt 0.930151 0.632255
vt 0.694091 0.779271
vt 0.918378 0.437575
vt 0.920527 0.432364
vt 0.922680 0.428378
vt 0.926688 0.427322
vt 0.927826 0.435727
vt 0.927826 0.441331
vt 0.926930 0.446097
vt 0.919766 0.448245
vt 0.917940 0.443462
vt 0.976433 0.630293
vt 0.983303 0.630293
vt 0.977158 0.634141
vt 0.978782 0.637394
vt 0.969070 0.362674
vt 0.968875 0.359073
vt 0.974701 0.358309
vt 0.974701 0.364129
vt 0.819738 0.985143
vt 0.823670 0.984268
vt 0.819467 0.989693
vt 0.969734 0.357734
vt 0.974432 0.354904
vt 0.141098 0.985537
vt 0.142590 0.989629
vt 0.136847 0.988573
vt 0.989278 0.749423
vt 0.990795 0.755267
vt 0.988742 0.755190
vt 0.990747 0.839682
vt 0.990747 0.846843
vt 0.988742 0.845559
vt 0.989813 0.841512
vt 0.987992 0.494150
vt 0.986945 0.496518
vt 0.983659 0.494669
vt 0.463873 0.983320
vt 0.460919 0.989215
vt 0.458745 0.985155
vt 0.789337 0.988162
vt 0.789337 0.982170
vt 0.794170 0.985189
vt 0.792614 0.987890
vt 0.321237 0.988843
vt 0.315245 0.988843
vt 0.315234 0.986475
vt 0.320192 0.982672
vt 0.422044 0.984432
vt 0.422262 0.988843
vt 0.416525 0.988843
vt 0.416525 0.982170
vt 0.888009 0.663403
vt 0.877937 0.667502
vt 0.877677 0.660785
vt 0.887953 0.661921
vt 0.877608 0.658918
vt 0.878924 0.630290
vt 0.888407 0.652040
vt 0.878147 0.672734
vt 0.888066 0.664884
vt 0.888407 0.673365
vt 0.822136 0.791568
vt 0.822136 0.811378
vt 0.812929 0.767621
vt 0.812929 0.760784
vt 0.822117 0.816188
vt 0.817372 0.818536
vt 0.812871 0.782710
vt 0.814722 0.820033
vt 0.811756 0.812416
vt 0.828898 0.035414
vt 0.839159 0.003838
vt 0.839159 0.083626
vt 0.828898 0.083506
vt 0.828898 0.024899
vt 0.810208 0.811953
vt 0.811205 0.822664
vt 0.835415 0.004462
vt 0.828908 0.023169
vt 0.829272 0.011475
vt 0.833455 0.000282
vt 0.812491 0.580573
vt 0.821199 0.585423
vt 0.825077 0.601148
vt 0.824731 0.607977
vt 0.823907 0.623043
vt 0.819765 0.652114
vt 0.812568 0.639282
vt 0.812491 0.628049
vt 0.800502 0.173692
vt 0.795857 0.177705
vt 0.783321 0.169902
vt 0.783058 0.165033
vt 0.782052 0.144974
vt 0.790392 0.100584
vt 0.797014 0.096741
vt 0.801605 0.094219
vt 0.988048 0.462377
vt 0.983588 0.462155
vt 0.983588 0.458268
vt 0.988048 0.456930
vt 0.944803 0.577412
vt 0.947617 0.574013
vt 0.952769 0.568071
vt 0.952769 0.582729
vt 0.946650 0.582184
vt 0.849592 0.228871
vt 0.845549 0.248146
vt 0.841824 0.248657
vt 0.840815 0.218184
vt 0.841663 0.246190
vt 0.840207 0.197957
vt 0.850553 0.198438
vt 0.851264 0.222082
vt 0.707090 0.801246
vt 0.713585 0.798455
vt 0.713345 0.806491
vt 0.694110 0.815701
vt 0.690554 0.811876
vt 0.713431 0.830003
vt 0.690095 0.820739
vt 0.830993 0.094222
vt 0.839558 0.119480
vt 0.839559 0.140880
vt 0.829358 0.118712
vt 0.829358 0.175404
vt 0.839559 0.174198
vt 0.850654 0.195248
vt 0.840270 0.195991
vt 0.840648 0.188699
vt 0.850822 0.192010
vt 0.840238 0.196974
vt 0.840914 0.183669
vt 0.851264 0.183743
vt 0.842852 0.782880
vt 0.832643 0.783922
vt 0.833110 0.777095
vt 0.843606 0.771850
vt 0.834134 0.762452
vt 0.844241 0.762770
vt 0.834180 0.761839
vt 0.844391 0.760784
vt 0.843874 0.810469
vt 0.833276 0.800998
vt 0.844216 0.819553
vt 0.833903 0.817648
vt 0.844391 0.824091
vt 0.834256 0.826265
vt 0.052868 0.661034
vt 0.056345 0.662119
vt 0.056398 0.696453
vt 0.055369 0.718125
vt 0.033587 0.729778
vt 0.026365 0.733309
vt 0.007163 0.719871
vt 0.005388 0.716515
vt 0.003857 0.712594
vt 0.000000 0.702487
vt 0.002105 0.698504
vt 0.006410 0.690577
vt 0.019670 0.666595
vt 0.037795 0.663503
vt 0.718459 0.381346
vt 0.716088 0.387651
vt 0.712070 0.397801
vt 0.694999 0.410952
vt 0.670907 0.428026
vt 0.666765 0.420794
vt 0.660571 0.421909
vt 0.660558 0.397338
vt 0.661310 0.339223
vt 0.687197 0.342269
vt 0.698480 0.343978
vt 0.706734 0.358942
vt 0.714672 0.373593
vt 0.566413 0.987087
vt 0.565362 0.982170
vt 0.569840 0.982182
vt 0.569840 0.990028
vt 0.983588 0.237571
vt 0.988038 0.237571
vt 0.985422 0.243601
vt 0.927453 0.246271
vt 0.934618 0.247828
vt 0.934618 0.258719
vt 0.925936 0.245940
vt 0.934618 0.262917
vt 0.924419 0.258290
vt 0.899136 0.402871
vt 0.890715 0.413625
vt 0.888500 0.399941
vt 0.898327 0.392772
vt 0.891819 0.413436
vt 0.899879 0.412035
vt 0.934618 0.263585
vt 0.924913 0.263812
vt 0.899879 0.381927
vt 0.898984 0.388092
vt 0.889567 0.392345
vt 0.891225 0.383640
vt 0.974276 0.556012
vt 0.974276 0.566663
vt 0.968875 0.558408
vt 0.875861 0.149187
vt 0.875867 0.156086
vt 0.875867 0.171518
vt 0.866953 0.180398
vt 0.864009 0.171689
vt 0.860814 0.162074
vt 0.864702 0.155906
vt 0.869971 0.147736
vt 0.153740 0.876192
vt 0.153779 0.858217
vt 0.153740 0.850444
vt 0.160696 0.861808
vt 0.166988 0.871828
vt 0.162578 0.885028
vt 0.624948 0.930128
vt 0.633631 0.932017
vt 0.634051 0.944621
vt 0.624948 0.942711
vt 0.508719 0.930656
vt 0.502094 0.932375
vt 0.502094 0.921740
vt 0.502094 0.907768
vt 0.505870 0.907563
vt 0.490813 0.719559
vt 0.456055 0.709171
vt 0.456055 0.663722
vt 0.459330 0.665462
vt 0.475909 0.720797
vt 0.462401 0.717826
vt 0.898529 0.581197
vt 0.898051 0.588126
vt 0.890517 0.586117
vt 0.891634 0.580573
vt 0.890012 0.591454
vt 0.898152 0.601935
vt 0.889150 0.600795
vt 0.470450 0.922985
vt 0.460207 0.922078
vt 0.470450 0.904196
vt 0.470448 0.901429
vt 0.460426 0.918243
vt 0.470440 0.900529
vt 0.888744 0.607913
vt 0.898529 0.616889
vt 0.888236 0.616895
vt 0.491823 0.715870
vt 0.499173 0.697241
vt 0.465398 0.662246
vt 0.467084 0.660558
vt 0.464583 0.663063
vt 0.424387 0.721195
vt 0.421192 0.718246
vt 0.416827 0.716896
vt 0.413204 0.718785
vt 0.412800 0.691495
vt 0.412800 0.670188
vt 0.417952 0.663894
vt 0.423230 0.662612
vt 0.432480 0.660558
vt 0.439670 0.661089
vt 0.448744 0.661792
vt 0.454721 0.679609
vt 0.455822 0.683107
vt 0.993125 0.546397
vt 0.995321 0.546397
vt 0.995321 0.550560
vt 0.993330 0.550173
vt 0.988742 0.206699
vt 0.992905 0.206699
vt 0.991598 0.211155
vt 0.986880 0.783208
vt 0.983588 0.786588
vt 0.983588 0.779890
vt 0.541272 0.870890
vt 0.544030 0.869590
vt 0.544734 0.890962
vt 0.537292 0.896973
vt 0.532643 0.892447
vt 0.538948 0.888816
vt 0.542315 0.898267
vt 0.543903 0.897704
vt 0.540653 0.876664
vt 0.544734 0.895981
vt 0.533410 0.889199
vt 0.537650 0.871542
vt 0.527956 0.897060
vt 0.521164 0.897866
vt 0.520454 0.891119
vt 0.521164 0.869590
vt 0.527595 0.871460
vt 0.531870 0.889175
vt 0.532643 0.892433
vt 0.925246 0.968610
vt 0.925246 0.973886
vt 0.922943 0.971745
vt 0.822808 0.759204
vt 0.823108 0.752170
vt 0.827164 0.759815
vt 0.832374 0.752568
vt 0.832783 0.758788
vt 0.828528 0.759507
vt 0.828289 0.745793
vt 0.922372 0.964484
vt 0.919812 0.970325
vt 0.924180 0.960458
vt 0.993593 0.653414
vt 0.993125 0.661311
vt 0.993453 0.648822
vt 0.282264 0.968617
vt 0.288770 0.960457
vt 0.288770 0.973010
vt 0.285333 0.972984
vt 0.969323 0.842291
vt 0.970797 0.840870
vt 0.973536 0.846809
vt 0.968875 0.852762
vt 0.968992 0.849055
vt 0.931905 0.357958
vt 0.931906 0.345405
vt 0.939505 0.345405
vt 0.942105 0.348888
vt 0.942105 0.361480
vt 0.937925 0.360062
vt 0.962436 0.668205
vt 0.964976 0.664710
vt 0.967108 0.667560
vt 0.967108 0.659347
vt 0.963671 0.657914
vt 0.961011 0.666235
vt 0.960784 0.663749
vt 0.960870 0.659746
vt 0.285348 0.986253
vt 0.290084 0.983732
vt 0.288591 0.989999
vt 0.285348 0.989634
vt 0.516286 0.970247
vt 0.513739 0.970352
vt 0.508261 0.970278
vt 0.508261 0.963927
vt 0.515902 0.962793
vt 0.988742 0.190323
vt 0.992076 0.190320
vt 0.990510 0.193427
vt 0.508414 0.962308
vt 0.511477 0.960457
vt 0.727050 0.960457
vt 0.728793 0.964364
vt 0.728793 0.970844
vt 0.724081 0.970596
vt 0.721536 0.967164
vt 0.725184 0.962194
vt 0.975344 0.839728
vt 0.968875 0.840801
vt 0.968875 0.832598
vt 0.972374 0.832726
vt 0.975045 0.836148
vt 0.605132 0.982547
vt 0.606615 0.990373
vt 0.602379 0.990278
vt 0.811545 0.278152
vt 0.814794 0.272614
vt 0.816719 0.273782
vt 0.818547 0.275136
vt 0.819396 0.280211
vt 0.811514 0.324512
vt 0.811514 0.288718
vt 0.817633 0.274459
vt 0.498942 0.820566
vt 0.483925 0.821442
vt 0.491917 0.771404
vt 0.495661 0.768317
vt 0.498910 0.773895
vt 0.498942 0.784532
vt 0.056240 0.829808
vt 0.055685 0.835050
vt 0.051083 0.835029
vt 0.051083 0.784357
vt 0.988742 0.524597
vt 0.989630 0.520594
vt 0.992382 0.524580
vt 0.826530 0.325395
vt 0.887936 0.958957
vt 0.886065 0.955607
vt 0.887328 0.949636
vt 0.889505 0.958833
vt 0.889505 0.948309
vt 0.967661 0.552794
vt 0.963633 0.549853
vt 0.966383 0.550163
vt 0.966363 0.555732
vt 0.960784 0.549580
vt 0.961204 0.552186
vt 0.960994 0.553457
vt 0.964099 0.559215
vt 0.884989 0.956691
vt 0.880560 0.955568
vt 0.881631 0.951582
vt 0.416187 0.949569
vt 0.417664 0.953082
vt 0.410019 0.959488
vt 0.408874 0.949465
vt 0.412479 0.949490
vt 0.995778 0.030565
vt 0.993125 0.031539
vt 0.993125 0.027730
vt 0.865538 0.961659
vt 0.872576 0.960457
vt 0.872576 0.969257
vt 0.868000 0.969260
vt 0.864040 0.965360
vt 0.988844 0.360287
vt 0.989975 0.356398
vt 0.991208 0.362946
vt 0.530639 0.908507
vt 0.520456 0.914438
vt 0.520454 0.901265
vt 0.520457 0.915448
vt 0.530639 0.909411
vt 0.530643 0.912682
vt 0.520458 0.916459
vt 0.530679 0.922566
vt 0.520480 0.922566
vt 0.846595 0.911549
vt 0.856517 0.911909
vt 0.856305 0.916667
vt 0.845772 0.925210
vt 0.856353 0.920918
vt 0.850128 0.930700
vt 0.845833 0.930706
vt 0.856517 0.930684
vt 0.025938 0.982170
vt 0.030195 0.986838
vt 0.025938 0.990295
vt 0.849057 0.162122
vt 0.856503 0.160762
vt 0.856845 0.176048
vt 0.856489 0.183201
vt 0.843631 0.177566
vt 0.839559 0.173837
vt 0.675647 0.917046
vt 0.668287 0.911244
vt 0.664716 0.907820
vt 0.665827 0.898341
vt 0.676140 0.898341
vt 0.676599 0.908098
vt 0.676695 0.912341
vt 0.855971 0.930705
vt 0.855971 0.945254
vt 0.851851 0.944051
vt 0.845772 0.942033
vt 0.845772 0.931416
vt 0.744224 0.968205
vt 0.742573 0.960457
vt 0.749737 0.960927
vt 0.749737 0.971151
vt 0.530662 0.906479
vt 0.520477 0.900169
vt 0.527854 0.899496
vt 0.245435 0.905470
vt 0.253914 0.901312
vt 0.252092 0.907901
vt 0.541595 0.937375
vt 0.540006 0.949776
vt 0.533666 0.945559
vt 0.531610 0.937375
vt 0.949899 0.142053
vt 0.954009 0.156950
vt 0.946594 0.155116
vt 0.951160 0.142030
vt 0.954009 0.142001
vt 0.876253 0.975256
vt 0.876430 0.960458
vt 0.880044 0.961190
vt 0.256083 0.909156
vt 0.255806 0.903273
vt 0.255824 0.917527
vt 0.255646 0.921080
vt 0.256095 0.911557
vt 0.255522 0.921786
vt 0.251998 0.922279
vt 0.245551 0.906617
vt 0.245318 0.911141
vt 0.669403 0.985452
vt 0.668538 0.982170
vt 0.674187 0.984727
vt 0.674187 0.988162
vt 0.762881 0.498772
vt 0.760902 0.508909
vt 0.756461 0.510462
vt 0.757799 0.496724
vt 0.773442 0.899235
vt 0.770151 0.902188
vt 0.764143 0.905483
vt 0.757204 0.904051
vt 0.757169 0.888657
vt 0.761145 0.890296
vt 0.770855 0.892440
vt 0.962792 0.687928
vt 0.960784 0.683120
vt 0.962737 0.679508
vt 0.967133 0.678410
vt 0.967133 0.688610
vt 0.373365 0.942187
vt 0.374611 0.952881
vt 0.364412 0.951805
vt 0.368878 0.943233
vt 0.037032 0.931347
vt 0.041963 0.930678
vt 0.047009 0.932051
vt 0.402006 0.982526
vt 0.405393 0.982170
vt 0.406336 0.985960
vt 0.406538 0.989712
vt 0.402006 0.990011
vt 0.046987 0.932894
vt 0.036909 0.934199
vt 0.093437 0.991755
vt 0.089170 0.992457
vt 0.093437 0.988463
vt 0.939355 0.385550
vt 0.939355 0.403183
vt 0.933458 0.401541
vt 0.930186 0.398922
vt 0.929917 0.387304
vt 0.934379 0.385683
vt 0.960784 0.644095
vt 0.960835 0.639904
vt 0.964188 0.643978
vt 0.047009 0.943959
vt 0.039375 0.941437
vt 0.046969 0.938375
vt 0.046966 0.933736
vt 0.458703 0.943724
vt 0.453251 0.947977
vt 0.453154 0.930997
vt 0.455440 0.933954
vt 0.456946 0.937468
vt 0.036771 0.937763
vt 0.036570 0.943231
vt 0.895581 0.893857
vt 0.894388 0.885375
vt 0.902489 0.863353
vt 0.902489 0.895376
vt 0.780878 0.853670
vt 0.774232 0.853631
vt 0.778622 0.844526
vt 0.761790 0.853902
vt 0.770309 0.822443
vt 0.777629 0.841639
vt 0.772248 0.853698
vt 0.752764 0.820286
vt 0.759986 0.844818
vt 0.760863 0.851165
vt 0.740634 0.850938
vt 0.743956 0.840516
vt 0.924020 0.572050
vt 0.925823 0.553005
vt 0.934036 0.556911
vt 0.927742 0.566480
vt 0.963338 0.621141
vt 0.965614 0.633886
vt 0.960919 0.633228
vt 0.965591 0.951716
vt 0.964213 0.942934
vt 0.966284 0.941335
vt 0.964897 0.950815
vt 0.960784 0.945401
vt 0.981118 0.382083
vt 0.976433 0.384051
vt 0.977427 0.373585
vt 0.980861 0.374151
vt 0.529273 0.970587
vt 0.521438 0.970587
vt 0.521438 0.960458
vt 0.986190 0.479615
vt 0.983588 0.479677
vt 0.985088 0.472191
vt 0.986588 0.475406
vt 0.968875 0.025976
vt 0.968875 0.016751
vt 0.972231 0.015869
vt 0.968875 0.010518
vt 0.971586 0.014871
vt 0.836967 0.455670
vt 0.847195 0.440306
vt 0.847157 0.455231
vt 0.868089 0.398079
vt 0.873452 0.381928
vt 0.878300 0.381928
vt 0.878292 0.410510
vt 0.868089 0.396808
vt 0.868094 0.381927
vt 0.841565 0.404952
vt 0.836985 0.411464
vt 0.836989 0.399633
vt 0.836970 0.449288
vt 0.847206 0.412858
vt 0.878293 0.413192
vt 0.878300 0.431246
vt 0.868100 0.429938
vt 0.868089 0.399349
vt 0.836977 0.389085
vt 0.215392 0.660573
vt 0.245318 0.661007
vt 0.245318 0.717838
vt 0.237815 0.725336
vt 0.221181 0.714437
vt 0.203765 0.690765
vt 0.200213 0.677558
vt 0.195999 0.660939
vt 0.152848 0.661159
vt 0.151945 0.668122
vt 0.148900 0.678224
vt 0.141459 0.688446
vt 0.117471 0.721070
vt 0.113422 0.726575
vt 0.110300 0.724441
vt 0.107681 0.718207
vt 0.103946 0.708982
vt 0.103946 0.660857
vt 0.120099 0.660578
vt 0.145199 0.960458
vt 0.152696 0.960458
vt 0.151698 0.967301
vt 0.146347 0.970657
vt 0.144213 0.970657
vt 0.862392 0.818018
vt 0.856193 0.818018
vt 0.856193 0.761187
vt 0.861038 0.760983
vt 0.866393 0.760784
vt 0.866393 0.808909
vt 0.944476 0.181388
vt 0.938553 0.187555
vt 0.938455 0.184703
vt 0.941380 0.179853
vt 0.938307 0.180532
vt 0.452187 0.939569
vt 0.444953 0.941790
vt 0.441981 0.936186
vt 0.441989 0.932414
vt 0.452184 0.941041
vt 0.452197 0.943406
vt 0.447911 0.945063
vt 0.452212 0.944357
vt 0.948767 0.183296
vt 0.948769 0.185678
vt 0.938553 0.191952
vt 0.948769 0.192089
vt 0.407469 0.937123
vt 0.413946 0.939605
vt 0.407488 0.947910
vt 0.452198 0.934352
vt 0.442022 0.930847
vt 0.452228 0.932825
vt 0.452191 0.938098
vt 0.945240 0.825291
vt 0.947653 0.825468
vt 0.947653 0.836228
vt 0.945099 0.840455
vt 0.940507 0.835981
vt 0.938799 0.832969
vt 0.941045 0.828506
vt 0.503911 0.932419
vt 0.507667 0.936649
vt 0.507131 0.942990
vt 0.506002 0.946223
vt 0.502480 0.948856
vt 0.500934 0.945331
vt 0.501116 0.933237
vt 0.983588 0.606745
vt 0.985879 0.610397
vt 0.983588 0.616944
vt 0.980769 0.484382
vt 0.976952 0.484382
vt 0.976433 0.474199
vt 0.981330 0.474199
vt 0.760075 0.982388
vt 0.763496 0.982170
vt 0.758120 0.987248
vt 0.763496 0.988176
vt 0.503957 0.983055
vt 0.502398 0.987536
vt 0.498574 0.988942
vt 0.498574 0.982170
vt 0.995707 0.524199
vt 0.993125 0.524199
vt 0.993125 0.520516
vt 0.988742 0.393176
vt 0.988742 0.388432
vt 0.992424 0.393176
vt 0.982272 0.373249
vt 0.978840 0.369298
vt 0.982272 0.364548
vt 0.976433 0.371676
vt 0.934381 0.466181
vt 0.939179 0.450463
vt 0.940002 0.464576
vt 0.930563 0.453552
vt 0.930124 0.463469
vt 0.930124 0.457467
vt 0.983588 0.378999
vt 0.986796 0.372798
vt 0.986796 0.380696
vt 0.931438 0.449053
vt 0.942232 0.890566
vt 0.942940 0.898403
vt 0.942940 0.909130
vt 0.934887 0.905846
vt 0.935340 0.891680
vt 0.061597 0.982170
vt 0.062828 0.986598
vt 0.063312 0.990506
vt 0.057999 0.990506
vt 0.057999 0.982644
vt 0.968875 0.425841
vt 0.968875 0.415124
vt 0.974185 0.415293
vt 0.974338 0.421293
vt 0.245809 0.929169
vt 0.245578 0.923098
vt 0.255976 0.922492
vt 0.256054 0.924542
vt 0.245850 0.930261
vt 0.256029 0.932906
vt 0.245578 0.938695
vt 0.719791 0.861673
vt 0.727270 0.872893
vt 0.727265 0.893211
vt 0.716028 0.895269
vt 0.716032 0.879868
vt 0.261352 0.974067
vt 0.261352 0.960457
vt 0.266643 0.966678
vt 0.718977 0.861548
vt 0.716028 0.863101
vt 0.298749 0.898713
vt 0.294634 0.899115
vt 0.294925 0.867323
vt 0.300679 0.881578
vt 0.304760 0.896662
vt 0.251759 0.883114
vt 0.259976 0.880363
vt 0.259976 0.899783
vt 0.253827 0.900666
vt 0.245318 0.898641
vt 0.201669 0.984989
vt 0.205061 0.982170
vt 0.206679 0.990301
vt 0.894628 0.552625
vt 0.894628 0.522554
vt 0.904828 0.524794
vt 0.903794 0.551432
vt 0.128010 0.991432
vt 0.127447 0.982170
vt 0.131826 0.987805
vt 0.676026 0.956306
vt 0.666235 0.956306
vt 0.666595 0.951372
vt 0.667873 0.947935
vt 0.953869 0.221562
vt 0.958948 0.229227
vt 0.952587 0.233431
vt 0.770214 0.982330
vt 0.775270 0.982170
vt 0.775270 0.988524
vt 0.771984 0.986835
vt 0.952030 0.194659
vt 0.957450 0.196292
vt 0.952030 0.203321
vt 0.956905 0.204321
vt 0.954215 0.192698
vt 0.957070 0.193182
vt 0.960784 0.877807
vt 0.960784 0.868546
vt 0.964192 0.867966
vt 0.440164 0.970657
vt 0.440164 0.960457
vt 0.447851 0.961501
vt 0.444510 0.970657
vt 0.995226 0.009160
vt 0.993125 0.012964
vt 0.993125 0.006719
vt 0.963376 0.384740
vt 0.967428 0.384067
vt 0.967428 0.394253
vt 0.962468 0.392778
vt 0.961985 0.387707
vt 0.463879 0.982272
vt 0.467722 0.982170
vt 0.468589 0.987298
vt 0.464917 0.989945
vt 0.966355 0.873484
vt 0.963991 0.875792
vt 0.964554 0.868721
vt 0.909299 0.789511
vt 0.900107 0.772907
vt 0.910313 0.760784
vt 0.040462 0.789542
vt 0.050601 0.745235
vt 0.050601 0.795495
vt 0.040462 0.787991
vt 0.040459 0.784840
vt 0.045470 0.739783
vt 0.049272 0.733928
vt 0.785872 0.273650
vt 0.787809 0.329277
vt 0.759082 0.329277
vt 0.779958 0.283477
vt 0.887246 0.244410
vt 0.886304 0.227908
vt 0.890298 0.227975
vt 0.891990 0.242903
vt 0.861613 0.054561
vt 0.861917 -0.000000
vt 0.865730 0.005663
vt 0.870799 0.050194
vt 0.870799 0.054194
vt 0.908284 0.789510
vt 0.900107 0.789505
vt 0.900107 0.773913
vt 0.935556 0.241224
vt 0.939070 0.233897
vt 0.942546 0.235673
vt 0.944630 0.245578
vt 0.933911 0.245578
vt 0.001621 0.985892
vt -0.000000 0.992904
vt -0.000000 0.982170
vt 0.004228 0.991930
vt 0.001072 0.992680
vt 0.654748 0.944724
vt 0.651829 0.947065
vt 0.648629 0.941648
vt 0.644732 0.934687
vt 0.651306 0.934632
vt 0.655365 0.934632
vt 0.806421 0.982170
vt 0.806421 0.990150
vt 0.802870 0.988592
vt 0.803447 0.983462
vt 0.983588 0.485328
vt 0.986569 0.479677
vt 0.986569 0.487808
vt 0.991348 0.022638
vt 0.988742 0.023144
vt 0.988761 0.018469
vt 0.991348 0.015457
vt 0.198794 0.984559
vt 0.196668 0.990825
vt 0.196668 0.982170
vt 0.200295 0.989967
vt 0.976433 0.924880
vt 0.980118 0.925659
vt 0.981664 0.928715
vt 0.976433 0.933667
vt 0.124694 0.941338
vt 0.128125 0.936603
vt 0.133148 0.944985
vt 0.134186 0.945003
vt 0.135221 0.931105
vt 0.135224 0.934981
vt 0.876975 0.578995
vt 0.873364 0.574532
vt 0.886206 0.580284
vt 0.873411 0.573065
vt 0.874348 0.571298
vt 0.886206 0.565272
vt 0.870185 0.817792
vt 0.866393 0.818774
vt 0.866393 0.803761
vt 0.879997 0.815223
vt 0.880570 0.923255
vt 0.889711 0.917864
vt 0.890777 0.935684
vt 0.881321 0.926330
vt 0.971491 0.246037
vt 0.974543 0.238979
vt 0.974543 0.249561
vt 0.990222 0.654153
vt 0.988742 0.659486
vt 0.989465 0.649587
vt 0.968875 0.243230
vt 0.988204 0.098166
vt 0.983588 0.098166
vt 0.983588 0.094265
vt 0.987458 0.092695
vt 0.991493 0.704715
vt 0.988742 0.707453
vt 0.988742 0.701950
vt 0.146551 0.879894
vt 0.151937 0.908841
vt 0.146551 0.908706
vt 0.153712 0.908903
vt 0.148742 0.880327
vt 0.150701 0.881836
vt 0.876196 0.087015
vt 0.869287 0.086335
vt 0.860599 0.076923
vt 0.876196 0.054598
vt 0.892417 0.461259
vt 0.888974 0.461136
vt 0.893938 0.429152
vt 0.897135 0.429016
vt 0.898457 0.432628
vt 0.897479 0.461411
vt 0.899275 0.455787
vt 0.123014 0.848302
vt 0.103946 0.827970
vt 0.112578 0.817332
vt 0.122705 0.815679
vt 0.123486 0.821242
vt 0.123486 0.844424
vt 0.577886 0.946187
vt 0.587131 0.946187
vt 0.587660 0.953109
vt 0.584472 0.954529
vt 0.578818 0.956460
vt 0.726123 0.958566
vt 0.716878 0.958566
vt 0.716878 0.948333
vt 0.723089 0.949009
vt 0.335543 0.960457
vt 0.343878 0.967721
vt 0.335543 0.970381
vt 0.934340 0.208006
vt 0.941439 0.214549
vt 0.934340 0.219054
vt 0.016381 0.948031
vt 0.023415 0.957777
vt 0.014666 0.957777
vt 0.942631 0.213665
vt 0.938037 0.209340
vt 0.845772 0.945254
vt 0.855695 0.945254
vt 0.847927 0.955653
vt 0.845886 0.949207
vt 0.772624 0.067185
vt 0.770539 0.077137
vt 0.769837 0.067630
vt 0.773365 0.067080
vt 0.771362 0.086427
vt 0.774107 0.066975
vt 0.781561 0.068376
vt 0.788425 0.067565
vt 0.779120 0.089690
vt 0.782998 0.091212
vt 0.793156 0.073776
vt 0.789012 0.093485
vt 0.793479 0.066975
vt 0.737844 0.925302
vt 0.737994 0.905228
vt 0.741648 0.913345
vt 0.745246 0.900140
vt 0.742550 0.910488
vt 0.737844 0.898441
vt 0.743440 0.509973
vt 0.730214 0.508174
vt 0.718996 0.509973
vt 0.719917 0.500153
vt 0.720956 0.490563
vt 0.728824 0.487575
vt 0.732755 0.486195
vt 0.738848 0.484144
vt 0.742496 0.497788
vt 0.548679 0.950797
vt 0.547714 0.957568
vt 0.541885 0.957568
vt 0.541885 0.944364
vt 0.549356 0.945809
vt 0.965258 0.617301
vt 0.960784 0.620396
vt 0.960784 0.609158
vt 0.966613 0.609158
vt 0.960784 0.369584
vt 0.961615 0.357470
vt 0.966412 0.359325
vt 0.964310 0.363186
vt 0.960784 0.810204
vt 0.960784 0.822323
vt 0.953374 0.814589
vt 0.912510 0.953698
vt 0.911331 0.954883
vt 0.903237 0.957261
vt 0.903237 0.946550
vt 0.909044 0.950989
vt 0.224394 0.982170
vt 0.224394 0.990342
vt 0.219848 0.989545
vt 0.994609 0.938326
vt 0.993125 0.938972
vt 0.993125 0.934592
vt 0.968875 0.921515
vt 0.971523 0.920912
vt 0.972559 0.935552
vt 0.969825 0.932058
vt 0.978681 0.326292
vt 0.980787 0.327478
vt 0.976776 0.334323
vt 0.981738 0.334793
vt 0.977118 0.335328
vt 0.981387 0.329591
vt 0.981640 0.554666
vt 0.979394 0.558299
vt 0.976709 0.550463
vt 0.981640 0.549552
vt 0.189815 0.989830
vt 0.191951 0.982170
vt 0.191702 0.992607
vt 0.193851 0.982321
vt 0.370125 0.982287
vt 0.373984 0.988038
vt 0.372155 0.992272
vt 0.370130 0.987258
vt 0.373122 0.982170
vt 0.976433 0.657287
vt 0.978579 0.649632
vt 0.981457 0.657287
vt 0.979241 0.656796
vt 0.365736 0.991111
vt 0.368018 0.983214
vt 0.367573 0.988147
vt 0.873317 0.564807
vt 0.873782 0.556253
vt 0.884428 0.548973
vt 0.883570 0.565272
vt 0.923129 0.094219
vt 0.923129 0.103481
vt 0.912929 0.113029
vt 0.912929 0.098062
vt 0.923129 0.117079
vt 0.912929 0.117483
vt 0.874387 0.543980
vt 0.884316 0.546309
vt 0.873506 0.526317
vt 0.883769 0.535361
vt 0.873317 0.522554
vt 0.883465 0.529280
vt 0.874318 0.546366
vt 0.815893 0.659659
vt 0.820943 0.652655
vt 0.825077 0.654898
vt 0.825077 0.683409
vt 0.825020 0.702933
vt 0.822275 0.697169
vt 0.809754 0.668949
vt 0.852098 0.254733
vt 0.861335 0.268294
vt 0.859643 0.272227
vt 0.851634 0.288961
vt 0.847172 0.298263
vt 0.847172 0.266713
vt 0.847200 0.257373
vt 0.973575 0.498470
vt 0.974435 0.508712
vt 0.968875 0.508492
vt 0.968875 0.498284
vt 0.949385 0.494391
vt 0.941859 0.494214
vt 0.941859 0.484011
vt 0.946517 0.484121
vt 0.950533 0.484215
vt 0.950630 0.494420
vt 0.840328 0.156762
vt 0.850286 0.148692
vt 0.850693 0.154872
vt 0.840243 0.155468
vt 0.839559 0.144953
vt 0.849863 0.142181
vt 0.839654 0.138642
vt 0.849922 0.138274
vt 0.891469 0.086281
vt 0.881832 0.043402
vt 0.885294 0.043447
vt 0.891469 0.055398
vt 0.891462 0.043534
vt 0.149102 0.992371
vt 0.149391 0.982170
vt 0.153251 0.982170
vt 0.153294 0.992371
vt 0.880999 0.082733
vt 0.881245 0.066266
vt 0.881323 0.055033
vt 0.720454 0.471382
vt 0.722444 0.467870
vt 0.745406 0.428420
vt 0.749423 0.428454
vt 0.754082 0.428543
vt 0.756998 0.431526
vt 0.757626 0.450708
vt 0.752405 0.462256
vt 0.757626 0.476527
vt 0.746279 0.479105
vt 0.735328 0.481611
vt 0.718996 0.484144
vt 0.719695 0.477926
vt 0.503172 0.660630
vt 0.511946 0.660560
vt 0.535534 0.699823
vt 0.538694 0.705525
vt 0.539995 0.718406
vt 0.510517 0.711357
vt 0.499173 0.707824
vt 0.504281 0.694269
vt 0.499173 0.682671
vt 0.499973 0.663839
vt 0.893516 0.719278
vt 0.893516 0.704086
vt 0.903711 0.704376
vt 0.903303 0.718848
vt 0.897032 0.719146
vt 0.008742 0.960457
vt 0.008742 0.970657
vt 0.000000 0.970730
vt 0.000000 0.960530
vt 0.910079 0.327507
vt 0.910079 0.345198
vt 0.899879 0.345169
vt 0.899879 0.327154
vt 0.840417 0.095043
vt 0.850693 0.094219
vt 0.485987 0.988476
vt 0.482194 0.987916
vt 0.485987 0.982354
vt 0.480059 0.982170
vt 0.983644 0.650973
vt 0.985728 0.653095
vt 0.983588 0.654849
vt 0.212185 0.957029
vt 0.211824 0.948356
vt 0.215659 0.948779
vt 0.215362 0.952150
vt 0.215659 0.955852
vt 0.208533 0.957485
vt 0.211339 0.957341
vt 0.207246 0.956383
vt 0.206650 0.951882
vt 0.208998 0.946459
vt 0.983588 0.648450
vt 0.986215 0.649682
vt 0.250080 0.962912
vt 0.252449 0.966546
vt 0.249875 0.970748
vt 0.245365 0.964996
vt 0.248986 0.970855
vt 0.245344 0.970933
vt 0.350630 0.970492
vt 0.350790 0.961821
vt 0.356554 0.961152
vt 0.358835 0.967450
vt 0.356472 0.968333
vt 0.352793 0.969557
vt 0.985074 0.722337
vt 0.986444 0.730261
vt 0.983588 0.728474
vt 0.961120 0.064691
vt 0.960784 0.056774
vt 0.967312 0.058911
vt 0.964317 0.066561
vt 0.944855 0.041669
vt 0.946561 0.050277
vt 0.941870 0.050197
vt 0.951049 0.043328
vt 0.952179 0.048740
vt 0.950997 0.039650
vt 0.944970 0.040660
vt 0.966403 0.721920
vt 0.960951 0.722476
vt 0.960784 0.717558
vt 0.966320 0.723371
vt 0.960784 0.728847
vt 0.835413 0.653824
vt 0.839956 0.654953
vt 0.841986 0.668175
vt 0.925285 0.542632
vt 0.926878 0.522790
vt 0.933140 0.525168
vt 0.934588 0.536238
vt 0.930629 0.539161
vt 0.835413 0.673415
vt 0.566427 0.966341
vt 0.561427 0.970248
vt 0.560744 0.960535
vt 0.565339 0.960457
vt 0.932534 0.885671
vt 0.925889 0.882166
vt 0.923038 0.879836
vt 0.923038 0.869910
vt 0.928424 0.867013
vt 0.933237 0.873415
vt 0.558414 0.960575
vt 0.558376 0.969962
vt 0.868373 0.949506
vt 0.863348 0.951811
vt 0.858523 0.949954
vt 0.858523 0.940028
vt 0.867908 0.940224
vt 0.845580 0.655875
vt 0.845644 0.665160
vt 0.683672 0.982170
vt 0.683672 0.988973
vt 0.679568 0.987287
vt 0.735016 0.990089
vt 0.736019 0.983540
vt 0.737577 0.984717
vt 0.941237 0.122785
vt 0.942492 0.119075
vt 0.949000 0.125744
vt 0.949053 0.128832
vt 0.941237 0.129674
vt 0.944312 0.134402
vt 0.841444 0.746947
vt 0.841717 0.755368
vt 0.840622 0.760387
vt 0.835533 0.754666
vt 0.836270 0.750709
vt 0.992693 0.173613
vt 0.991520 0.178347
vt 0.989168 0.175486
vt 0.973682 0.233719
vt 0.968875 0.233719
vt 0.968875 0.226478
vt 0.973609 0.226478
vt 0.970409 0.238528
vt 0.838324 0.298263
vt 0.844714 0.298304
vt 0.847965 0.317923
vt 0.847895 0.321742
vt 0.837320 0.352845
vt 0.883089 0.673419
vt 0.883089 0.682126
vt 0.872889 0.699943
vt 0.872890 0.673420
vt 0.883089 0.718792
vt 0.872889 0.716604
vt 0.839200 0.073277
vt 0.846084 0.087406
vt 0.839159 0.093404
vt 0.366216 0.660747
vt 0.404093 0.660558
vt 0.412800 0.660558
vt 0.411179 0.714050
vt 0.404043 0.718936
vt 0.372448 0.674290
vt 0.455158 0.747640
vt 0.455093 0.764252
vt 0.415910 0.744028
vt 0.412800 0.741847
vt 0.416134 0.737718
vt 0.428933 0.722184
vt 0.455158 0.721195
vt 0.638134 0.988687
vt 0.638272 0.982170
vt 0.643371 0.982170
vt 0.643371 0.988551
vt 0.867195 0.147736
vt 0.860814 0.147736
vt 0.860814 0.094219
vt 0.871014 0.094226
vt 0.871014 0.120582
vt 0.869761 0.129666
vt 0.839159 0.067970
vt 0.859054 0.066631
vt 0.859867 0.075476
vt 0.993125 0.333909
vt 0.994322 0.339734
vt 0.993125 0.343015
vt 0.274187 0.948572
vt 0.277468 0.943847
vt 0.277663 0.945908
vt 0.280868 0.951519
vt 0.274187 0.957550
vt 0.490448 0.989940
vt 0.490448 0.982170
vt 0.495196 0.982170
vt 0.960809 0.644095
vt 0.965494 0.650144
vt 0.965494 0.657914
vt 0.960784 0.653077
vt 0.973098 0.989860
vt 0.973098 0.982170
vt 0.976832 0.985101
vt 0.542021 0.983317
vt 0.542858 0.990755
vt 0.538716 0.987880
vt 0.222581 0.951847
vt 0.229078 0.951945
vt 0.222323 0.953552
vt 0.397591 0.958252
vt 0.393438 0.956192
vt 0.395153 0.952130
vt 0.398708 0.957920
vt 0.398708 0.948709
vt 0.389615 0.951315
vt 0.396687 0.948043
vt 0.391064 0.953631
vt 0.231132 0.954691
vt 0.222323 0.958891
vt 0.230181 0.957480
vt 0.225299 0.959759
vt 0.986598 0.583209
vt 0.987275 0.589617
vt 0.983588 0.589617
vt 0.893677 0.958891
vt 0.891024 0.958252
vt 0.891024 0.948567
vt 0.893581 0.948376
vt 0.899902 0.952359
vt 0.898797 0.954893
vt 0.942798 0.278992
vt 0.944499 0.282727
vt 0.944653 0.290823
vt 0.935775 0.277793
vt 0.935775 0.274751
vt 0.988742 0.832460
vt 0.991038 0.826644
vt 0.991038 0.832941
vt 0.364494 0.933862
vt 0.370834 0.935336
vt 0.364454 0.937235
vt 0.936718 0.289975
vt 0.935862 0.285281
vt 0.968875 0.526423
vt 0.972530 0.523441
vt 0.971650 0.529383
vt 0.365374 0.926701
vt 0.371663 0.932791
vt 0.364514 0.931956
vt 0.366337 0.926445
vt 0.374704 0.932014
vt 0.939519 0.291044
vt 0.776751 0.173609
vt 0.779629 0.171283
vt 0.779604 0.175288
vt 0.779629 0.183654
vt 0.776655 0.183448
vt 0.769697 0.182590
vt 0.770905 0.179641
vt 0.740300 0.639176
vt 0.744143 0.636064
vt 0.751060 0.640572
vt 0.754180 0.642559
vt 0.754203 0.648313
vt 0.745202 0.652023
vt 0.741295 0.650888
vt 0.739731 0.645078
vt 0.902138 0.040999
vt 0.901639 0.037306
vt 0.911839 0.037305
vt 0.911369 0.042111
vt 0.905784 0.042425
vt 0.911839 0.028950
vt 0.901639 0.029060
vt 0.907801 0.027764
vt 0.370348 0.942151
vt 0.364412 0.940175
vt 0.374670 0.934074
vt 0.374423 0.938952
vt 0.374300 0.941375
vt 0.766232 0.948070
vt 0.766476 0.941010
vt 0.769417 0.941357
vt 0.011888 0.931931
vt 0.008964 0.934638
vt -0.000000 0.929828
vt 0.000038 0.925511
vt 0.007731 0.926638
vt 0.000569 0.937019
vt 0.769038 0.945190
vt 0.773704 0.948333
vt 0.767013 0.954513
vt 0.771184 0.951228
vt 0.767794 0.954226
vt 0.639246 0.945373
vt 0.635188 0.940380
vt 0.640020 0.933417
vt 0.643628 0.935297
vt 0.643811 0.940566
vt 0.643516 0.947772
vt 0.390817 0.989740
vt 0.389331 0.982170
vt 0.394432 0.982170
vt 0.967841 0.000000
vt 0.967841 0.007715
vt 0.964292 0.009644
vt 0.960784 0.005659
vt 0.961460 0.000004
vt 0.870799 -0.000000
vt 0.880999 0.003817
vt 0.880999 0.014327
vt 0.870799 0.020339
vt 0.880999 0.021248
vt 0.873549 0.029309
vt 0.870799 0.027406
vt 0.870799 0.030553
vt 0.880999 0.038199
vt 0.880999 0.042224
vt 0.870799 0.037542
vt 0.880999 0.045016
vt 0.870799 0.046710
vt 0.211789 0.932794
vt 0.217242 0.928675
vt 0.217200 0.932170
vt 0.206650 0.931032
vt 0.206760 0.921105
vt 0.217335 0.919031
vt 0.217123 0.913849
vt 0.206705 0.919766
vt 0.726172 0.937330
vt 0.731988 0.928155
vt 0.737519 0.937330
vt 0.735007 0.922189
vt 0.876630 0.047961
vt 0.870799 0.047531
vt 0.873663 0.493140
vt 0.882152 0.484618
vt 0.873553 0.498868
vt 0.877666 0.510566
vt 0.873228 0.507767
vt 0.991300 0.433104
vt 0.988742 0.427850
vt 0.991300 0.426433
vt 0.883042 0.483490
vt 0.878352 0.468179
vt 0.883508 0.466754
vt 0.883770 0.495424
vt 0.883072 0.484680
vt 0.883449 0.510896
vt 0.418273 0.807625
vt 0.413275 0.806094
vt 0.412834 0.782797
vt 0.412800 0.774766
vt 0.414283 0.771991
vt 0.423413 0.768945
vt 0.436488 0.764607
vt 0.440080 0.765746
vt 0.440080 0.781575
vt 0.439525 0.793600
vt 0.431361 0.809023
vt 0.427876 0.808673
vt 0.736259 0.818965
vt 0.733147 0.826188
vt 0.726877 0.837032
vt 0.716028 0.833960
vt 0.716051 0.810957
vt 0.718275 0.804352
vt 0.723279 0.796252
vt 0.726165 0.798800
vt 0.730315 0.802473
vt 0.732954 0.808617
vt 0.994985 0.997187
vt 0.993125 0.998398
vt 0.993125 0.995251
vt 0.873624 0.490785
vt 0.873228 0.469369
vt 0.987027 0.101181
vt 0.983588 0.106369
vt 0.983588 0.098166
vt 0.988742 0.635739
vt 0.989929 0.631482
vt 0.990662 0.638835
vt 0.983588 0.573697
vt 0.987762 0.573802
vt 0.984796 0.577877
vt 0.988742 0.117561
vt 0.988742 0.113129
vt 0.993113 0.113129
vt 0.359533 0.806490
vt 0.363288 0.820431
vt 0.357396 0.810662
vt 0.364148 0.821186
vt 0.365008 0.802915
vt 0.469579 0.938358
vt 0.469364 0.950497
vt 0.463966 0.948251
vt 0.463540 0.945413
vt 0.460764 0.938224
vt 0.468709 0.938224
vt 0.462081 0.941569
vt 0.921865 0.060346
vt 0.930148 0.053155
vt 0.928049 0.066380
vt 0.932000 0.057489
vt 0.931974 0.066297
vt 0.924789 0.048991
vt 0.921994 0.050675
vt 0.970134 0.273487
vt 0.968875 0.269981
vt 0.974527 0.265490
vt 0.974570 0.269084
vt 0.974570 0.273196
vt 0.973961 0.276000
vt 0.308241 0.954698
vt 0.317568 0.948129
vt 0.316766 0.958248
vt 0.889164 0.617618
vt 0.898498 0.619826
vt 0.898498 0.627725
vt 0.892716 0.629877
vt 0.888322 0.629316
vt 0.104924 0.982170
vt 0.104542 0.987706
vt 0.099867 0.989541
vt 0.099867 0.982218
vt 0.332220 0.982593
vt 0.332968 0.992925
vt 0.329260 0.989996
vt 0.862290 0.988726
vt 0.857564 0.988726
vt 0.857564 0.982170
vt 0.862154 0.983670
vt 0.965790 0.123893
vt 0.967340 0.131558
vt 0.960784 0.131558
vt 0.960784 0.120803
vt 0.934132 0.503276
vt 0.927504 0.504653
vt 0.930216 0.498989
vt 0.933284 0.494569
vt 0.927563 0.505657
vt 0.935848 0.503804
vt 0.927010 0.508162
vt 0.921011 0.841321
vt 0.911879 0.840997
vt 0.911351 0.836655
vt 0.912498 0.844840
vt 0.935848 0.515125
vt 0.930152 0.515096
vt 0.927180 0.508843
vt 0.918313 0.819148
vt 0.911462 0.835767
vt 0.913628 0.819753
vt 0.309552 0.989231
vt 0.303856 0.989231
vt 0.307135 0.985898
vt 0.303907 0.986362
vt 0.304098 0.982170
vt 0.306132 0.984516
vt 0.048036 0.883577
vt 0.042013 0.881788
vt 0.036971 0.878070
vt 0.036838 0.871405
vt 0.041602 0.857110
vt 0.046495 0.856233
vt 0.050764 0.857695
vt 0.050754 0.874749
vt 0.996642 0.324267
vt 0.996642 0.316862
vt 0.996685 0.320375
vt 0.477604 0.960458
vt 0.478024 0.963003
vt 0.471558 0.960458
vt 0.606232 0.965692
vt 0.606232 0.960457
vt 0.612379 0.963208
vt 0.610940 0.968096
vt 0.607227 0.973165
vt 0.988742 0.106388
vt 0.988742 0.098865
vt 0.991329 0.106388
vt 0.989070 0.462963
vt 0.991986 0.458952
vt 0.991986 0.464175
vt 0.961961 0.249195
vt 0.960784 0.227258
vt 0.963924 0.246130
vt 0.797206 0.688268
vt 0.786937 0.690584
vt 0.786937 0.654617
vt 0.789518 0.646367
vt 0.797206 0.660089
vt 0.889467 0.334728
vt 0.879238 0.336104
vt 0.889486 0.331399
vt 0.889570 0.338320
vt 0.879273 0.339663
vt 0.879232 0.337130
vt 0.889667 0.339352
vt 0.879394 0.342008
vt 0.595052 0.868017
vt 0.606370 0.862763
vt 0.605219 0.870333
vt 0.793299 0.643968
vt 0.796937 0.643118
vt 0.806699 0.642933
vt 0.809430 0.655201
vt 0.797212 0.658088
vt 0.595071 0.839538
vt 0.595052 0.836236
vt 0.605823 0.824570
vt 0.606392 0.858653
vt 0.595097 0.861126
vt 0.637196 0.786165
vt 0.637974 0.791839
vt 0.637955 0.814107
vt 0.609104 0.810492
vt 0.607141 0.797819
vt 0.610117 0.796351
vt 0.629669 0.786980
vt 0.316874 0.722215
vt 0.319155 0.728018
vt 0.323706 0.765067
vt 0.286705 0.765080
vt 0.283184 0.764553
vt 0.281003 0.763398
vt 0.281544 0.755505
vt 0.283264 0.751759
vt 0.298264 0.720985
vt 0.307940 0.719671
vt 0.311666 0.719953
vt 0.816857 0.337510
vt 0.816549 0.325395
vt 0.824366 0.330993
vt 0.823875 0.333398
vt 0.819308 0.338407
vt 0.815630 0.337665
vt 0.811514 0.327965
vt 0.929745 0.830976
vt 0.921398 0.819148
vt 0.930831 0.827701
vt 0.924136 0.819169
vt 0.943225 0.552625
vt 0.947278 0.558035
vt 0.944234 0.566501
vt 0.943225 0.567367
vt 0.946961 0.564155
vt 0.811514 0.338252
vt 0.814402 0.337821
vt 0.928264 0.829782
vt 0.921011 0.826881
vt 0.950909 0.560118
vt 0.926179 0.840441
vt 0.922331 0.840441
vt 0.617822 0.884515
vt 0.620914 0.892198
vt 0.620914 0.905810
vt 0.616711 0.904955
vt 0.610143 0.903066
vt 0.607440 0.896245
vt 0.607238 0.893583
vt 0.608359 0.891398
vt 0.611401 0.885582
vt 0.527671 0.987760
vt 0.528212 0.983814
vt 0.532154 0.982504
vt 0.531935 0.988517
vt 0.847910 0.982170
vt 0.851445 0.985451
vt 0.852805 0.988515
vt 0.847907 0.988515
vt 0.977174 0.020438
vt 0.980278 0.022730
vt 0.976433 0.026190
vt 0.983588 0.028017
vt 0.977802 0.028017
vt 0.981893 0.024068
vt 0.981358 0.577920
vt 0.981358 0.587893
vt 0.976509 0.583020
vt 0.986015 0.057882
vt 0.983588 0.062486
vt 0.983588 0.052514
vt 0.904150 0.483466
vt 0.911224 0.482647
vt 0.904074 0.488045
vt 0.905159 0.480008
vt 0.914347 0.484306
vt 0.914343 0.482229
vt 0.914213 0.488165
vt 0.904013 0.491117
vt 0.902855 0.121345
vt 0.904854 0.094219
vt 0.912929 0.095404
vt 0.912912 0.112569
vt 0.912908 0.120947
vt 0.914059 0.467295
vt 0.904074 0.472026
vt 0.903931 0.468258
vt 0.910630 0.466753
vt 0.914268 0.478007
vt 0.904151 0.476279
vt 0.906173 0.493075
vt 0.914165 0.491490
vt 0.993125 0.214246
vt 0.993125 0.207485
vt 0.994845 0.208115
vt 0.293434 0.865859
vt 0.293920 0.891467
vt 0.289797 0.891493
vt 0.285583 0.892922
vt 0.281397 0.891239
vt 0.281003 0.883507
vt 0.281978 0.877075
vt 0.282942 0.871904
vt 0.285830 0.869774
vt 0.289553 0.867176
vt 0.902950 0.221703
vt 0.903090 0.228220
vt 0.903090 0.245192
vt 0.893975 0.241336
vt 0.893426 0.232989
vt 0.895674 0.215971
vt 0.899754 0.216224
vt 0.902220 0.219310
vt 0.745534 0.982170
vt 0.744240 0.992370
vt 0.742641 0.982170
vt 0.193632 0.960770
vt 0.199090 0.960457
vt 0.199090 0.970657
vt 0.191157 0.970661
vt 0.190697 0.967218
vt 0.169908 0.982170
vt 0.170151 0.992370
vt 0.165994 0.992370
vt 0.166046 0.982170
vt 0.991614 0.545445
vt 0.988742 0.542288
vt 0.991614 0.539705
vt 0.960784 0.834880
vt 0.961144 0.824680
vt 0.966884 0.824680
vt 0.966961 0.834880
vt 0.988742 0.145642
vt 0.988742 0.139465
vt 0.991832 0.142245
vt 0.993918 0.077030
vt 0.993125 0.072643
vt 0.993260 0.070114
vt 0.443305 0.915072
vt 0.454492 0.915359
vt 0.450937 0.915921
vt 0.441981 0.915067
vt 0.442389 0.919885
vt 0.442897 0.922509
vt 0.454577 0.924545
vt 0.453276 0.928661
vt 0.448033 0.928296
vt 0.449649 0.930083
vt 0.359677 0.920379
vt 0.359634 0.927328
vt 0.348288 0.929877
vt 0.348291 0.922396
vt 0.355423 0.914085
vt 0.358363 0.916265
vt 0.985020 0.624285
vt 0.983588 0.616944
vt 0.986762 0.621716
vt 0.898714 0.992255
vt 0.899888 0.982170
vt 0.899702 0.989511
vt 0.983588 0.828392
vt 0.983588 0.819314
vt 0.985994 0.827840
vt 0.736273 0.796252
vt 0.741318 0.800756
vt 0.736259 0.801262
vt 0.736259 0.819447
vt 0.747190 0.806497
vt 0.747190 0.819218
vt 0.923382 0.345405
vt 0.931905 0.345405
vt 0.924768 0.368559
vt 0.924438 0.363560
vt 0.911313 0.791154
vt 0.920911 0.791157
vt 0.921570 0.791605
vt 0.921500 0.804427
vt 0.916024 0.810543
vt 0.911313 0.815382
vt 0.135689 0.970066
vt 0.135689 0.960458
vt 0.144213 0.960458
vt 0.138757 0.970657
vt 0.960784 0.016800
vt 0.964769 0.014931
vt 0.960784 0.020778
vt 0.852961 0.975760
vt 0.852199 0.964633
vt 0.855609 0.971434
vt 0.855914 0.966234
vt 0.966714 0.020789
vt 0.964827 0.021417
vt 0.961657 0.010686
vt 0.826049 0.965950
vt 0.831004 0.964664
vt 0.827116 0.975372
vt 0.856514 0.964991
vt 0.854188 0.961689
vt 0.826049 0.961469
vt 0.830229 0.960457
vt 0.742573 0.974030
vt 0.739219 0.969491
vt 0.736926 0.966236
vt 0.740982 0.961367
vt 0.742573 0.964933
vt 0.944204 0.985701
vt 0.948828 0.982170
vt 0.948810 0.986884
vt 0.988210 0.429735
vt 0.983588 0.428810
vt 0.985873 0.425373
vt 0.988210 0.424377
vt 0.619792 0.933676
vt 0.624829 0.938262
vt 0.624910 0.946835
vt 0.624931 0.931983
vt 0.934439 0.697619
vt 0.937214 0.694215
vt 0.940170 0.697785
vt 0.934988 0.702354
vt 0.624920 0.947917
vt 0.618001 0.937926
vt 0.563978 0.932383
vt 0.569285 0.924283
vt 0.573907 0.919917
vt 0.573907 0.937013
vt 0.134385 0.961965
vt 0.134810 0.964208
vt 0.135689 0.968890
vt 0.130591 0.977551
vt 0.130591 0.960458
vt 0.901910 0.610012
vt 0.910840 0.612573
vt 0.912308 0.622098
vt 0.902508 0.628831
vt 0.898529 0.624189
vt 0.563385 0.911072
vt 0.567505 0.900110
vt 0.575289 0.901728
vt 0.575289 0.916303
vt 0.570746 0.919917
vt 0.914098 0.982656
vt 0.916374 0.988151
vt 0.911358 0.988151
vt 0.968875 0.520220
vt 0.969834 0.508726
vt 0.973891 0.520220
vt 0.786838 0.714123
vt 0.793530 0.715570
vt 0.808448 0.760784
vt 0.787141 0.720563
vt 0.787390 0.713264
vt 0.798476 0.714419
vt 0.793115 0.705594
vt 0.808448 0.712647
vt 0.841868 0.732982
vt 0.833090 0.745793
vt 0.831573 0.696680
vt 0.841184 0.710846
vt 0.841025 0.705554
vt 0.831220 0.684937
vt 0.658083 0.728686
vt 0.660527 0.739891
vt 0.658131 0.752008
vt 0.647021 0.803093
vt 0.638617 0.800273
vt 0.638547 0.788090
vt 0.639710 0.737353
vt 0.988742 0.339004
vt 0.988742 0.333324
vt 0.991857 0.338661
vt 0.762326 0.022568
vt 0.764880 0.027514
vt 0.769837 0.059275
vt 0.737674 0.051924
vt 0.736445 0.047611
vt 0.736445 -0.000000
vt 0.741502 0.000457
vt 0.751528 0.001899
vt 0.115461 0.982170
vt 0.114547 0.991881
vt 0.111251 0.988149
vt 0.969004 0.984625
vt 0.968154 0.988408
vt 0.965797 0.983379
vt 0.991110 0.510107
vt 0.989026 0.510300
vt 0.989926 0.507028
vt 0.856035 0.987383
vt 0.853478 0.987475
vt 0.855177 0.982321
vt 0.857318 0.983962
vt 0.826913 0.389103
vt 0.829313 0.383055
vt 0.827224 0.393748
vt 0.829888 0.383017
vt 0.835853 0.381927
vt 0.827380 0.402708
vt 0.827897 0.434600
vt 0.836869 0.444545
vt 0.827917 0.435844
vt 0.836947 0.449471
vt 0.827979 0.441123
vt 0.827937 0.437087
vt 0.836957 0.450447
vt 0.836967 0.451423
vt 0.836051 0.462085
vt 0.826509 0.464367
vt 0.380659 0.970657
vt 0.384808 0.960457
vt 0.384190 0.970657
vt 0.385848 0.960457
vt 0.388489 0.960457
vt 0.388671 0.970657
vt 0.825161 0.614345
vt 0.835413 0.581656
vt 0.835284 0.663023
vt 0.825086 0.661775
vt 0.825119 0.591415
vt 0.827353 0.580941
vt 0.832015 0.581628
vt 0.825172 0.606541
vt 0.833714 0.581642
vt 0.795237 0.002736
vt 0.798906 0.000234
vt 0.806681 0.014466
vt 0.806720 0.020699
vt 0.806629 0.086665
vt 0.801357 0.085704
vt 0.798683 0.074823
vt 0.795220 0.059648
vt 0.795153 0.051842
vt 0.784842 0.268923
vt 0.768906 0.271832
vt 0.766994 0.266230
vt 0.765525 0.261813
vt 0.765444 0.252395
vt 0.765396 0.217487
vt 0.765536 0.211877
vt 0.776932 0.183669
vt 0.780372 0.184463
vt 0.784790 0.186512
vt 0.136091 0.927543
vt 0.144049 0.922856
vt 0.144593 0.939251
vt 0.137205 0.934000
vt 0.900147 0.172764
vt 0.905777 0.180928
vt 0.901040 0.183075
vt 0.897559 0.182000
vt 0.897559 0.171811
vt 0.969721 0.802358
vt 0.974464 0.811879
vt 0.970585 0.812294
vt 0.989571 0.272433
vt 0.989089 0.268078
vt 0.991730 0.270315
vt 0.989607 0.978079
vt 0.988742 0.973381
vt 0.990472 0.970618
vt 0.953829 0.245378
vt 0.946176 0.245378
vt 0.944630 0.241944
vt 0.944630 0.233896
vt 0.953859 0.237375
vt 0.976433 0.843934
vt 0.981730 0.843934
vt 0.977861 0.850827
vt 0.644732 0.931095
vt 0.644732 0.921414
vt 0.648058 0.920156
vt 0.653592 0.924877
vt 0.655413 0.928145
vt 0.649565 0.934196
vt 0.644858 0.917464
vt 0.197383 0.916766
vt 0.205056 0.916768
vt 0.204595 0.925222
vt 0.198680 0.934150
vt 0.197674 0.930307
vt 0.195425 0.919311
vt 0.180105 0.987143
vt 0.179264 0.990742
vt 0.175174 0.990742
vt 0.175174 0.982170
vt 0.120706 0.988885
vt 0.119171 0.992724
vt 0.119171 0.982170
vt 0.123261 0.982170
vt 0.968884 0.448703
vt 0.972360 0.448386
vt 0.971350 0.450298
vt 0.969026 0.450300
vt 0.995941 0.262920
vt 0.995526 0.266894
vt 0.993125 0.266930
vt 0.993125 0.263168
vt 0.972958 0.438369
vt 0.968893 0.447866
vt 0.968983 0.441863
vt 0.957462 0.540097
vt 0.953918 0.552217
vt 0.951468 0.551447
vt 0.951468 0.540447
vt 0.955135 0.536659
vt 0.951468 0.537520
vt 0.993125 0.326158
vt 0.995590 0.322000
vt 0.995671 0.325814
vt 0.993374 0.324452
vt 0.993125 0.321860
vt 0.976433 0.236469
vt 0.976678 0.230924
vt 0.978163 0.225372
vt 0.980183 0.237170
vt 0.972644 0.748047
vt 0.968875 0.750467
vt 0.968875 0.744955
vt 0.974376 0.755217
vt 0.968875 0.755215
vt 0.973374 0.750468
vt 0.994565 0.898328
vt 0.994565 0.902988
vt 0.993125 0.902050
vt 0.773806 0.418162
vt 0.778965 0.419193
vt 0.775106 0.427987
vt 0.537823 0.869426
vt 0.529246 0.869590
vt 0.537811 0.866775
vt 0.782441 0.411118
vt 0.773716 0.412237
vt 0.537811 0.853073
vt 0.520454 0.854834
vt 0.537815 0.847957
vt 0.536659 0.841487
vt 0.528983 0.844233
vt 0.535495 0.840409
vt 0.575289 0.916277
vt 0.575852 0.908787
vt 0.586723 0.896188
vt 0.578338 0.916796
vt 0.773716 0.406473
vt 0.575289 0.895584
vt 0.586965 0.895312
vt 0.740050 0.424194
vt 0.731023 0.428285
vt 0.718459 0.404368
vt 0.720062 0.399732
vt 0.742314 0.400632
vt 0.741741 0.413628
vt 0.732940 0.978955
vt 0.728793 0.978955
vt 0.730057 0.960527
vt 0.731524 0.962406
vt 0.732347 0.971771
vt 0.732642 0.975269
vt 0.983588 0.525788
vt 0.988096 0.527332
vt 0.984559 0.530336
vt 0.973687 0.740936
vt 0.973688 0.742669
vt 0.968888 0.742768
vt 0.767527 0.929002
vt 0.767917 0.930947
vt 0.756817 0.926294
vt 0.817001 0.075792
vt 0.828328 0.086316
vt 0.817029 0.088619
vt 0.828206 0.087635
vt 0.821868 0.093416
vt 0.817001 0.091986
vt 0.968875 0.740318
vt 0.972904 0.733244
vt 0.973695 0.737428
vt 0.942358 0.693307
vt 0.946381 0.696368
vt 0.949966 0.700894
vt 0.942272 0.709508
vt 0.942272 0.696673
vt 0.240274 0.984660
vt 0.242618 0.982170
vt 0.246408 0.983120
vt 0.246408 0.988848
vt 0.241044 0.988848
vt 0.257270 0.988830
vt 0.256669 0.985678
vt 0.256696 0.982170
vt 0.262060 0.982170
vt 0.262060 0.987186
vt 0.908697 0.142608
vt 0.917993 0.142185
vt 0.917994 0.165659
vt 0.907765 0.160124
vt 0.888974 0.464367
vt 0.878735 0.465197
vt 0.878610 0.462912
vt 0.888630 0.458092
vt 0.917993 0.166825
vt 0.907759 0.167051
vt 0.878772 0.760784
vt 0.889200 0.770945
vt 0.878623 0.764707
vt 0.878807 0.791265
vt 0.878449 0.780808
vt 0.888946 0.791803
vt 0.889079 0.795721
vt 0.889220 0.799679
vt 0.879183 0.801825
vt 0.878300 0.440259
vt 0.878404 0.428359
vt 0.888974 0.427133
vt 0.888643 0.456568
vt 0.889181 0.772227
vt 0.888987 0.787635
vt 0.878561 0.769686
vt 0.245971 0.749226
vt 0.262868 0.748600
vt 0.269795 0.748448
vt 0.272831 0.755758
vt 0.272860 0.785940
vt 0.269569 0.788194
vt 0.266296 0.790400
vt 0.262371 0.791882
vt 0.246543 0.797602
vt 0.730949 0.580577
vt 0.755586 0.580940
vt 0.762436 0.605772
vt 0.763393 0.636064
vt 0.759418 0.635255
vt 0.754669 0.633629
vt 0.744125 0.629865
vt 0.735288 0.624138
vt 0.725707 0.617748
vt 0.725015 0.605058
vt 0.728726 0.582688
vt 0.175905 0.917000
vt 0.167788 0.892553
vt 0.175905 0.890550
vt 0.574356 0.814965
vt 0.575289 0.862324
vt 0.565089 0.869596
vt 0.565089 0.840140
vt 0.435850 0.823314
vt 0.435844 0.817427
vt 0.443603 0.815748
vt 0.443595 0.832566
vt 0.435546 0.816197
vt 0.441971 0.809023
vt 0.435247 0.827895
vt 0.966423 0.153114
vt 0.964401 0.159944
vt 0.962344 0.164081
vt 0.960784 0.151854
vt 0.313593 0.896046
vt 0.306725 0.879818
vt 0.306153 0.872921
vt 0.311658 0.872983
vt 0.320451 0.873235
vt 0.319021 0.889502
vt 0.320451 0.897136
vt 0.318546 0.896857
vt 0.578635 0.968822
vt 0.584547 0.960457
vt 0.584547 0.971813
vt 0.584519 0.973769
vt 0.806417 0.925788
vt 0.816630 0.925012
vt 0.816630 0.941206
vt 0.811749 0.939708
vt 0.806435 0.937919
vt 0.910912 0.820326
vt 0.910993 0.825152
vt 0.900845 0.832241
vt 0.900654 0.820991
vt 0.983588 0.421525
vt 0.986624 0.416204
vt 0.986624 0.424377
vt 0.911239 0.838464
vt 0.908581 0.846212
vt 0.901087 0.845333
vt 0.412800 0.724409
vt 0.409866 0.745877
vt 0.408390 0.733793
vt 0.409627 0.719782
vt 0.969615 0.630419
vt 0.968875 0.608896
vt 0.971494 0.612135
vt 0.970681 0.625314
vt 0.916303 0.272928
vt 0.926501 0.272974
vt 0.926498 0.294363
vt 0.916303 0.294454
vt 0.970053 0.415124
vt 0.968875 0.404925
vt 0.974620 0.404925
vt 0.974146 0.412288
vt 0.284659 0.988645
vt 0.281218 0.991992
vt 0.281218 0.982282
vt 0.285348 0.982170
vt 0.746256 0.180561
vt 0.750443 0.175103
vt 0.750712 0.182407
vt 0.924282 0.952931
vt 0.913967 0.953231
vt 0.913967 0.942637
vt 0.924208 0.944549
vt 0.746333 0.167750
vt 0.745248 0.161843
vt 0.755445 0.162472
vt 0.757236 0.172396
vt 0.746689 0.170127
vt 0.746341 0.171103
vt 0.757075 0.173413
vt 0.756913 0.174429
vt 0.756020 0.177193
vt 0.752296 0.183056
vt 0.931788 0.667065
vt 0.931788 0.652954
vt 0.940115 0.653974
vt 0.941627 0.664199
vt 0.940056 0.668614
vt 0.012964 0.882894
vt 0.010461 0.900843
vt -0.000000 0.902554
vt 0.000524 0.886851
vt 0.000000 0.881525
vt 0.009880 0.880454
vt 0.907759 0.182071
vt 0.907759 0.167990
vt 0.917959 0.167990
vt 0.917959 0.183669
vt 0.976433 0.010200
vt 0.976433 0.000000
vt 0.980555 0.003688
vt 0.981617 0.009346
vt 0.969001 0.175178
vt 0.972449 0.183299
vt 0.968875 0.192140
vt 0.968875 0.181864
vt 0.983588 0.342155
vt 0.983588 0.335919
vt 0.987086 0.341152
vt 0.342897 0.992565
vt 0.339099 0.983819
vt 0.342897 0.982170
vt 0.015354 0.968866
vt 0.014758 0.974023
vt 0.012924 0.973689
vt 0.008742 0.971653
vt 0.009227 0.964406
vt 0.794862 0.970215
vt 0.794476 0.965542
vt 0.799059 0.970775
vt 0.795592 0.960457
vt 0.801258 0.964480
vt 0.800159 0.971208
vt 0.008742 0.960457
vt 0.952550 0.308664
vt 0.951273 0.315585
vt 0.946679 0.311993
vt 0.946679 0.299878
vt 0.951198 0.302653
vt 0.983649 0.125286
vt 0.988026 0.125267
vt 0.988026 0.130762
vt 0.984791 0.127556
vt 0.708475 0.982170
vt 0.712794 0.986513
vt 0.709874 0.989845
vt 0.983769 0.408234
vt 0.983588 0.405933
vt 0.986273 0.408886
vt 0.986672 0.400763
vt 0.986473 0.408041
vt 0.699906 0.989803
vt 0.695559 0.988038
vt 0.699906 0.982170
vt 0.933761 0.473213
vt 0.941858 0.478322
vt 0.933858 0.479379
vt 0.474890 0.889361
vt 0.472034 0.895755
vt 0.470449 0.890905
vt 0.476391 0.906120
vt 0.829366 0.732366
vt 0.813032 0.744570
vt 0.823392 0.707195
vt 0.830988 0.707480
vt 0.828396 0.730381
vt 0.831220 0.705434
vt 0.808448 0.728965
vt 0.941858 0.470298
vt 0.933737 0.471571
vt 0.814757 0.717058
vt 0.934605 0.486950
vt 0.941768 0.488974
vt 0.933909 0.482153
vt 0.470809 0.877021
vt 0.477110 0.879286
vt 0.470786 0.877841
vt 0.663359 0.805340
vt 0.662156 0.779649
vt 0.671094 0.781814
vt 0.676726 0.787834
vt 0.684790 0.804803
vt 0.683029 0.809591
vt 0.678922 0.820437
vt 0.660558 0.810874
vt 0.987350 0.757816
vt 0.983588 0.757816
vt 0.985662 0.753536
vt 0.805232 0.898862
vt 0.800862 0.923620
vt 0.797157 0.922966
vt 0.797090 0.900839
vt 0.797088 0.898862
vt 0.981535 0.124167
vt 0.981286 0.132489
vt 0.976433 0.133452
vt 0.977427 0.123352
vt 0.917411 0.890566
vt 0.924635 0.891213
vt 0.914565 0.891737
vt 0.913967 0.901844
vt 0.913967 0.908975
vt 0.924687 0.903825
vt 0.917869 0.911894
vt 0.913972 0.909999
vt 0.122075 0.970692
vt 0.130591 0.961471
vt 0.130409 0.970656
vt 0.122350 0.963362
vt 0.126087 0.960563
vt 0.922444 0.303158
vt 0.928515 0.300730
vt 0.929507 0.323198
vt 0.924929 0.323002
vt 0.921123 0.321382
vt 0.920300 0.311164
vt 0.256094 0.955727
vt 0.256251 0.944210
vt 0.261117 0.943314
vt 0.264504 0.955727
vt 0.919254 0.142054
vt 0.927779 0.152180
vt 0.927300 0.163688
vt 0.917995 0.164141
vt 0.988742 0.811564
vt 0.992435 0.812955
vt 0.989893 0.815536
vt 0.991214 0.309976
vt 0.988742 0.312428
vt 0.988742 0.306211
vt 0.990150 0.555864
vt 0.988742 0.549782
vt 0.991442 0.549782
vt 0.955335 0.794910
vt 0.948914 0.784525
vt 0.950497 0.780264
vt 0.955335 0.779167
vt 0.899296 0.335839
vt 0.893850 0.336700
vt 0.899823 0.332116
vt 0.892571 0.332237
vt 0.983588 0.800024
vt 0.986357 0.800715
vt 0.986479 0.806871
vt 0.983588 0.807604
vt 0.899581 0.340829
vt 0.892069 0.341044
vt 0.899456 0.338646
vt 0.899376 0.337242
vt 0.889667 0.343518
vt 0.889667 0.339423
vt 0.899816 0.344586
vt 0.896170 0.344934
vt 0.916192 0.655545
vt 0.921581 0.658752
vt 0.916031 0.673071
vt 0.911022 0.672721
vt 0.908798 0.655464
vt 0.912578 0.655464
vt 0.821839 0.928450
vt 0.829247 0.930057
vt 0.833010 0.933542
vt 0.821839 0.942219
vt 0.928191 0.909051
vt 0.924687 0.907966
vt 0.924687 0.890566
vt 0.931377 0.890566
vt 0.934887 0.893852
vt 0.934887 0.907547
vt 0.931575 0.909114
vt 0.686519 0.988860
vt 0.686519 0.982170
vt 0.691540 0.983148
vt 0.941871 0.050781
vt 0.932977 0.064389
vt 0.932000 0.049032
vt 0.939209 0.047932
vt 0.993125 0.926574
vt 0.994716 0.928224
vt 0.993125 0.929307
vt 0.998235 0.123275
vt 0.998235 0.126023
vt 0.996642 0.124750
vt 0.321268 0.914542
vt 0.326120 0.909972
vt 0.326120 0.916277
vt 0.320451 0.910384
vt 0.326118 0.906296
vt 0.326113 0.902047
vt 0.326108 0.900656
vt 0.322493 0.902313
vt 0.334934 0.963560
vt 0.335145 0.971638
vt 0.331553 0.971742
vt 0.330499 0.966459
vt 0.330283 0.964024
vt 0.330144 0.961564
vt 0.335543 0.960457
vt 0.953281 0.683358
vt 0.952783 0.679717
vt 0.952105 0.674120
vt 0.957515 0.672786
vt 0.957417 0.684761
vt 0.955363 0.689529
vt 0.968875 0.154678
vt 0.974786 0.154675
vt 0.974786 0.164977
vt 0.971780 0.162507
vt 0.969424 0.160055
vt 0.983588 0.642124
vt 0.985873 0.637002
vt 0.987503 0.642913
vt 0.990831 0.712025
vt 0.988742 0.709035
vt 0.991673 0.707453
vt 0.195729 0.877485
vt 0.195122 0.890370
vt 0.188806 0.873368
vt 0.188806 0.885586
vt 0.542936 0.910658
vt 0.533321 0.914820
vt 0.542484 0.898864
vt 0.532643 0.905078
vt 0.940002 0.454986
vt 0.946678 0.449053
vt 0.940151 0.466630
vt 0.947450 0.463223
vt 0.786937 0.705434
vt 0.787123 0.692892
vt 0.790703 0.691467
vt 0.794720 0.691677
vt 0.798291 0.699783
vt 0.795581 0.691603
vt 0.798560 0.690811
vt 0.800717 0.693675
vt 0.194133 0.895016
vt 0.538365 0.921238
vt 0.532643 0.918809
vt 0.534888 0.921542
vt 0.969049 0.378695
vt 0.974241 0.376428
vt 0.971519 0.383264
vt 0.988261 0.168903
vt 0.983588 0.169695
vt 0.983976 0.165377
vt 0.987221 0.164544
vt 0.988742 0.182828
vt 0.988742 0.178347
vt 0.992908 0.179532
vt 0.990607 0.181802
vt 0.976433 0.034881
vt 0.981542 0.029594
vt 0.981542 0.038581
vt 0.979030 0.028018
vt 0.575289 0.932136
vt 0.576788 0.927362
vt 0.583385 0.931123
vt 0.606934 0.945213
vt 0.603691 0.941994
vt 0.606336 0.940878
vt 0.583737 0.929180
vt 0.585793 0.920655
vt 0.584506 0.923340
vt 0.599985 0.947719
vt 0.603356 0.943592
vt 0.604112 0.955352
vt 0.575808 0.921789
vt 0.578336 0.917143
vt 0.586727 0.919721
vt 0.606934 0.954564
vt 0.522057 0.991637
vt 0.519064 0.994243
vt 0.520711 0.986055
vt 0.519064 0.983464
vt 0.521702 0.982170
vt 0.541230 0.933720
vt 0.538574 0.937375
vt 0.531610 0.935346
vt 0.532465 0.926442
vt 0.531958 0.923277
vt 0.540880 0.922310
vt 0.542936 0.924399
vt 0.993125 0.839974
vt 0.993940 0.836186
vt 0.994754 0.840577
vt 0.994320 0.042413
vt 0.993125 0.037499
vt 0.995515 0.037499
vt 0.970115 0.471550
vt 0.975475 0.470651
vt 0.975475 0.479453
vt 0.969363 0.477980
vt 0.968875 0.476041
vt 0.660383 0.892709
vt 0.662329 0.883498
vt 0.665483 0.880789
vt 0.676544 0.897237
vt 0.676695 0.878904
vt 0.676695 0.896133
vt 0.934083 0.425475
vt 0.940484 0.419628
vt 0.938720 0.426190
vt 0.932997 0.425299
vt 0.931911 0.416238
vt 0.938709 0.416521
vt 0.931915 0.415392
vt 0.931920 0.414547
vt 0.932101 0.411443
vt 0.932362 0.407085
vt 0.800749 0.626945
vt 0.803634 0.629748
vt 0.806861 0.642459
vt 0.789758 0.641394
vt 0.797076 0.624584
vt 0.927826 0.445302
vt 0.928929 0.427751
vt 0.934735 0.427133
vt 0.937715 0.431506
vt 0.831459 0.548654
vt 0.848928 0.553144
vt 0.831624 0.561332
vt 0.832036 0.554781
vt 0.831336 0.565818
vt 0.831157 0.580159
vt 0.839933 0.571790
vt 0.974068 0.134081
vt 0.969438 0.134083
vt 0.974874 0.127818
vt 0.968875 0.123876
vt 0.974874 0.123881
vt 0.831347 0.546652
vt 0.836330 0.543626
vt 0.843876 0.541665
vt 0.846240 0.545716
vt 0.338436 0.859845
vt 0.341617 0.866856
vt 0.337494 0.865171
vt 0.336698 0.892316
vt 0.336508 0.885842
vt 0.344684 0.880444
vt 0.336759 0.895459
vt 0.345817 0.880706
vt 0.346559 0.870923
vt 0.346418 0.867333
vt 0.345196 0.860689
vt 0.344627 0.857630
vt 0.804271 0.814395
vt 0.803586 0.821860
vt 0.804349 0.847053
vt 0.798360 0.847443
vt 0.796129 0.844009
vt 0.790517 0.835133
vt 0.787393 0.825517
vt 0.786287 0.822075
vt 0.789873 0.813147
vt 0.791568 0.809017
vt 0.799060 0.811297
vt 0.271659 0.991164
vt 0.268313 0.994297
vt 0.268313 0.982170
vt 0.270696 0.988178
vt 0.912736 0.655444
vt 0.909103 0.630290
vt 0.915164 0.630361
vt 0.916302 0.636825
vt 0.917044 0.641257
vt 0.919006 0.655464
vt 0.507976 0.988237
vt 0.507976 0.982176
vt 0.513962 0.982170
vt 0.513962 0.986925
vt 0.918387 0.522879
vt 0.915115 0.529255
vt 0.915395 0.523494
vt 0.839863 0.924608
vt 0.835854 0.920519
vt 0.843447 0.915461
vt 0.843460 0.920362
vt 0.843460 0.910047
vt 0.920133 0.522554
vt 0.915074 0.530160
vt 0.919091 0.544529
vt 0.915035 0.540034
vt 0.915028 0.536737
vt 0.925283 0.539459
vt 0.915033 0.531065
vt 0.925285 0.533449
vt 0.925280 0.538373
vt 0.833275 0.921773
vt 0.839510 0.929902
vt 0.833377 0.925970
vt 0.833231 0.919751
vt 0.833204 0.916113
vt 0.833217 0.910607
vt 0.836209 0.909287
vt 0.072062 0.933810
vt 0.074149 0.932064
vt 0.076661 0.936407
vt 0.076661 0.941314
vt 0.076061 0.946706
vt 0.070371 0.947400
vt 0.069996 0.940068
vt 0.955266 0.259375
vt 0.958861 0.264191
vt 0.957350 0.274493
vt 0.953846 0.269096
vt 0.953311 0.265449
vt 0.953657 0.263219
vt 0.948594 0.951621
vt 0.949726 0.949906
vt 0.951828 0.946971
vt 0.957505 0.947672
vt 0.957312 0.954938
vt 0.956085 0.957774
vt 0.960692 0.276856
vt 0.960692 0.286417
vt 0.955196 0.282980
vt 0.952949 0.274751
vt 0.987305 0.158642
vt 0.988352 0.164180
vt 0.983588 0.164180
vt 0.021152 0.992183
vt 0.016685 0.984917
vt 0.021152 0.982170
vt 0.110111 0.960458
vt 0.114342 0.961237
vt 0.115326 0.969094
vt 0.203711 0.956498
vt 0.199147 0.953873
vt 0.204816 0.951697
vt 0.204450 0.947228
vt 0.932244 0.960457
vt 0.925321 0.969618
vt 0.925245 0.960457
vt 0.216953 0.967867
vt 0.223076 0.963015
vt 0.223076 0.972163
vt 0.986876 0.251556
vt 0.986876 0.257063
vt 0.983588 0.254754
vt 0.195524 0.948887
vt 0.196701 0.951785
vt 0.198542 0.953474
vt 0.199328 0.946095
vt 0.931621 0.967976
vt 0.931345 0.970880
vt 0.988742 0.759556
vt 0.991392 0.761101
vt 0.990536 0.765156
vt 0.988742 0.764831
vt 0.978709 0.133656
vt 0.982912 0.136057
vt 0.982912 0.140546
vt 0.977672 0.141546
vt 0.977443 0.625832
vt 0.980152 0.623341
vt 0.982624 0.622404
vt 0.982624 0.630293
vt 0.988742 0.892818
vt 0.991886 0.896775
vt 0.988742 0.897302
vt 0.601606 0.790885
vt 0.575738 0.755655
vt 0.602159 0.772682
vt 0.576619 0.754078
vt 0.592482 0.741295
vt 0.602159 0.736227
vt 0.881580 0.136313
vt 0.891869 0.094219
vt 0.891869 0.137166
vt 0.329021 0.791757
vt 0.328424 0.773555
vt 0.328424 0.737099
vt 0.337375 0.742168
vt 0.355025 0.757543
vt 0.474002 0.982170
vt 0.477462 0.983413
vt 0.474002 0.993045
vt 0.146551 0.899955
vt 0.141385 0.922664
vt 0.137800 0.921848
vt 0.136154 0.900794
vt 0.194499 0.903754
vt 0.193908 0.897136
vt 0.196507 0.897226
vt 0.204463 0.916765
vt 0.198337 0.897724
vt 0.201194 0.898335
vt 0.195554 0.907078
vt 0.938777 0.825899
vt 0.937864 0.829272
vt 0.937791 0.819234
vt 0.934249 0.819148
vt 0.206650 0.897136
vt 0.205343 0.915433
vt 0.930831 0.840455
vt 0.930877 0.836109
vt 0.930859 0.832302
vt 0.930831 0.819442
vt 0.932907 0.287360
vt 0.931117 0.290772
vt 0.928451 0.294454
vt 0.927450 0.293089
vt 0.926501 0.274751
vt 0.930428 0.276082
vt 0.935775 0.274751
vt 0.991538 0.662229
vt 0.988742 0.665093
vt 0.981682 0.799939
vt 0.976433 0.800295
vt 0.976433 0.796377
vt 0.979430 0.794112
vt 0.982920 0.793066
vt 0.982356 0.796563
vt 0.538564 0.845717
vt 0.537931 0.841773
vt 0.545369 0.842071
vt 0.545111 0.847631
vt 0.538691 0.855313
vt 0.544169 0.859897
vt 0.538769 0.862609
vt 0.055294 0.911018
vt 0.048410 0.907975
vt 0.048022 0.902801
vt 0.058395 0.904293
vt 0.058658 0.907793
vt 0.058428 0.903168
vt 0.048289 0.893697
vt 0.321756 0.878403
vt 0.322631 0.872921
vt 0.325713 0.874136
vt 0.325268 0.877909
vt 0.323873 0.899264
vt 0.320451 0.890599
vt 0.325202 0.897271
vt 0.545660 0.867786
vt 0.542472 0.865439
vt 0.538776 0.866465
vt 0.058461 0.902044
vt 0.048319 0.892723
vt 0.058658 0.896040
vt 0.048698 0.885707
vt 0.051954 0.886852
vt 0.048565 0.887627
vt 0.048349 0.891748
vt 0.642797 0.917464
vt 0.642797 0.897917
vt 0.651832 0.899936
vt 0.644696 0.916633
vt 0.655413 0.912056
vt 0.050493 0.884353
vt 0.913311 0.206809
vt 0.912767 0.187454
vt 0.913094 0.183669
vt 0.917583 0.185280
vt 0.922726 0.190408
vt 0.501757 0.839540
vt 0.517944 0.842768
vt 0.519721 0.852652
vt 0.518384 0.854225
vt 0.514563 0.857890
vt 0.506520 0.864228
vt 0.501002 0.864875
vt 0.499173 0.860991
vt 0.499173 0.851386
vt 0.499230 0.844082
vt 0.985664 0.858735
vt 0.984643 0.868935
vt 0.983588 0.860782
vt 0.186024 0.939935
vt 0.186165 0.951397
vt 0.175965 0.951397
vt 0.177455 0.949657
vt 0.324691 0.896237
vt 0.985443 0.598445
vt 0.986388 0.606745
vt 0.983588 0.605166
vt 0.981559 0.279087
vt 0.978286 0.284486
vt 0.976433 0.286165
vt 0.976433 0.277943
vt 0.984328 0.000880
vt 0.986895 0.006211
vt 0.983588 0.006860
vt 0.993125 0.468210
vt 0.994182 0.464636
vt 0.995621 0.468275
vt 0.983588 0.021616
vt 0.983588 0.015816
vt 0.988506 0.016048
vt 0.988309 0.020315
vt 0.989080 0.979162
vt 0.991862 0.978271
vt 0.991862 0.982514
vt 0.944336 0.933830
vt 0.948451 0.932315
vt 0.940748 0.939548
vt 0.960967 0.051261
vt 0.960948 0.042428
vt 0.964083 0.047098
vt 0.965120 0.052263
vt 0.948308 0.933373
vt 0.948594 0.942284
vt 0.940789 0.936946
vt 0.965120 0.056774
vt 0.960784 0.053484
vt 0.942403 0.943578
vt 0.985080 0.075992
vt 0.984261 0.070329
vt 0.986791 0.073389
vt 0.947469 0.947658
vt 0.942413 0.947377
vt 0.947599 0.944417
vt 0.192455 0.926825
vt 0.195249 0.930931
vt 0.195249 0.936247
vt 0.195068 0.943264
vt 0.190591 0.941040
vt 0.186862 0.939012
vt 0.186181 0.931417
vt 0.187442 0.927549
vt 0.985969 0.451332
vt 0.983588 0.449214
vt 0.985380 0.446207
vt 0.986851 0.444445
vt 0.556303 0.923060
vt 0.559929 0.920033
vt 0.560006 0.927053
vt 0.558968 0.936582
vt 0.883912 0.518864
vt 0.874584 0.522455
vt 0.873228 0.517060
vt 0.883726 0.514361
vt 0.024426 0.933163
vt 0.015056 0.933163
vt 0.014666 0.918182
vt 0.020543 0.915695
vt 0.025989 0.916366
vt 0.025303 0.926191
vt 0.883977 0.510896
vt 0.873690 0.510896
vt 0.508719 0.928638
vt 0.511545 0.930928
vt 0.517422 0.935769
vt 0.518927 0.941389
vt 0.508719 0.943624
vt 0.982827 0.425317
vt 0.976944 0.426845
vt 0.976433 0.422241
vt 0.978500 0.419583
vt 0.234011 0.949138
vt 0.233435 0.943931
vt 0.237937 0.945763
vt 0.920535 0.760784
vt 0.926852 0.767141
vt 0.918763 0.766665
vt 0.919435 0.764127
vt 0.927395 0.769126
vt 0.928119 0.774015
vt 0.918747 0.773182
vt 0.294888 0.990176
vt 0.290506 0.985588
vt 0.291399 0.982170
vt 0.294888 0.982668
vt 0.129073 0.910765
vt 0.123752 0.908934
vt 0.126118 0.904463
vt 0.129073 0.900611
vt 0.114385 0.902186
vt 0.125945 0.894039
vt 0.927988 0.778183
vt 0.925297 0.779240
vt 0.922571 0.780952
vt 0.918855 0.781010
vt 0.918752 0.780025
vt 0.918747 0.775479
vt 0.121112 0.892937
vt 0.995134 0.112035
vt 0.993125 0.109523
vt 0.995982 0.108438
vt 0.116717 0.906373
vt 0.114815 0.895722
vt 0.114646 0.898479
vt 0.463496 0.899629
vt 0.458873 0.896071
vt 0.456055 0.893402
vt 0.456066 0.885729
vt 0.456586 0.879066
vt 0.460622 0.876392
vt 0.463671 0.876201
vt 0.469186 0.882586
vt 0.470254 0.887186
vt 0.466534 0.894891
vt 0.965459 0.929654
vt 0.960784 0.929654
vt 0.960784 0.922224
vt 0.966502 0.927090
vt 0.961067 0.930660
vt 0.964048 0.933100
vt 0.306153 0.801450
vt 0.297358 0.803705
vt 0.281003 0.809839
vt 0.281003 0.765097
vt 0.660558 0.855582
vt 0.669312 0.853380
vt 0.676695 0.850648
vt 0.231111 0.937505
vt 0.220911 0.937505
vt 0.220911 0.928491
vt 0.231111 0.920062
vt 0.034115 0.959642
vt 0.026254 0.959642
vt 0.026254 0.949442
vt 0.035320 0.949442
vt 0.890137 0.834678
vt 0.890137 0.862934
vt 0.879874 0.863353
vt 0.879874 0.819148
vt 0.976433 0.510088
vt 0.981197 0.506773
vt 0.981197 0.517190
vt 0.904891 0.925241
vt 0.913967 0.925891
vt 0.913967 0.932730
vt 0.904064 0.924554
vt 0.913953 0.922499
vt 0.903237 0.923867
vt 0.903755 0.913776
vt 0.913832 0.916413
vt 0.363885 0.946201
vt 0.358099 0.946657
vt 0.358004 0.938748
vt 0.364122 0.929885
vt 0.364122 0.936725
vt 0.364098 0.940117
vt 0.054192 0.970548
vt 0.045377 0.970548
vt 0.045377 0.962638
vt 0.053646 0.960457
vt 0.670160 0.960457
vt 0.669479 0.968595
vt 0.661372 0.960457
vt 0.224003 0.966893
vt 0.225170 0.960585
vt 0.228950 0.960457
vt 0.227666 0.970595
vt 0.582046 0.992686
vt 0.583407 0.983775
vt 0.583407 0.992422
vt 0.581066 0.992477
vt 0.580123 0.986173
vt 0.418295 0.967466
vt 0.421391 0.963492
vt 0.426151 0.964613
vt 0.421713 0.968434
vt 0.426204 0.960457
vt 0.424532 0.969821
vt 0.809346 0.989926
vt 0.806421 0.989611
vt 0.806421 0.982170
vt 0.809292 0.985399
vt 0.970761 0.403595
vt 0.975191 0.399237
vt 0.975214 0.404925
vt 0.968875 0.403058
vt 0.975214 0.395680
vt 0.945042 0.610037
vt 0.950192 0.610229
vt 0.950192 0.615015
vt 0.949329 0.619275
vt 0.944306 0.626540
vt 0.943211 0.618734
vt 0.942647 0.614683
vt 0.969408 0.820365
vt 0.972253 0.821349
vt 0.972579 0.823283
vt 0.973292 0.827875
vt 0.971535 0.832598
vt 0.968875 0.831431
vt 0.450238 0.988664
vt 0.448621 0.983895
vt 0.454078 0.987435
vt 0.170151 0.989501
vt 0.170151 0.983007
vt 0.174845 0.982170
vt 0.174324 0.987458
vt 0.454077 0.983966
vt 0.975512 0.906959
vt 0.972358 0.909968
vt 0.968875 0.905485
vt 0.970247 0.901669
vt 0.974614 0.901680
vt 0.943843 0.982170
vt 0.943644 0.986412
vt 0.938513 0.987679
vt 0.938513 0.982428
vt 0.991750 0.688616
vt 0.988742 0.688616
vt 0.988742 0.683552
vt 0.991750 0.683546
vt 0.635400 0.987751
vt 0.632711 0.982170
vt 0.637781 0.982170
vt 0.860510 0.001175
vt 0.860565 0.010180
vt 0.850355 0.004828
vt 0.850326 -0.000000
vt 0.873211 0.474871
vt 0.863032 0.483302
vt 0.862995 0.468517
vt 0.873191 0.466754
vt 0.873161 0.518165
vt 0.868243 0.519246
vt 0.862995 0.508391
vt 0.863037 0.485846
vt 0.873228 0.481697
vt 0.863034 0.484574
vt 0.698750 0.733296
vt 0.713585 0.732979
vt 0.713585 0.789012
vt 0.708347 0.793390
vt 0.701997 0.798455
vt 0.699022 0.793389
vt 0.694203 0.784208
vt 0.158840 0.737828
vt 0.171572 0.738090
vt 0.173151 0.755295
vt 0.175965 0.786531
vt 0.172499 0.792728
vt 0.166857 0.802190
vt 0.154612 0.791805
vt 0.153740 0.756197
vt 0.156294 0.746947
vt 0.860599 0.016096
vt 0.850402 0.012739
vt 0.858173 0.938644
vt 0.858173 0.923805
vt 0.868373 0.923674
vt 0.868373 0.936410
vt 0.864013 0.939404
vt 0.808693 0.969679
vt 0.801588 0.970614
vt 0.808725 0.966460
vt 0.808725 0.960871
vt 0.801258 0.966881
vt 0.802794 0.960457
vt 0.765537 0.982170
vt 0.766764 0.992043
vt 0.763496 0.990941
vt 0.763766 0.987733
vt 0.972632 0.436043
vt 0.968875 0.435715
vt 0.968875 0.425842
vt 0.973407 0.425842
vt 0.974580 0.432341
vt 0.397858 0.871334
vt 0.389624 0.869196
vt 0.389615 0.863798
vt 0.405190 0.872888
vt 0.389615 0.848696
vt 0.404381 0.838611
vt 0.405190 0.842436
vt 0.882607 0.350474
vt 0.883176 0.346569
vt 0.893386 0.381002
vt 0.882556 0.380645
vt 0.893386 0.345405
vt 0.364853 0.884680
vt 0.357191 0.885950
vt 0.357191 0.855498
vt 0.025452 0.826988
vt 0.005300 0.819907
vt 0.001389 0.805320
vt 0.000000 0.800104
vt 0.013249 0.792588
vt 0.025452 0.791391
vt 0.934589 0.522554
vt 0.942704 0.528788
vt 0.934589 0.541262
vt 0.934591 0.531360
vt 0.346707 0.937550
vt 0.346707 0.949558
vt 0.336508 0.948726
vt 0.336508 0.941119
vt 0.842389 0.987465
vt 0.840605 0.987561
vt 0.840552 0.982170
vt 0.968878 0.698640
vt 0.975212 0.694945
vt 0.975212 0.698433
vt 0.969348 0.695411
vt 0.974951 0.691292
vt 0.842691 0.988721
vt 0.840552 0.994946
vt 0.410887 0.982170
vt 0.410338 0.991245
vt 0.406741 0.985652
vt 0.952094 0.722210
vt 0.946326 0.722383
vt 0.944241 0.718000
vt 0.945942 0.710199
vt 0.953004 0.710723
vt 0.952688 0.596695
vt 0.947258 0.593017
vt 0.946891 0.584292
vt 0.954208 0.582803
vt 0.954208 0.588194
vt 0.357191 0.886117
vt 0.346974 0.890330
vt 0.346956 0.861486
vt 0.349423 0.856189
vt 0.357177 0.863631
vt 0.346950 0.894900
vt 0.357187 0.887567
vt 0.888212 0.623676
vt 0.877271 0.617234
vt 0.888236 0.621798
vt 0.877271 0.614565
vt 0.888236 0.617491
vt 0.888205 0.592779
vt 0.877673 0.580928
vt 0.887255 0.580573
vt 0.394093 0.765985
vt 0.393074 0.771256
vt 0.387340 0.799533
vt 0.386004 0.803915
vt 0.384781 0.802395
vt 0.382238 0.798797
vt 0.369806 0.781127
vt 0.367790 0.778090
vt 0.365008 0.765985
vt 0.561775 0.840261
vt 0.543680 0.823303
vt 0.543188 0.814705
vt 0.562635 0.801948
vt 0.562627 0.836368
vt 0.906475 0.581258
vt 0.908761 0.609829
vt 0.898964 0.610012
vt 0.898528 0.586760
vt 0.904917 0.962950
vt 0.904851 0.966916
vt 0.900810 0.963867
vt 0.902046 0.960457
vt 0.951101 0.891544
vt 0.955513 0.890566
vt 0.956284 0.894458
vt 0.951340 0.895508
vt 0.951174 0.892207
vt 0.904899 0.971124
vt 0.904929 0.973368
vt 0.900331 0.964406
vt 0.900332 0.968286
vt 0.899851 0.964945
vt 0.951429 0.897136
vt 0.955379 0.898392
vt 0.948727 0.840290
vt 0.947805 0.835339
vt 0.947881 0.828112
vt 0.951434 0.826094
vt 0.953264 0.830003
vt 0.954486 0.835006
vt 0.953064 0.838708
vt 0.952209 0.840833
vt 0.988542 0.367946
vt 0.988542 0.372798
vt 0.983764 0.372798
vt 0.984388 0.368068
vt 0.985945 0.196068
vt 0.983588 0.196068
vt 0.983588 0.190417
vt 0.988007 0.191985
vt 0.862995 0.522554
vt 0.852397 0.519867
vt 0.852397 0.498220
vt 0.862995 0.477135
vt 0.845735 0.792687
vt 0.856185 0.789218
vt 0.856193 0.794722
vt 0.845694 0.777860
vt 0.856161 0.780932
vt 0.852376 0.485034
vt 0.857812 0.466753
vt 0.862979 0.466782
vt 0.853766 0.810034
vt 0.845113 0.796617
vt 0.847876 0.815194
vt 0.844391 0.801131
vt 0.852300 0.819148
vt 0.811251 0.553598
vt 0.810586 0.560729
vt 0.809670 0.555181
vt 0.786008 0.582804
vt 0.787341 0.596123
vt 0.789436 0.618373
vt 0.786512 0.623136
vt 0.782062 0.630263
vt 0.763393 0.640688
vt 0.763393 0.595269
vt 0.763452 0.584916
vt 0.772412 0.584742
vt 0.785271 0.580573
vt 0.828241 0.267678
vt 0.834373 0.266231
vt 0.838665 0.265472
vt 0.847097 0.264196
vt 0.847172 0.277092
vt 0.847172 0.298263
vt 0.835012 0.292123
vt 0.827064 0.279707
vt 0.827601 0.274118
vt 0.970375 0.092421
vt 0.968875 0.079788
vt 0.973471 0.079788
vt 0.972585 0.086537
vt 0.079628 0.991035
vt 0.079628 0.982170
vt 0.084586 0.983613
vt 0.084225 0.991035
vt 0.844391 0.765039
vt 0.854222 0.760784
vt 0.951375 0.193397
vt 0.952030 0.198519
vt 0.947377 0.193681
vt 0.951912 0.203365
vt 0.972800 0.983211
vt 0.972714 0.986919
vt 0.969794 0.990867
vt 0.969794 0.982170
vt 0.628690 0.948023
vt 0.633024 0.944986
vt 0.633940 0.956099
vt 0.626322 0.956419
vt 0.624948 0.951457
vt 0.986694 0.562645
vt 0.983588 0.565888
vt 0.983588 0.558264
vt 0.893516 0.674209
vt 0.893506 0.681357
vt 0.889611 0.673904
vt 0.124591 0.945034
vt 0.128817 0.945022
vt 0.124597 0.955229
vt 0.893506 0.713856
vt 0.883089 0.714094
vt 0.883089 0.673419
vt 0.883991 0.467378
vt 0.888720 0.466850
vt 0.894095 0.466756
vt 0.892894 0.504801
vt 0.883991 0.508053
vt 0.388529 0.893011
vt 0.388484 0.900159
vt 0.381743 0.897697
vt 0.380540 0.859598
vt 0.388529 0.860512
vt 0.470450 0.947598
vt 0.479928 0.947598
vt 0.479928 0.957798
vt 0.472750 0.957798
vt 0.471860 0.953984
vt 0.897559 0.180119
vt 0.887359 0.180119
vt 0.887359 0.142056
vt 0.897559 0.142001
vt 0.844200 0.881256
vt 0.841069 0.882611
vt 0.841580 0.876052
vt 0.837531 0.884098
vt 0.837531 0.868036
vt 0.923747 0.913063
vt 0.924427 0.926586
vt 0.916792 0.921976
vt 0.913967 0.917120
vt 0.663550 0.926838
vt 0.666040 0.922589
vt 0.676306 0.917046
vt 0.676374 0.922872
vt 0.674883 0.931296
vt 0.451465 0.971284
vt 0.448081 0.971693
vt 0.449433 0.960457
vt 0.454754 0.969557
vt 0.617283 0.974733
vt 0.612389 0.968428
vt 0.617849 0.967882
vt 0.612379 0.967184
vt 0.617849 0.960457
vt 0.229495 0.943201
vt 0.225156 0.941313
vt 0.230517 0.939607
vt 0.228261 0.949013
vt 0.221181 0.947845
vt 0.231132 0.948634
vt 0.108026 0.991763
vt 0.106476 0.996155
vt 0.104924 0.991488
vt 0.104924 0.982170
vt 0.108009 0.986932
vt 0.978621 0.072021
vt 0.981630 0.072010
vt 0.981705 0.082206
vt 0.976511 0.080958
vt 0.755473 0.950415
vt 0.745277 0.950345
vt 0.746521 0.938838
vt 0.752340 0.940300
vt 0.755473 0.941439
vt 0.979884 0.904634
vt 0.977150 0.902959
vt 0.976433 0.897528
vt 0.982077 0.897528
vt 0.969785 0.631569
vt 0.972469 0.642777
vt 0.970122 0.646142
vt 0.969169 0.639804
vt 0.924780 0.942637
vt 0.913988 0.941273
vt 0.913988 0.933066
vt 0.924780 0.929735
vt 0.608288 0.927935
vt 0.617584 0.933371
vt 0.617584 0.940191
vt 0.607238 0.938190
vt 0.609336 0.927710
vt 0.616434 0.926062
vt 0.882157 0.245512
vt 0.874993 0.238775
vt 0.871623 0.230066
vt 0.885670 0.230704
vt 0.885445 0.238756
vt 0.934340 0.219054
vt 0.924379 0.217617
vt 0.925371 0.208019
vt 0.930311 0.210562
vt 0.934290 0.215812
vt 0.087492 0.949220
vt 0.096598 0.949220
vt 0.096598 0.959420
vt 0.091180 0.959420
vt 0.430951 0.956780
vt 0.430951 0.946580
vt 0.440597 0.947467
vt 0.439215 0.952295
vt 0.437375 0.956780
vt 0.986653 0.400763
vt 0.983588 0.397081
vt 0.986653 0.393357
vt 0.992259 0.246568
vt 0.988742 0.248040
vt 0.988742 0.243541
vt 0.992815 0.245152
vt 0.980595 0.089957
vt 0.976433 0.082206
vt 0.981451 0.082274
vt 0.976433 0.092894
vt 0.968875 0.288555
vt 0.975622 0.285502
vt 0.975622 0.294359
vt 0.970576 0.291758
vt 0.995861 0.183392
vt 0.993125 0.183392
vt 0.993125 0.179049
vt 0.904357 0.739411
vt 0.914670 0.724384
vt 0.914669 0.737576
vt 0.904356 0.742490
vt 0.904352 0.720874
vt 0.914669 0.719327
vt 0.786198 0.900540
vt 0.796801 0.903150
vt 0.786344 0.903876
vt 0.786081 0.920052
vt 0.786675 0.912346
vt 0.792228 0.912123
vt 0.794080 0.920661
vt 0.196853 0.860438
vt 0.195999 0.842748
vt 0.196695 0.838386
vt 0.203196 0.838639
vt 0.215883 0.841338
vt 0.219230 0.848315
vt 0.303418 0.826969
vt 0.296764 0.831284
vt 0.285375 0.837943
vt 0.281003 0.840487
vt 0.282167 0.836037
vt 0.281003 0.809839
vt 0.291394 0.810046
vt 0.298922 0.818374
vt 0.979789 0.872242
vt 0.980981 0.882442
vt 0.976433 0.882442
vt 0.085800 0.892915
vt 0.086970 0.918916
vt 0.076770 0.918916
vt 0.076770 0.894893
vt 0.796839 0.904016
vt 0.797088 0.910469
vt 0.348181 0.943588
vt 0.357725 0.933530
vt 0.351534 0.943588
vt 0.358004 0.943586
vt 0.347156 0.935272
vt 0.350224 0.936907
vt 0.347031 0.938624
vt 0.346950 0.940801
vt 0.347264 0.932638
vt 0.347431 0.929885
vt 0.036570 0.914883
vt 0.046862 0.911611
vt 0.036596 0.926211
vt 0.036596 0.930543
vt 0.046864 0.912872
vt 0.046864 0.930678
vt 0.698845 0.910085
vt 0.700743 0.915058
vt 0.694947 0.925612
vt 0.689930 0.926192
vt 0.689952 0.907127
vt 0.693862 0.907174
vt 0.359544 0.974373
vt 0.363886 0.960457
vt 0.364086 0.971784
vt 0.364086 0.976116
vt 0.981490 0.296288
vt 0.981490 0.306488
vt 0.977632 0.306488
vt 0.976433 0.296288
vt 0.961637 0.108687
vt 0.960784 0.098487
vt 0.967699 0.099562
vt 0.965926 0.102678
vt 0.934635 0.272555
vt 0.944988 0.271858
vt 0.934618 0.274745
vt 0.934618 0.261309
vt 0.944988 0.270693
vt 0.926512 0.572050
vt 0.930924 0.577525
vt 0.931745 0.582527
vt 0.924020 0.582527
vt 0.924389 0.572050
vt 0.931507 0.578244
vt 0.933998 0.582527
vt 0.026361 0.911237
vt 0.026322 0.900284
vt 0.036547 0.907068
vt 0.036570 0.913559
vt 0.026308 0.896392
vt 0.036515 0.898037
vt 0.306153 0.867227
vt 0.306319 0.863321
vt 0.307035 0.853049
vt 0.312804 0.850028
vt 0.322369 0.845467
vt 0.323896 0.865932
vt 0.321280 0.871372
vt 0.318325 0.872921
vt 0.308094 0.868244
vt 0.101197 0.860976
vt 0.102852 0.879407
vt 0.090717 0.875207
vt 0.087492 0.873809
vt 0.087492 0.855152
vt 0.091089 0.856670
vt 0.348661 0.982170
vt 0.354521 0.982170
vt 0.353858 0.988197
vt 0.931115 0.323198
vt 0.931115 0.343607
vt 0.920870 0.343225
vt 0.920922 0.325324
vt 0.924389 0.323246
vt 0.420731 0.865319
vt 0.431063 0.866230
vt 0.420704 0.888415
vt 0.417664 0.885752
vt 0.417664 0.868960
vt 0.433668 0.881689
vt 0.432282 0.865987
vt 0.911320 0.234089
vt 0.907308 0.241001
vt 0.903090 0.233035
vt 0.908163 0.241221
vt 0.910001 0.239373
vt 0.193851 0.988777
vt 0.196668 0.982170
vt 0.196462 0.994674
vt 0.913685 0.224870
vt 0.913384 0.227275
vt 0.911999 0.220472
vt 0.903090 0.217194
vt 0.908671 0.216404
vt 0.912298 0.215971
vt 0.519721 0.888909
vt 0.513988 0.887295
vt 0.506328 0.888009
vt 0.504111 0.884351
vt 0.504111 0.867757
vt 0.505619 0.864875
vt 0.509334 0.867600
vt 0.518170 0.878104
vt 0.519016 0.880436
vt 0.519612 0.886429
vt 0.966290 0.311840
vt 0.967446 0.321476
vt 0.961162 0.320595
vt 0.962358 0.316288
vt 0.968484 0.139469
vt 0.960784 0.140676
vt 0.960784 0.131558
vt 0.045377 0.972475
vt 0.038808 0.972183
vt 0.042376 0.963198
vt 0.045377 0.968468
vt 0.788296 0.969856
vt 0.788925 0.960876
vt 0.792145 0.969542
vt 0.463280 0.960457
vt 0.463280 0.969709
vt 0.459605 0.970073
vt 0.455261 0.970490
vt 0.455318 0.965940
vt 0.981528 0.702345
vt 0.976433 0.693690
vt 0.981955 0.693690
vt 0.956697 0.598258
vt 0.956605 0.602263
vt 0.956479 0.607105
vt 0.952551 0.610019
vt 0.948504 0.603325
vt 0.948031 0.598258
vt 0.063312 0.982170
vt 0.069132 0.982170
vt 0.066991 0.989750
vt 0.064318 0.985652
vt 0.847564 0.987254
vt 0.842993 0.987989
vt 0.843715 0.982796
vt 0.153683 0.877928
vt 0.147376 0.874780
vt 0.153683 0.853249
vt 0.265156 0.815553
vt 0.269151 0.820747
vt 0.245318 0.831938
vt 0.245318 0.805650
vt 0.267064 0.813573
vt 0.620184 0.931983
vt 0.624788 0.921912
vt 0.624931 0.931983
vt 0.619155 0.931982
vt 0.622712 0.912743
vt 0.624612 0.910187
vt 0.267904 0.812697
vt 0.245389 0.800149
vt 0.252198 0.800960
vt 0.268745 0.811821
vt 0.245458 0.799087
vt 0.624368 0.905810
vt 0.076482 0.794219
vt 0.078045 0.800595
vt 0.083732 0.826261
vt 0.056398 0.826261
vt 0.061658 0.814369
vt 0.057030 0.811148
vt 0.064027 0.803899
vt 0.072228 0.795511
vt 0.412180 0.988126
vt 0.410887 0.982170
vt 0.416525 0.982170
vt 0.416525 0.987944
vt 0.237284 0.960458
vt 0.237284 0.972784
vt 0.230431 0.966912
vt 0.231580 0.960742
vt 0.770214 0.985655
vt 0.770214 0.991510
vt 0.768556 0.990929
vt 0.767447 0.989836
vt 0.770127 0.982170
vt 0.993593 0.245553
vt 0.995006 0.243240
vt 0.995006 0.249327
vt 0.978730 0.257534
vt 0.980192 0.254370
vt 0.981954 0.260713
vt 0.982521 0.262921
vt 0.976433 0.262921
vt 0.991277 0.860792
vt 0.988742 0.858652
vt 0.992208 0.858652
vt 0.928416 0.588645
vt 0.928173 0.582803
vt 0.937322 0.592391
vt 0.928173 0.599725
vt 0.930730 0.602415
vt 0.276537 0.975423
vt 0.276693 0.970646
vt 0.276537 0.960457
vt 0.282146 0.963416
vt 0.891024 0.945979
vt 0.891024 0.935792
vt 0.894392 0.935792
vt 0.901224 0.944516
vt 0.901224 0.948376
vt 0.992110 0.613123
vt 0.988742 0.613123
vt 0.988742 0.608345
vt 0.010316 0.902554
vt 0.010590 0.905869
vt 0.000657 0.911124
vt -0.000000 0.903198
vt 0.332968 0.982170
vt 0.337790 0.984711
vt 0.336012 0.988626
vt 0.010999 0.910892
vt 0.000753 0.912313
vt 0.010486 0.917151
vt 0.000607 0.916466
vt 0.000850 0.913502
vt 0.000000 0.923599
vt 0.010111 0.921556
vt 0.291316 0.912738
vt 0.284886 0.918118
vt 0.281003 0.911245
vt 0.281011 0.892922
vt 0.291324 0.893495
vt 0.291324 0.917837
vt 0.286165 0.918402
vt 0.481515 0.871710
vt 0.479175 0.867246
vt 0.477658 0.864286
vt 0.496148 0.851637
vt 0.496215 0.856735
vt 0.496215 0.875980
vt 0.490097 0.874241
vt 0.731720 0.162499
vt 0.745248 0.169554
vt 0.741110 0.177560
vt 0.736539 0.179909
vt 0.726733 0.182998
vt 0.726733 0.165317
vt 0.923038 0.865024
vt 0.923038 0.880031
vt 0.919285 0.886246
vt 0.912838 0.885755
vt 0.912838 0.863353
vt 0.446526 0.945310
vt 0.450402 0.948281
vt 0.442189 0.955542
vt 0.442178 0.945308
vt 0.450456 0.955542
vt 0.655916 0.899213
vt 0.661690 0.899180
vt 0.662406 0.906695
vt 0.940649 0.339649
vt 0.938973 0.322227
vt 0.945000 0.323167
vt 0.945000 0.344407
vt 0.663550 0.917787
vt 0.663181 0.920506
vt 0.655916 0.920392
vt 0.940937 0.343634
vt 0.940841 0.341946
vt 0.960784 0.083042
vt 0.968168 0.077479
vt 0.968168 0.082102
vt 0.968007 0.086863
vt 0.961627 0.087091
vt 0.578635 0.961530
vt 0.574509 0.979157
vt 0.574421 0.968006
vt 0.574421 0.960457
vt 0.917547 0.580573
vt 0.918438 0.584509
vt 0.918961 0.587253
vt 0.918961 0.605356
vt 0.908761 0.606200
vt 0.908761 0.583876
vt 0.913107 0.581879
vt 0.925514 0.141512
vt 0.925514 0.119188
vt 0.933780 0.119075
vt 0.932344 0.137718
vt 0.931826 0.140515
vt 0.838261 0.884233
vt 0.844135 0.901578
vt 0.837664 0.891598
vt 0.837667 0.903622
vt 0.893071 0.256489
vt 0.899655 0.261979
vt 0.892635 0.267667
vt 0.898112 0.270495
vt 0.892488 0.271113
vt 0.903107 0.263259
vt 0.903596 0.257940
vt 0.488637 0.933730
vt 0.487789 0.935561
vt 0.486869 0.927876
vt 0.489536 0.933099
vt 0.490435 0.920140
vt 0.977228 0.245784
vt 0.982165 0.254370
vt 0.976433 0.254370
vt 0.389702 0.910029
vt 0.391960 0.908371
vt 0.400350 0.919232
vt 0.390020 0.912291
vt 0.394664 0.908685
vt 0.841585 0.905336
vt 0.837664 0.909287
vt 0.892036 0.248234
vt 0.902369 0.245608
vt 0.892560 0.252482
vt 0.903154 0.251639
vt 0.903697 0.255928
vt 0.389615 0.905850
vt 0.400350 0.899087
vt 0.396765 0.904322
vt 0.390002 0.900644
vt 0.390449 0.895234
vt 0.654555 0.880145
vt 0.657495 0.882127
vt 0.659472 0.886281
vt 0.657189 0.896713
vt 0.651042 0.896238
vt 0.645283 0.890870
vt 0.643755 0.885731
vt 0.642797 0.879725
vt 0.648251 0.879427
vt 0.257315 0.902534
vt 0.260732 0.901714
vt 0.264382 0.901224
vt 0.263961 0.908600
vt 0.264250 0.920621
vt 0.264382 0.926284
vt 0.261531 0.923092
vt 0.258908 0.920020
vt 0.256729 0.907286
vt 0.992145 0.098865
vt 0.988742 0.097243
vt 0.992145 0.093134
vt 0.989838 0.897839
vt 0.990935 0.903711
vt 0.988742 0.903711
vt 0.994807 0.356674
vt 0.994807 0.363082
vt 0.993253 0.363082
vt 0.993125 0.356986
vt 0.987201 0.068264
vt 0.983588 0.070329
vt 0.983588 0.062486
vt 0.986793 0.066242
vt 0.961924 0.289298
vt 0.960784 0.283624
vt 0.967086 0.278956
vt 0.967086 0.286732
vt 0.991629 0.030863
vt 0.988742 0.034698
vt 0.989275 0.028438
vt 0.701696 0.971361
vt 0.701696 0.960457
vt 0.703301 0.961463
vt 0.707645 0.963763
vt 0.708750 0.969876
vt 0.635188 0.930036
vt 0.624985 0.930128
vt 0.624964 0.926195
vt 0.635177 0.928064
vt 0.913993 0.240389
vt 0.924165 0.226964
vt 0.924202 0.241441
vt 0.913970 0.230619
vt 0.924159 0.224523
vt 0.914990 0.228069
vt 0.924162 0.223570
vt 0.625001 0.918339
vt 0.635164 0.921841
vt 0.624948 0.923287
vt 0.625095 0.909593
vt 0.635188 0.919630
vt 0.783560 0.402213
vt 0.786180 0.398514
vt 0.798279 0.400893
vt 0.800568 0.404527
vt 0.804311 0.410538
vt 0.802133 0.419919
vt 0.800457 0.424574
vt 0.793997 0.425379
vt 0.785130 0.426423
vt 0.782739 0.421185
vt 0.782739 0.406675
vt 0.751402 0.876673
vt 0.746742 0.873228
vt 0.745776 0.871711
vt 0.740583 0.863397
vt 0.739803 0.856803
vt 0.743871 0.854942
vt 0.755000 0.851166
vt 0.756702 0.852577
vt 0.756702 0.859761
vt 0.755682 0.877186
vt 0.961610 0.697111
vt 0.966995 0.696939
vt 0.966995 0.707143
vt 0.960784 0.707341
vt 0.939523 0.385276
vt 0.945466 0.385224
vt 0.947340 0.387216
vt 0.946746 0.387864
vt 0.939355 0.392061
vt 0.946716 0.394509
vt 0.943603 0.400719
vt 0.939911 0.396757
vt 0.961567 0.549580
vt 0.960784 0.546369
vt 0.965685 0.542320
vt 0.947934 0.398979
vt 0.946752 0.396701
vt 0.261214 0.965795
vt 0.257060 0.970978
vt 0.255311 0.970818
vt 0.259495 0.960457
vt 0.261353 0.960616
vt 0.254334 0.970784
vt 0.255610 0.965916
vt 0.618126 0.916099
vt 0.615948 0.923980
vt 0.613171 0.926042
vt 0.607238 0.924348
vt 0.607238 0.908137
vt 0.612998 0.905810
vt 0.616367 0.911703
vt 0.972616 0.376353
vt 0.969139 0.375676
vt 0.969260 0.372097
vt 0.972899 0.364515
vt 0.310458 0.983514
vt 0.315234 0.982170
vt 0.315234 0.989236
vt 0.264530 0.926595
vt 0.273703 0.924132
vt 0.274764 0.940008
vt 0.271001 0.940138
vt 0.264591 0.938735
vt 0.009783 0.996894
vt 0.008228 0.997214
vt 0.009732 0.982212
vt 0.976433 0.529388
vt 0.982378 0.528875
vt 0.981114 0.534997
vt 0.976637 0.535048
vt 0.507178 0.955845
vt 0.503672 0.960457
vt 0.504108 0.948921
vt 0.760368 0.575826
vt 0.752742 0.571540
vt 0.760379 0.571165
vt 0.760374 0.577436
vt 0.754334 0.579722
vt 0.749730 0.576485
vt 0.753025 0.579848
vt 0.500846 0.951999
vt 0.500892 0.959371
vt 0.995934 0.354499
vt 0.993125 0.355693
vt 0.995946 0.352837
vt 0.570720 0.949072
vt 0.563385 0.948117
vt 0.563385 0.937434
vt 0.567939 0.937013
vt 0.569725 0.939599
vt 0.573277 0.946769
vt 0.974578 0.149431
vt 0.970284 0.154508
vt 0.970068 0.145075
vt 0.950162 0.216615
vt 0.949147 0.219712
vt 0.947818 0.215739
vt 0.952961 0.207781
vt 0.951020 0.212823
vt 0.950844 0.208281
vt 0.810043 0.989379
vt 0.810099 0.985980
vt 0.814310 0.985831
vt 0.814435 0.989379
vt 0.992665 0.028243
vt 0.990165 0.023353
vt 0.992665 0.023144
vt 0.944240 0.219295
vt 0.944574 0.217023
vt 0.946361 0.215240
vt 0.948772 0.208334
vt 0.944650 0.209207
vt 0.944445 0.207844
vt 0.948939 0.206407
vt 0.953966 0.641699
vt 0.949898 0.643049
vt 0.945116 0.643100
vt 0.948300 0.630290
vt 0.950864 0.633721
vt 0.951784 0.637277
vt 0.812715 0.982222
vt 0.964407 0.751318
vt 0.960784 0.745397
vt 0.962050 0.742294
vt 0.963345 0.739189
vt 0.965707 0.739340
vt 0.195524 0.935538
vt 0.201150 0.934150
vt 0.196341 0.945410
vt 0.204857 0.943180
vt 0.197159 0.945747
vt 0.202062 0.946095
vt 0.968875 0.579197
vt 0.973257 0.586861
vt 0.968875 0.588935
vt 0.958718 0.005921
vt 0.951508 0.010830
vt 0.950950 -0.000000
vt 0.995201 0.146996
vt 0.993125 0.152099
vt 0.993125 0.146277
vt 0.206650 0.939707
vt 0.952066 0.012260
vt 0.957922 0.009884
vt 0.833204 0.942978
vt 0.833204 0.952508
vt 0.824538 0.954845
vt 0.825426 0.948776
vt 0.831142 0.942219
vt 0.549379 0.954635
vt 0.550163 0.949187
vt 0.558516 0.949187
vt 0.557544 0.958234
vt 0.977427 0.897528
vt 0.976433 0.889698
vt 0.982339 0.889698
vt 0.627545 0.988369
vt 0.622004 0.986294
vt 0.622764 0.982170
vt 0.627274 0.982170
vt 0.384502 0.987439
vt 0.379413 0.987989
vt 0.379425 0.983587
vt 0.384502 0.982170
vt 0.468600 0.982959
vt 0.472777 0.982448
vt 0.472881 0.987908
vt 0.468600 0.989163
vt 0.990357 0.416769
vt 0.991963 0.422014
vt 0.988742 0.422014
vt 0.989881 0.593955
vt 0.988742 0.589079
vt 0.991779 0.589058
vt 0.801889 0.397288
vt 0.798114 0.398514
vt 0.783828 0.388135
vt 0.796745 0.377292
vt 0.805050 0.396712
vt 0.797716 0.376554
vt 0.852773 0.522554
vt 0.860738 0.522689
vt 0.858387 0.572079
vt 0.852794 0.547889
vt 0.797301 0.349311
vt 0.800451 0.342042
vt 0.803382 0.339406
vt 0.803443 0.340330
vt 0.805050 0.370601
vt 0.798069 0.363793
vt 0.798686 0.375816
vt 0.863115 0.577454
vt 0.863115 0.550646
vt 0.861919 0.522708
vt 0.825673 0.449986
vt 0.817927 0.466753
vt 0.810411 0.466488
vt 0.810411 0.441500
vt 0.811945 0.426452
vt 0.819720 0.438694
vt 0.786937 0.690512
vt 0.765173 0.705434
vt 0.758108 0.703962
vt 0.758108 0.676642
vt 0.759807 0.643903
vt 0.773154 0.666224
vt 0.904828 0.547076
vt 0.905448 0.537949
vt 0.915028 0.522554
vt 0.913857 0.548745
vt 0.997366 0.177865
vt 0.996642 0.180042
vt 0.996642 0.175047
vt 0.872296 0.334527
vt 0.868519 0.327752
vt 0.868469 0.323660
vt 0.871335 0.345145
vt 0.868668 0.338682
vt 0.901639 0.008299
vt 0.911862 -0.000000
vt 0.911862 0.025558
vt 0.901639 0.023305
vt 0.412649 0.837745
vt 0.405190 0.849900
vt 0.405377 0.829799
vt 0.412758 0.825943
vt 0.406330 0.861131
vt 0.412687 0.847145
vt 0.412758 0.861102
vt 0.407149 0.861127
vt 0.879086 0.333046
vt 0.879151 0.317402
vt 0.868580 0.298263
vt 0.879232 0.298948
vt 0.879097 0.336587
vt 0.789616 0.589410
vt 0.803052 0.581012
vt 0.805798 0.587489
vt 0.806540 0.590953
vt 0.809279 0.606380
vt 0.812491 0.624584
vt 0.789436 0.624569
vt 0.789436 0.610612
vt 0.789446 0.601212
vt 0.694162 0.778463
vt 0.660558 0.779271
vt 0.664391 0.754122
vt 0.665329 0.750138
vt 0.667907 0.739512
vt 0.670470 0.733536
vt 0.693402 0.747136
vt 0.694162 0.767223
vt 0.901669 0.043402
vt 0.900369 0.076197
vt 0.891469 0.069769
vt 0.891469 0.046714
vt 0.856441 0.446290
vt 0.852702 0.397128
vt 0.857425 0.391409
vt 0.758310 0.163743
vt 0.758009 0.157075
vt 0.768564 0.164185
vt 0.767190 0.171194
vt 0.757895 0.138511
vt 0.781975 0.143207
vt 0.782044 0.154480
vt 0.769515 0.159117
vt 0.781975 0.138339
vt 0.757895 0.123268
vt 0.769117 0.106079
vt 0.782052 0.127141
vt 0.758024 0.104524
vt 0.988742 0.015457
vt 0.988742 0.010057
vt 0.992463 0.014730
vt 0.370380 0.899191
vt 0.365834 0.909425
vt 0.365008 0.884368
vt 0.376769 0.884368
vt 0.372326 0.894729
vt 0.576056 0.736227
vt 0.575649 0.725924
vt 0.575389 0.707181
vt 0.575289 0.691939
vt 0.575289 0.673374
vt 0.575569 0.666704
vt 0.583842 0.660558
vt 0.585730 0.671263
vt 0.607141 0.679826
vt 0.582367 0.728973
vt 0.021310 0.991517
vt 0.021152 0.986080
vt 0.021152 0.982170
vt 0.025938 0.983016
vt 0.025073 0.991133
vt 0.233435 0.908303
vt 0.233435 0.895835
vt 0.242505 0.897325
vt 0.243634 0.920588
vt 0.238760 0.920588
vt 0.987916 0.582279
vt 0.987090 0.583209
vt 0.984947 0.581728
vt 0.991093 0.625484
vt 0.988742 0.621049
vt 0.992326 0.621049
vt 0.983588 0.941577
vt 0.985447 0.937744
vt 0.987693 0.941681
vt 0.989962 0.728744
vt 0.988742 0.724663
vt 0.992325 0.724663
vt 0.992325 0.728831
vt 0.937708 0.947312
vt 0.934763 0.936998
vt 0.940646 0.941187
vt 0.936571 0.949672
vt 0.934763 0.953340
vt 0.917940 0.449053
vt 0.922839 0.451325
vt 0.930124 0.454872
vt 0.929275 0.464217
vt 0.920268 0.465440
vt 0.918589 0.454455
vt 0.977512 0.245276
vt 0.976433 0.237170
vt 0.982877 0.240421
vt 0.124591 0.915715
vt 0.124591 0.931140
vt 0.114385 0.931094
vt 0.114385 0.910765
vt 0.651018 0.683126
vt 0.646796 0.727486
vt 0.642346 0.727189
vt 0.642346 0.660558
vt 0.660354 0.669991
vt 0.131439 0.879595
vt 0.129759 0.836246
vt 0.125880 0.822837
vt 0.131439 0.815679
vt 0.882168 0.226715
vt 0.882168 0.183669
vt 0.892368 0.183669
vt 0.892368 0.225733
vt 0.891869 0.142000
vt 0.891869 0.126108
vt 0.902068 0.126108
vt 0.902068 0.141674
vt 0.821132 0.849736
vt 0.805294 0.826203
vt 0.806162 0.822664
vt 0.816244 0.839181
vt 0.822136 0.848976
vt 0.050830 0.843225
vt 0.056240 0.839649
vt 0.053790 0.869074
vt 0.050830 0.835050
vt 0.631960 0.814979
vt 0.642771 0.824526
vt 0.637818 0.834938
vt 0.629301 0.852464
vt 0.624948 0.845545
vt 0.624948 0.815007
vt 0.477462 0.983845
vt 0.480059 0.996592
vt 0.924205 0.220454
vt 0.926589 0.219906
vt 0.924202 0.238760
vt 0.927819 0.219754
vt 0.932041 0.232835
vt 0.932976 0.231976
vt 0.929050 0.219602
vt 0.932138 0.219582
vt 0.922249 0.002111
vt 0.928676 0.002363
vt 0.931996 0.001461
vt 0.931999 0.020580
vt 0.923041 0.014038
vt 0.922873 0.983458
vt 0.927340 0.982170
vt 0.925350 0.988147
vt 0.988742 0.907165
vt 0.991326 0.903711
vt 0.991326 0.909126
vt 0.986926 0.730261
vt 0.986926 0.737031
vt 0.983688 0.736882
vt 0.983588 0.730600
vt 0.984555 0.877471
vt 0.986758 0.880456
vt 0.983588 0.883540
vt 0.986273 0.673082
vt 0.987235 0.678807
vt 0.983588 0.676832
vt 0.996642 0.047171
vt 0.996642 0.050714
vt 0.993237 0.049654
vt 0.994126 0.047077
vt 0.822225 0.770295
vt 0.822136 0.760784
vt 0.832362 0.761607
vt 0.832478 0.774728
vt 0.574587 0.731294
vt 0.575289 0.734922
vt 0.565027 0.734810
vt 0.564597 0.732587
vt 0.574178 0.729250
vt 0.563937 0.729287
vt 0.832579 0.786418
vt 0.832643 0.794578
vt 0.822427 0.794093
vt 0.822388 0.789191
vt 0.818830 0.251264
vt 0.829304 0.248900
vt 0.829227 0.253805
vt 0.818706 0.259228
vt 0.829402 0.240637
vt 0.818891 0.246160
vt 0.243698 0.970480
vt 0.237284 0.960458
vt 0.245344 0.960458
vt 0.818819 0.190376
vt 0.829180 0.186300
vt 0.829331 0.187600
vt 0.829385 0.191708
vt 0.822403 0.802985
vt 0.822424 0.799700
vt 0.832606 0.801960
vt 0.822430 0.798724
vt 0.832637 0.796879
vt 0.832612 0.800946
vt 0.574164 0.799332
vt 0.572949 0.814892
vt 0.563986 0.793845
vt 0.564177 0.783534
vt 0.564727 0.752122
vt 0.575104 0.745590
vt 0.822436 0.797747
vt 0.829467 0.226607
vt 0.818932 0.237494
vt 0.818976 0.227002
vt 0.829495 0.220145
vt 0.818402 0.187970
vt 0.821706 0.183669
vt 0.210735 0.891811
vt 0.206650 0.889922
vt 0.217777 0.886472
vt 0.218051 0.877383
vt 0.217804 0.885582
vt 0.206650 0.861288
vt 0.219125 0.875877
vt 0.736249 0.259160
vt 0.733459 0.261433
vt 0.702817 0.261653
vt 0.696342 0.261653
vt 0.685788 0.261217
vt 0.677073 0.260839
vt 0.671972 0.260411
vt 0.664039 0.259578
vt 0.660558 0.257824
vt 0.660568 0.247519
vt 0.661069 0.227247
vt 0.661321 0.222037
vt 0.662755 0.217619
vt 0.665164 0.214006
vt 0.666872 0.211515
vt 0.686784 0.184213
vt 0.692501 0.183852
vt 0.696279 0.183669
vt 0.707349 0.196986
vt 0.727413 0.221168
vt 0.734445 0.229853
vt 0.684923 0.082560
vt 0.678008 0.075693
vt 0.669761 0.066239
vt 0.660558 0.055527
vt 0.664253 0.044966
vt 0.667685 0.041452
vt 0.673598 0.035646
vt 0.684064 0.026165
vt 0.688896 0.021808
vt 0.696929 0.015143
vt 0.711133 0.003495
vt 0.714502 0.000988
vt 0.716134 0.000693
vt 0.728131 0.000000
vt 0.734451 0.007858
vt 0.736218 0.008413
vt 0.736445 0.023993
vt 0.736445 0.077752
vt 0.736435 0.088424
vt 0.731501 0.092129
vt 0.728633 0.094219
vt 0.691835 0.084831
vt 0.822136 0.838814
vt 0.822383 0.805943
vt 0.832587 0.804797
vt 0.832324 0.839863
vt 0.067219 0.969910
vt 0.066789 0.965191
vt 0.069996 0.960457
vt 0.068061 0.970588
vt 0.069996 0.972093
vt 0.062400 0.960844
vt 0.901320 0.985149
vt 0.903010 0.982170
vt 0.904402 0.989308
vt 0.058187 0.962277
vt 0.062400 0.971264
vt 0.054192 0.967269
vt 0.062400 0.960457
vt 0.831004 0.972093
vt 0.831004 0.960458
vt 0.837484 0.969266
vt 0.984998 0.765997
vt 0.983588 0.767069
vt 0.983588 0.760008
vt 0.985302 0.757816
vt 0.986002 0.763751
vt 0.991015 0.779517
vt 0.990806 0.781608
vt 0.988742 0.786029
vt 0.988742 0.780053
vt 0.715530 0.913992
vt 0.715348 0.917234
vt 0.705093 0.922066
vt 0.706048 0.915195
vt 0.943169 0.880129
vt 0.949400 0.879548
vt 0.946115 0.883066
vt 0.949954 0.878983
vt 0.943054 0.874419
vt 0.950456 0.875912
vt 0.943040 0.872570
vt 0.950418 0.870672
vt 0.943896 0.867527
vt 0.950507 0.867211
vt 0.992506 0.665093
vt 0.992506 0.669251
vt 0.988742 0.665093
vt 0.256095 0.935566
vt 0.260041 0.928964
vt 0.264190 0.926284
vt 0.264190 0.943314
vt 0.262346 0.941619
vt 0.258534 0.938024
vt 0.845857 0.911549
vt 0.845772 0.905945
vt 0.845772 0.889241
vt 0.852594 0.892711
vt 0.857793 0.901131
vt 0.855185 0.905975
vt 0.853933 0.907337
vt 0.850014 0.911492
vt 0.966016 0.806261
vt 0.966757 0.815648
vt 0.961165 0.816000
vt 0.960784 0.812256
vt 0.077435 0.935923
vt 0.076770 0.918916
vt 0.086967 0.919553
vt 0.087003 0.936576
vt 0.065347 0.942315
vt 0.068854 0.944015
vt 0.069315 0.949551
vt 0.067538 0.951838
vt 0.059567 0.942174
vt 0.062178 0.952724
vt 0.060193 0.941571
vt 0.063504 0.941135
vt 0.945938 0.643297
vt 0.953038 0.645443
vt 0.954358 0.651346
vt 0.949196 0.654221
vt 0.945764 0.654094
vt 0.989129 0.588184
vt 0.990271 0.583782
vt 0.991801 0.589058
vt 0.983588 0.201381
vt 0.983716 0.196068
vt 0.988739 0.196068
vt 0.988742 0.199966
vt 0.806851 0.914100
vt 0.816630 0.905888
vt 0.816576 0.915732
vt 0.891963 0.883589
vt 0.879874 0.863353
vt 0.891053 0.877433
vt 0.889753 0.868893
vt 0.880901 0.875912
vt 0.881615 0.886435
vt 0.921710 0.426252
vt 0.922884 0.407138
vt 0.928943 0.427096
vt 0.924058 0.407085
vt 0.931910 0.409176
vt 0.930921 0.426360
vt 0.889784 0.890885
vt 0.882174 0.894133
vt 0.881751 0.888752
vt 0.301262 0.862575
vt 0.294853 0.863955
vt 0.285870 0.865725
vt 0.283835 0.860046
vt 0.281003 0.850582
vt 0.285249 0.840784
vt 0.301238 0.847408
vt 0.219849 0.829016
vt 0.213231 0.837661
vt 0.204378 0.828668
vt 0.196726 0.819806
vt 0.199946 0.808348
vt 0.219006 0.808123
vt 0.935967 0.142263
vt 0.937361 0.150418
vt 0.928593 0.160590
vt 0.927779 0.144151
vt 0.894873 0.555395
vt 0.894628 0.553637
vt 0.904861 0.552625
vt 0.905303 0.559429
vt 0.895022 0.556466
vt 0.904245 0.579787
vt 0.894956 0.566165
vt 0.895171 0.557537
vt 0.905763 0.561721
vt 0.903179 0.579669
vt 0.894628 0.578664
vt 0.883561 0.759896
vt 0.870518 0.739171
vt 0.883302 0.731684
vt 0.917037 0.495874
vt 0.916997 0.500017
vt 0.906791 0.499283
vt 0.883429 0.728465
vt 0.869613 0.733441
vt 0.883561 0.726325
vt 0.906883 0.514407
vt 0.917037 0.506593
vt 0.910504 0.520531
vt 0.906839 0.494569
vt 0.542130 0.802336
vt 0.542839 0.818014
vt 0.537836 0.812381
vt 0.882329 0.759829
vt 0.873369 0.751437
vt 0.538910 0.824877
vt 0.542856 0.827031
vt 0.539893 0.830567
vt 0.543188 0.831446
vt 0.786125 0.817913
vt 0.780670 0.821974
vt 0.775979 0.820800
vt 0.762894 0.810086
vt 0.763404 0.805057
vt 0.767297 0.796923
vt 0.774575 0.782596
vt 0.786287 0.783660
vt 0.786287 0.814170
vt 0.876670 0.178673
vt 0.875866 0.163559
vt 0.875941 0.142509
vt 0.882684 0.142001
vt 0.887031 0.171504
vt 0.887360 0.175245
vt 0.882564 0.179391
vt 0.878798 0.180398
vt 0.104185 0.936013
vt 0.113366 0.932771
vt 0.113297 0.945310
vt 0.104800 0.944444
vt 0.938344 0.177231
vt 0.939951 0.172803
vt 0.946992 0.179853
vt 0.946721 0.174291
vt 0.966927 0.607775
vt 0.960784 0.608777
vt 0.961451 0.599139
vt 0.955589 0.528177
vt 0.950483 0.526850
vt 0.956775 0.523140
vt 0.957505 0.536383
vt 0.945601 0.852516
vt 0.948307 0.851052
vt 0.946798 0.864393
vt 0.950173 0.850957
vt 0.951159 0.853085
vt 0.939251 0.168261
vt 0.946856 0.172850
vt 0.940534 0.168065
vt 0.943782 0.170006
vt 0.938951 0.167224
vt 0.939650 0.164141
vt 0.940915 0.165496
vt 0.983588 0.572725
vt 0.985087 0.565888
vt 0.987048 0.572062
vt 0.984503 0.357686
vt 0.983588 0.350686
vt 0.987221 0.350686
vt 0.987216 0.357522
vt 0.990028 0.363618
vt 0.991314 0.369787
vt 0.989173 0.369441
vt 0.993125 0.518944
vt 0.993902 0.517167
vt 0.994984 0.515319
vt 0.994984 0.520516
vt 0.654584 0.970453
vt 0.648037 0.965147
vt 0.646820 0.960457
vt 0.654299 0.964103
vt 0.991950 0.538381
vt 0.988742 0.539705
vt 0.989052 0.536529
vt 0.991950 0.534534
vt 0.987107 0.985587
vt 0.983588 0.985587
vt 0.984671 0.980138
vt 0.995181 0.407823
vt 0.995181 0.412931
vt 0.993125 0.412931
vt 0.868922 0.920226
vt 0.865129 0.923286
vt 0.858173 0.916506
vt 0.858173 0.910499
vt 0.858431 0.902764
vt 0.869113 0.913290
vt 0.868953 0.918081
vt 0.968875 0.966335
vt 0.970162 0.957556
vt 0.972521 0.961616
vt 0.972521 0.972610
vt 0.252456 0.986871
vt 0.256656 0.984319
vt 0.256339 0.991291
vt 0.936719 0.139815
vt 0.934664 0.132288
vt 0.933780 0.126346
vt 0.934048 0.119075
vt 0.941237 0.122399
vt 0.941237 0.134136
vt 0.434597 0.960457
vt 0.432245 0.970657
vt 0.432921 0.963966
vt 0.981359 0.437045
vt 0.976433 0.437045
vt 0.977034 0.426845
vt 0.193298 0.792505
vt 0.193357 0.803424
vt 0.187791 0.797855
vt 0.180254 0.805182
vt 0.193357 0.838596
vt 0.175965 0.835671
vt 0.950372 0.368574
vt 0.956366 0.368603
vt 0.950372 0.385188
vt 0.643913 0.849292
vt 0.647660 0.814321
vt 0.648885 0.803470
vt 0.659742 0.817383
vt 0.660527 0.849292
vt 0.825077 0.665120
vt 0.829482 0.665120
vt 0.830956 0.695874
vt 0.825077 0.697039
vt 0.960784 0.887448
vt 0.965189 0.887448
vt 0.965189 0.901624
vt 0.963325 0.895641
vt 0.759081 0.267028
vt 0.755422 0.263071
vt 0.759036 0.261653
vt 0.759081 0.326916
vt 0.732882 0.268698
vt 0.739630 0.269268
vt 0.731959 0.268620
vt 0.759013 0.328096
vt 0.728732 0.270990
vt 0.757849 0.161843
vt 0.738609 0.154227
vt 0.730083 0.154954
vt 0.726733 0.151373
vt 0.730453 0.141584
vt 0.757827 0.095399
vt 0.757895 0.156467
vt 0.977698 0.223243
vt 0.976433 0.202551
vt 0.976909 0.206404
vt 0.983588 0.158348
vt 0.984852 0.150664
vt 0.987101 0.157521
vt 0.988742 0.426433
vt 0.988742 0.422014
vt 0.992361 0.422014
vt 0.992610 0.425035
vt 0.642753 0.933417
vt 0.635791 0.916939
vt 0.642744 0.912517
vt 0.249440 0.847975
vt 0.267380 0.843973
vt 0.267098 0.858502
vt 0.739280 0.861422
vt 0.717208 0.861405
vt 0.717824 0.855420
vt 0.716923 0.851423
vt 0.726066 0.839760
vt 0.728453 0.837174
vt 0.734502 0.850381
vt 0.635188 0.910584
vt 0.637480 0.909593
vt 0.642749 0.911337
vt 0.806417 0.321327
vt 0.811321 0.318674
vt 0.811321 0.338340
vt 0.810094 0.335118
vt 0.971903 0.672077
vt 0.975623 0.673257
vt 0.975623 0.680481
vt 0.970562 0.680299
vt 0.968875 0.675298
vt 0.990686 0.863212
vt 0.989714 0.870107
vt 0.988742 0.862773
vt 0.989780 0.851846
vt 0.990818 0.858653
vt 0.988742 0.858653
vt 0.245318 0.842226
vt 0.250073 0.836463
vt 0.267380 0.831938
vt 0.249230 0.846941
vt 0.248102 0.845024
vt 0.986169 0.313885
vt 0.988339 0.319245
vt 0.983588 0.319245
vt 0.963949 0.331012
vt 0.960860 0.322638
vt 0.968034 0.321600
vt 0.988742 0.281006
vt 0.988742 0.273231
vt 0.991068 0.278427
vt 0.721839 0.992145
vt 0.721839 0.982170
vt 0.725168 0.987874
vt 0.748582 0.580370
vt 0.743624 0.578700
vt 0.747090 0.576761
vt 0.740623 0.573407
vt 0.745060 0.573970
vt 0.747529 0.572300
vt 0.738818 0.570514
vt 0.742601 0.569160
vt 0.983387 0.109517
vt 0.978330 0.106430
vt 0.977808 0.104140
vt 0.983387 0.102280
vt 0.636094 0.958667
vt 0.634805 0.948472
vt 0.643669 0.955662
vt 0.641970 0.948885
vt 0.280986 0.943747
vt 0.283065 0.936780
vt 0.290269 0.935994
vt 0.290269 0.946161
vt 0.287332 0.949066
vt 0.969644 0.762661
vt 0.968875 0.758668
vt 0.968875 0.755217
vt 0.973095 0.755484
vt 0.975412 0.758701
vt 0.695516 0.982170
vt 0.695516 0.990613
vt 0.691655 0.990366
vt 0.691540 0.983373
vt 0.714949 0.956359
vt 0.710052 0.955916
vt 0.705614 0.955286
vt 0.705093 0.946859
vt 0.714949 0.946120
vt 0.984002 0.838991
vt 0.983588 0.835364
vt 0.987963 0.836767
vt 0.662756 0.990065
vt 0.658920 0.990981
vt 0.658903 0.986670
vt 0.662756 0.982170
vt 0.981533 0.314025
vt 0.979754 0.315705
vt 0.976433 0.316599
vt 0.976433 0.308704
vt 0.980900 0.306837
vt 0.537226 0.971941
vt 0.536598 0.967228
vt 0.538727 0.972563
vt 0.994630 0.020953
vt 0.993125 0.018441
vt 0.995287 0.018209
vt 0.994065 0.795938
vt 0.993347 0.799889
vt 0.993125 0.793156
vt 0.843460 0.939211
vt 0.840240 0.930164
vt 0.843412 0.934032
vt 0.207555 0.982726
vt 0.207436 0.995518
vt 0.206679 0.990475
vt 0.208430 0.983282
vt 0.209809 0.987273
vt 0.543137 0.960457
vt 0.543137 0.972419
vt 0.833298 0.932099
vt 0.833298 0.944057
vt 0.525400 0.936769
vt 0.520571 0.932506
vt 0.520314 0.928714
vt 0.524790 0.923680
vt 0.530686 0.922567
vt 0.530215 0.930859
vt 0.530686 0.935936
vt 0.977685 0.618792
vt 0.983044 0.618366
vt 0.983371 0.622404
vt 0.976433 0.622404
vt 0.988742 0.319366
vt 0.989626 0.312893
vt 0.991311 0.315874
vt 0.963813 0.259762
vt 0.968477 0.259761
vt 0.968477 0.265498
vt 0.946688 0.969548
vt 0.941874 0.970048
vt 0.939096 0.962869
vt 0.946688 0.963907
vt 0.939874 0.961437
vt 0.943958 0.963209
vt 0.992088 0.937715
vt 0.988742 0.938555
vt 0.988742 0.934878
vt 0.992293 0.934730
vt 0.993125 0.160590
vt 0.993125 0.156284
vt 0.995928 0.156590
vt 0.995928 0.160267
vt 0.806763 0.036097
vt 0.806748 0.031372
vt 0.816921 0.024574
vt 0.816970 0.039764
vt 0.806720 0.023217
vt 0.816903 0.019239
vt 0.816648 -0.000000
vt 0.056398 0.739123
vt 0.065374 0.743817
vt 0.082775 0.758710
vt 0.056398 0.793198
vt 0.806798 0.053137
vt 0.806791 0.049551
vt 0.816987 0.048079
vt 0.817001 0.054845
vt 0.852056 0.741340
vt 0.844933 0.741370
vt 0.852186 0.713556
vt 0.806720 0.091488
vt 0.806776 0.064062
vt 0.816959 0.075453
vt 0.816925 0.092370
vt 0.842071 0.697779
vt 0.852275 0.694380
vt 0.843400 0.741376
vt 0.666000 0.335491
vt 0.660558 0.333904
vt 0.661077 0.315303
vt 0.661817 0.292695
vt 0.665505 0.286970
vt 0.670128 0.279978
vt 0.680880 0.268341
vt 0.684691 0.264271
vt 0.723666 0.262066
vt 0.728732 0.283640
vt 0.728732 0.336747
vt 0.700541 0.337784
vt 0.679635 0.338248
vt 0.669724 0.336529
vt 0.709568 0.510462
vt 0.715355 0.516586
vt 0.718584 0.520192
vt 0.725717 0.531427
vt 0.727579 0.534441
vt 0.727637 0.546252
vt 0.727637 0.575974
vt 0.724273 0.576897
vt 0.718174 0.578495
vt 0.712955 0.579334
vt 0.705466 0.580454
vt 0.660558 0.578478
vt 0.661762 0.535735
vt 0.869021 0.871987
vt 0.862292 0.871987
vt 0.858821 0.862357
vt 0.860355 0.819182
vt 0.869021 0.819148
vt 0.407381 0.918343
vt 0.400652 0.918343
vt 0.400652 0.896856
vt 0.987797 0.517268
vt 0.985392 0.519386
vt 0.984909 0.515329
vt 0.507610 0.903558
vt 0.508368 0.897401
vt 0.518918 0.888908
vt 0.508642 0.904539
vt 0.518285 0.897153
vt 0.515464 0.906808
vt 0.510863 0.907563
vt 0.517822 0.901951
vt 0.504111 0.896319
vt 0.504111 0.893917
vt 0.504117 0.899182
vt 0.821802 0.904398
vt 0.814660 0.905888
vt 0.811752 0.903496
vt 0.806662 0.901975
vt 0.805709 0.899953
vt 0.809794 0.893972
vt 0.814193 0.891979
vt 0.821802 0.888708
vt 0.276686 0.982170
vt 0.276686 0.990239
vt 0.275281 0.989374
vt 0.271659 0.987380
vt 0.272609 0.982175
vt 0.862290 0.982170
vt 0.866004 0.982179
vt 0.866004 0.990507
vt 0.862290 0.990239
vt 0.977333 0.941938
vt 0.976433 0.933735
vt 0.981882 0.933667
vt 0.980219 0.937416
vt 0.983588 0.392514
vt 0.984095 0.380897
vt 0.985730 0.382834
vt 0.919643 0.605673
vt 0.921249 0.593435
vt 0.928173 0.604416
vt 0.925051 0.602760
vt 0.861353 0.655469
vt 0.857345 0.658594
vt 0.854269 0.673018
vt 0.845732 0.671344
vt 0.845732 0.642101
vt 0.857042 0.647849
vt 0.944988 0.261077
vt 0.953311 0.261077
vt 0.953112 0.269948
vt 0.944988 0.274745
vt 0.544704 0.991329
vt 0.542858 0.990494
vt 0.542858 0.982170
vt 0.546741 0.982170
vt 0.546741 0.988596
vt 0.523656 0.982172
vt 0.527671 0.985679
vt 0.522057 0.988593
vt 0.317416 0.969797
vt 0.320227 0.965984
vt 0.321014 0.968747
vt 0.314969 0.968870
vt 0.313498 0.966306
vt 0.316243 0.960458
vt 0.318961 0.966630
vt 0.316192 0.969333
vt 0.916562 0.208106
vt 0.924257 0.208106
vt 0.921833 0.214441
vt 0.918533 0.212763
vt 0.913966 0.208594
vt 0.914711 0.212663
vt 0.918576 0.219054
vt 0.916021 0.214940
vt 0.920506 0.217016
vt 0.949427 0.038693
vt 0.944472 0.038583
vt 0.944472 0.024203
vt 0.948959 0.026434
vt 0.952254 0.033996
vt 0.947404 0.926273
vt 0.947404 0.911894
vt 0.952705 0.913066
vt 0.954825 0.917486
vt 0.952056 0.922237
vt 0.370861 0.832090
vt 0.365007 0.832933
vt 0.365007 0.808794
vt 0.380576 0.803915
vt 0.386762 0.807314
vt 0.389692 0.808999
vt 0.389697 0.812134
vt 0.388046 0.815495
vt 0.379439 0.827861
vt 0.375557 0.830320
vt 0.080321 0.835076
vt 0.067222 0.848636
vt 0.062319 0.850351
vt 0.895779 0.122733
vt 0.893670 0.106807
vt 0.901609 0.109475
vt 0.897900 0.121745
vt 0.902489 0.895376
vt 0.902489 0.917480
vt 0.891024 0.896238
vt 0.059602 0.826261
vt 0.080637 0.826261
vt 0.056398 0.841795
vt 0.902607 0.094219
vt 0.896724 0.105701
vt 0.891868 0.098312
vt 0.893213 0.103939
vt 0.902242 0.105000
vt 0.902607 0.099994
vt 0.061695 0.849556
vt 0.060366 0.847604
vt 0.417664 0.897826
vt 0.417588 0.909714
vt 0.407381 0.908203
vt 0.407453 0.896856
vt 0.103864 0.845536
vt 0.101260 0.849371
vt 0.098928 0.852712
vt 0.081510 0.855152
vt 0.081510 0.828819
vt 0.103127 0.841689
vt 0.153740 0.825685
vt 0.153740 0.853249
vt 0.136390 0.849884
vt 0.131452 0.842641
vt 0.132250 0.838480
vt 0.912768 0.183669
vt 0.912768 0.211233
vt 0.902568 0.211233
vt 0.902568 0.184900
vt 0.910079 0.381927
vt 0.920279 0.381927
vt 0.920279 0.406939
vt 0.910079 0.407085
vt 0.981852 0.953254
vt 0.981852 0.960430
vt 0.976433 0.961689
vt 0.977060 0.954770
vt 0.588178 0.983633
vt 0.587470 0.989014
vt 0.583407 0.986683
vt 0.583407 0.982170
vt 0.612845 0.987927
vt 0.608956 0.991054
vt 0.608956 0.982170
vt 0.969480 0.200387
vt 0.969836 0.192139
vt 0.974201 0.194632
vt 0.974201 0.203517
vt 0.984325 0.223545
vt 0.987634 0.217338
vt 0.987634 0.224078
vt 0.967014 0.175378
vt 0.961087 0.173727
vt 0.960784 0.164081
vt 0.967014 0.164106
vt 0.308851 0.935636
vt 0.318517 0.935584
vt 0.308386 0.942194
vt 0.966876 0.902638
vt 0.966876 0.911872
vt 0.960784 0.901624
vt 0.962706 0.911442
vt 0.318517 0.945586
vt 0.308241 0.948129
vt 0.978879 0.684567
vt 0.976433 0.673910
vt 0.980489 0.672849
vt 0.844108 0.829347
vt 0.844108 0.838582
vt 0.832835 0.839095
vt 0.832643 0.832591
vt 0.832717 0.826265
vt 0.267132 0.988675
vt 0.262060 0.988675
vt 0.268313 0.982205
vt 0.775270 0.982170
vt 0.780342 0.982170
vt 0.776847 0.988162
vt 0.327587 0.963607
vt 0.321493 0.970029
vt 0.321493 0.960457
vt 0.388671 0.965228
vt 0.397181 0.960457
vt 0.396760 0.969823
vt 0.693971 0.967325
vt 0.701498 0.969153
vt 0.694978 0.970423
vt 0.324257 0.969151
vt 0.326040 0.968562
vt 0.677925 0.944342
vt 0.677281 0.940525
vt 0.678322 0.935963
vt 0.684778 0.933572
vt 0.688641 0.938398
vt 0.687962 0.944530
vt 0.895454 0.760784
vt 0.899886 0.761825
vt 0.889790 0.761181
vt 0.889220 0.770359
vt 0.705330 0.890969
vt 0.715530 0.889282
vt 0.715526 0.892839
vt 0.705331 0.889783
vt 0.709842 0.887671
vt 0.715521 0.888198
vt 0.705300 0.887726
vt 0.889220 0.784887
vt 0.175965 0.873368
vt 0.188806 0.888588
vt 0.187012 0.891343
vt 0.175965 0.900296
vt 0.705300 0.905425
vt 0.715508 0.900828
vt 0.714468 0.912896
vt 0.705329 0.892155
vt 0.827064 0.349751
vt 0.809547 0.359653
vt 0.807962 0.354474
vt 0.821063 0.338482
vt 0.875404 0.980889
vt 0.872576 0.973957
vt 0.876253 0.967491
vt 0.809356 0.360688
vt 0.810014 0.371942
vt 0.805050 0.366761
vt 0.808070 0.363649
vt 0.875239 0.960459
vt 0.827064 0.376679
vt 0.199826 0.807760
vt 0.196085 0.798521
vt 0.195999 0.783901
vt 0.195999 0.775829
vt 0.216572 0.779860
vt 0.220017 0.785049
vt 0.222806 0.786613
vt 0.226918 0.787286
vt 0.226128 0.800661
vt 0.224604 0.807715
vt 0.212480 0.808015
vt 0.204453 0.808118
vt 0.993125 0.834336
vt 0.995305 0.832901
vt 0.995305 0.836186
vt 0.992137 0.769518
vt 0.988742 0.769482
vt 0.988742 0.765156
vt 0.900107 0.781780
vt 0.889231 0.792903
vt 0.356485 0.943603
vt 0.358004 0.954355
vt 0.350008 0.954355
vt 0.347887 0.954212
vt 0.355542 0.943588
vt 0.946679 0.304401
vt 0.938347 0.313343
vt 0.937374 0.300392
vt 0.939435 0.300939
vt 0.731017 0.948411
vt 0.726172 0.949545
vt 0.726172 0.937330
vt 0.736358 0.940581
vt 0.736358 0.943597
vt 0.871471 0.866223
vt 0.875545 0.865804
vt 0.879874 0.899376
vt 0.874788 0.899388
vt 0.899582 0.820153
vt 0.890137 0.851214
vt 0.890137 0.840504
vt 0.895637 0.819148
vt 0.870883 0.899434
vt 0.869241 0.894128
vt 0.890157 0.823101
vt 0.455158 0.896344
vt 0.441981 0.888970
vt 0.455158 0.868835
vt 0.412800 0.822646
vt 0.420350 0.809136
vt 0.435247 0.809023
vt 0.435247 0.839629
vt 0.421303 0.829174
vt 0.974220 0.881476
vt 0.968875 0.881476
vt 0.968875 0.873824
vt 0.976103 0.875515
vt 0.945696 0.347120
vt 0.950486 0.345405
vt 0.950486 0.360304
vt 0.945141 0.360281
vt 0.942105 0.348695
vt 0.963056 0.599138
vt 0.962331 0.593408
vt 0.967710 0.597587
vt 0.966892 0.594086
vt 0.299875 0.990261
vt 0.296589 0.988804
vt 0.296048 0.982223
vt 0.297209 0.982170
vt 0.299875 0.982193
vt 0.973255 0.134233
vt 0.975035 0.138794
vt 0.968875 0.143994
vt 0.968875 0.134083
vt 0.970264 0.336529
vt 0.974866 0.334794
vt 0.974866 0.344709
vt 0.971051 0.344405
vt 0.961949 0.592334
vt 0.967710 0.589626
vt 0.157365 0.984265
vt 0.153295 0.987623
vt 0.153295 0.982170
vt 0.153900 0.992654
vt 0.498574 0.992994
vt 0.495196 0.984560
vt 0.985333 0.145888
vt 0.983588 0.150664
vt 0.984880 0.140162
vt 0.926242 0.741595
vt 0.934534 0.745084
vt 0.926240 0.751921
vt 0.935493 0.745809
vt 0.936452 0.758277
vt 0.926240 0.759366
vt 0.343895 0.971109
vt 0.350630 0.967767
vt 0.349041 0.972654
vt 0.343913 0.969912
vt 0.350115 0.962705
vt 0.945562 0.796545
vt 0.945562 0.806871
vt 0.945536 0.814315
vt 0.938572 0.798692
vt 0.939577 0.794910
vt 0.754294 0.985655
vt 0.758120 0.982170
vt 0.758120 0.990616
vt 0.891469 0.094122
vt 0.891469 0.077017
vt 0.901669 0.078210
vt 0.901669 0.090871
vt 0.897677 0.094122
vt 0.988742 0.162534
vt 0.991787 0.162534
vt 0.991787 0.168742
vt 0.989431 0.164641
vt 0.909013 0.557732
vt 0.910022 0.579916
vt 0.905866 0.570155
vt 0.905763 0.558992
vt 0.911497 0.552625
vt 0.915488 0.580084
vt 0.914621 0.553868
vt 0.905895 0.555858
vt 0.908411 0.553001
vt 0.037666 0.884408
vt 0.042082 0.894730
vt 0.036700 0.901687
vt 0.047231 0.899739
vt 0.038761 0.884353
vt 0.042751 0.885036
vt 0.047482 0.895168
vt 0.048022 0.885974
vt 0.047801 0.889658
vt 0.932916 0.717689
vt 0.926806 0.718040
vt 0.925765 0.713749
vt 0.926458 0.702533
vt 0.927233 0.693307
vt 0.930705 0.698575
vt 0.932779 0.702426
vt 0.932867 0.707474
vt 0.932916 0.713586
vt 0.134656 0.855098
vt 0.140340 0.853395
vt 0.147334 0.878767
vt 0.138225 0.879368
vt 0.131452 0.879894
vt 0.132362 0.862343
vt 0.133417 0.858768
vt 0.967543 0.226135
vt 0.960784 0.227258
vt 0.961047 0.217058
vt 0.964781 0.221574
vt 0.046731 0.944923
vt 0.046469 0.955123
vt 0.037047 0.954355
vt 0.036570 0.951213
vt 0.038512 0.947745
vt 0.040752 0.944923
vt 0.635730 0.856961
vt 0.626019 0.853249
vt 0.635299 0.852645
vt 0.635144 0.862985
vt 0.624948 0.864268
vt 0.625006 0.868046
vt 0.635176 0.865051
vt 0.635218 0.867833
vt 0.635160 0.864018
vt 0.636136 0.881166
vt 0.628146 0.891999
vt -0.000000 0.826988
vt 0.024232 0.828906
vt 0.024232 0.842588
vt 0.008251 0.851941
vt 0.004698 0.850905
vt 0.001507 0.836658
vt 0.115194 0.780325
vt 0.123192 0.787601
vt 0.131439 0.815679
vt 0.105554 0.815679
vt 0.103946 0.812260
vt 0.492504 0.970864
vt 0.494019 0.960581
vt 0.500143 0.970810
vt 0.900760 0.298516
vt 0.910106 0.298967
vt 0.910106 0.327154
vt 0.902467 0.327100
vt 0.899909 0.322622
vt 0.975538 0.294359
vt 0.974273 0.302699
vt 0.968875 0.299931
vt 0.971906 0.295326
vt 0.973719 0.864521
vt 0.974821 0.873824
vt 0.971121 0.873818
vt 0.969006 0.864826
vt 0.968875 0.868462
vt 0.947219 0.326569
vt 0.947609 0.330360
vt 0.945000 0.329331
vt 0.847134 0.251419
vt 0.843672 0.263753
vt 0.840224 0.264138
vt 0.840207 0.255388
vt 0.840207 0.249930
vt 0.953525 0.335567
vt 0.953525 0.322788
vt 0.942647 0.616896
vt 0.941436 0.619197
vt 0.940594 0.624111
vt 0.937315 0.626846
vt 0.933385 0.624241
vt 0.933348 0.618785
vt 0.934837 0.610058
vt 0.989237 0.465160
vt 0.991197 0.469458
vt 0.988742 0.471075
vt 0.989755 0.892471
vt 0.990014 0.885848
vt 0.990769 0.886411
vt 0.985433 0.112271
vt 0.984081 0.107250
vt 0.987586 0.107018
vt 0.987586 0.113422
vt 0.977561 0.665365
vt 0.976827 0.659950
vt 0.978330 0.657287
vt 0.973198 0.781086
vt 0.973332 0.786805
vt 0.969220 0.786476
vt 0.968875 0.781455
vt 0.982447 0.665380
vt 0.978688 0.665349
vt 0.979153 0.657608
vt 0.181579 0.961001
vt 0.186807 0.960457
vt 0.188024 0.969859
vt 0.184155 0.969273
vt 0.890017 0.989234
vt 0.887895 0.983656
vt 0.890999 0.982170
vt 0.155013 0.969713
vt 0.153136 0.962785
vt 0.156951 0.960457
vt 0.161844 0.964919
vt 0.160229 0.969809
vt 0.757566 0.909377
vt 0.761266 0.926294
vt 0.758780 0.924017
vt 0.757169 0.918736
vt 0.764011 0.925843
vt 0.757544 0.908499
vt 0.767917 0.905690
vt 0.991668 0.385843
vt 0.989508 0.382679
vt 0.991746 0.384529
vt 0.988742 0.385318
vt 0.988742 0.382612
vt 0.991514 0.388432
vt 0.869488 0.942959
vt 0.869819 0.938115
vt 0.871734 0.938564
vt 0.869533 0.948845
vt 0.142282 0.952804
vt 0.137982 0.948741
vt 0.146290 0.946750
vt 0.137735 0.939318
vt 0.767917 0.919751
vt 0.874785 0.938924
vt 0.874642 0.949468
vt 0.786287 0.829774
vt 0.784943 0.842325
vt 0.784805 0.822883
vt 0.782252 0.844712
vt 0.782865 0.835482
vt 0.782452 0.824963
vt 0.876828 0.938875
vt 0.878803 0.941745
vt 0.878870 0.951051
vt 0.137735 0.953023
vt 0.923148 0.628831
vt 0.914765 0.624742
vt 0.912308 0.623161
vt 0.913889 0.618543
vt 0.916325 0.610273
vt 0.921003 0.608607
vt 0.923148 0.619581
vt 0.912682 0.963831
vt 0.912682 0.969959
vt 0.904957 0.969959
vt 0.904957 0.960457
vt 0.993875 0.703216
vt 0.993875 0.713963
vt 0.993125 0.709067
vt 0.973663 0.647022
vt 0.974469 0.656873
vt 0.969238 0.654856
vt 0.970602 0.649238
vt 0.984424 0.085294
vt 0.983588 0.079167
vt 0.988204 0.082342
vt 0.949273 0.753615
vt 0.945919 0.745267
vt 0.953146 0.748009
vt 0.952988 0.752185
vt 0.911662 0.417004
vt 0.917262 0.426471
vt 0.910079 0.426246
vt 0.911840 0.419884
vt 0.911090 0.415692
vt 0.920216 0.421607
vt 0.910519 0.414380
vt 0.919746 0.416726
vt 0.956789 0.080777
vt 0.956341 0.091931
vt 0.953219 0.082883
vt 0.953283 0.744768
vt 0.950134 0.741595
vt 0.951599 0.083189
vt 0.950008 0.086995
vt 0.955272 0.094162
vt 0.949979 0.093707
vt 0.048042 0.986634
vt 0.048146 0.990605
vt 0.042880 0.989911
vt 0.043673 0.986192
vt 0.367514 0.922936
vt 0.365893 0.920120
vt 0.364412 0.917419
vt 0.366397 0.914532
vt 0.370752 0.909425
vt 0.376769 0.912228
vt 0.374729 0.918879
vt 0.375168 0.922054
vt 0.376769 0.926023
vt 0.369783 0.926445
vt 0.246408 0.984343
vt 0.250895 0.982543
vt 0.252171 0.989270
vt 0.246768 0.987980
vt 0.994754 0.444479
vt 0.993939 0.450229
vt 0.993125 0.443874
vt 0.989937 0.923589
vt 0.991132 0.928813
vt 0.988742 0.928813
vt 0.983588 0.524865
vt 0.983588 0.520689
vt 0.988287 0.520689
vt 0.985884 0.525788
vt 0.909478 0.452548
vt 0.917940 0.445172
vt 0.917940 0.457484
vt 0.922231 0.791154
vt 0.930578 0.791154
vt 0.931314 0.811303
vt 0.921569 0.812303
vt 0.912100 0.436545
vt 0.917939 0.435318
vt 0.132964 0.801672
vt 0.153740 0.810151
vt 0.149115 0.825685
vt 0.132923 0.813125
vt 0.133861 0.811305
vt 0.690314 0.979433
vt 0.691737 0.968955
vt 0.693971 0.971556
vt 0.693971 0.981519
vt 0.139517 0.788344
vt 0.131754 0.788463
vt 0.789936 0.303553
vt 0.787809 0.293930
vt 0.792683 0.286178
vt 0.801038 0.277070
vt 0.803812 0.274125
vt 0.811514 0.272614
vt 0.807776 0.297329
vt 0.811514 0.305574
vt 0.792837 0.315518
vt 0.967841 0.819345
vt 0.960784 0.824680
vt 0.960784 0.816000
vt 0.967310 0.816000
vt 0.934321 0.066310
vt 0.935806 0.068433
vt 0.938234 0.080938
vt 0.939765 0.090100
vt 0.933240 0.090100
vt 0.625306 0.961941
vt 0.621939 0.970920
vt 0.623435 0.960466
vt 0.617850 0.970303
vt 0.622560 0.960462
vt 0.625313 0.970920
vt 0.498544 0.902143
vt 0.493374 0.898154
vt 0.501163 0.901649
vt 0.490435 0.896034
vt 0.501403 0.900615
vt 0.962062 0.413116
vt 0.963982 0.404768
vt 0.964657 0.421060
vt 0.961617 0.420602
vt 0.186181 0.900345
vt 0.190287 0.900296
vt 0.193658 0.900418
vt 0.193177 0.925673
vt 0.189394 0.924844
vt 0.187332 0.912341
vt 0.301773 0.920107
vt 0.296173 0.922671
vt 0.294635 0.899118
vt 0.303398 0.901030
vt 0.304834 0.918092
vt 0.813788 0.963609
vt 0.813370 0.966559
vt 0.808795 0.967470
vt 0.809561 0.974386
vt 0.808865 0.968542
vt 0.993125 0.399887
vt 0.993125 0.393732
vt 0.994853 0.396759
vt 0.780948 0.960457
vt 0.786402 0.960582
vt 0.786332 0.967461
vt 0.785565 0.974382
vt 0.781986 0.968139
vt 0.848056 0.363683
vt 0.848059 0.336207
vt 0.858267 0.313193
vt 0.858263 0.357634
vt 0.858267 0.298263
vt 0.848056 0.298286
vt 0.852376 0.532856
vt 0.842270 0.532540
vt 0.842156 0.525033
vt 0.852139 0.517202
vt 0.841564 0.485464
vt 0.851772 0.492714
vt 0.841820 0.476988
vt 0.852185 0.479039
vt 0.852376 0.472732
vt 0.842130 0.466753
vt 0.359736 0.737099
vt 0.364867 0.737517
vt 0.365008 0.775438
vt 0.365008 0.802915
vt 0.361178 0.793176
vt 0.358019 0.785110
vt 0.359450 0.744757
vt 0.405246 0.766572
vt 0.411166 0.765985
vt 0.411762 0.781954
vt 0.412648 0.806927
vt 0.407550 0.819942
vt 0.405190 0.825943
vt 0.405190 0.781502
vt 0.969337 0.164978
vt 0.974484 0.164977
vt 0.974824 0.175178
vt 0.968875 0.175178
vt 0.490990 0.918083
vt 0.490435 0.903429
vt 0.500829 0.903791
vt 0.501734 0.923514
vt 0.448604 0.984275
vt 0.448621 0.992382
vt 0.446186 0.992498
vt 0.448612 0.983222
vt 0.444944 0.992558
vt 0.446787 0.982258
vt 0.559932 0.871579
vt 0.559932 0.891326
vt 0.548840 0.896249
vt 0.545660 0.893611
vt 0.545752 0.879015
vt 0.556642 0.874932
vt 0.799923 0.895357
vt 0.795900 0.898862
vt 0.786081 0.894943
vt 0.786081 0.880275
vt 0.789027 0.878402
vt 0.801492 0.882543
vt 0.802008 0.893490
vt 0.890760 0.937736
vt 0.890760 0.948309
vt 0.881611 0.947878
vt 0.880560 0.935684
vt 0.674187 0.982170
vt 0.678773 0.982170
vt 0.678773 0.989530
vt 0.676267 0.985573
vt 0.913049 0.746039
vt 0.913132 0.759451
vt 0.904353 0.760576
vt 0.904353 0.749221
vt 0.957454 0.879557
vt 0.951376 0.870818
vt 0.955960 0.869229
vt 0.957089 0.873379
vt 0.957964 0.503026
vt 0.957585 0.510135
vt 0.952206 0.504503
vt 0.952206 0.497232
vt 0.953068 0.493944
vt 0.957638 0.495572
vt 0.977750 0.976049
vt 0.976433 0.968834
vt 0.982728 0.969964
vt 0.866004 0.982170
vt 0.870941 0.982170
vt 0.866944 0.988401
vt 0.911126 0.946550
vt 0.913427 0.932867
vt 0.913427 0.938827
vt 0.913415 0.943671
vt 0.903237 0.932730
vt 0.852068 0.760393
vt 0.841868 0.760712
vt 0.852068 0.755933
vt 0.841868 0.757285
vt 0.844617 0.742607
vt 0.852067 0.744800
vt 0.850732 0.742140
vt 0.976778 0.112597
vt 0.980386 0.109517
vt 0.980386 0.122873
vt 0.976433 0.118684
vt 0.905856 0.126497
vt 0.902607 0.121345
vt 0.915313 0.128403
vt 0.911958 0.137229
vt 0.908954 0.133764
vt 0.841868 0.748474
vt 0.907394 0.139953
vt 0.902757 0.141114
vt 0.902607 0.139461
vt 0.902695 0.133032
vt 0.943389 0.664314
vt 0.949179 0.654866
vt 0.948143 0.668895
vt 0.942044 0.659336
vt 0.946657 0.654783
vt 0.779980 0.960457
vt 0.780949 0.966472
vt 0.780949 0.974370
vt 0.775478 0.971243
vt 0.778712 0.963475
vt 0.823740 0.907091
vt 0.822136 0.901986
vt 0.826021 0.897157
vt 0.827470 0.895264
vt 0.831934 0.893361
vt 0.837634 0.891607
vt 0.837665 0.896073
vt 0.837665 0.907217
vt 0.837464 0.909287
vt 0.987740 0.794719
vt 0.987740 0.800024
vt 0.983588 0.799184
vt 0.984158 0.850788
vt 0.987773 0.848186
vt 0.987612 0.851956
vt 0.993125 0.560235
vt 0.995823 0.561029
vt 0.993167 0.563595
vt 0.993125 0.947671
vt 0.993125 0.944815
vt 0.995377 0.945704
vt 0.984890 0.970130
vt 0.987571 0.971706
vt 0.987311 0.975105
vt 0.984470 0.975105
vt 0.798357 0.984946
vt 0.796612 0.987902
vt 0.794655 0.987705
vt 0.794654 0.983828
vt 0.967480 0.278956
vt 0.964189 0.277845
vt 0.960784 0.272475
vt 0.967480 0.268714
vt 0.993125 0.377084
vt 0.994012 0.371292
vt 0.994899 0.375385
vt 0.985303 0.807802
vt 0.987079 0.807604
vt 0.987079 0.813878
vt 0.983588 0.812288
vt 0.960784 0.770705
vt 0.963420 0.771412
vt 0.966196 0.773057
vt 0.967023 0.780234
vt 0.960784 0.780952
vt 0.229266 0.918471
vt 0.221986 0.916424
vt 0.222283 0.912103
vt 0.221384 0.906709
vt 0.771619 0.912463
vt 0.771695 0.906103
vt 0.773347 0.911665
vt 0.767917 0.911100
vt 0.770588 0.906516
vt 0.226553 0.900629
vt 0.228851 0.905734
vt 0.220400 0.901945
vt 0.219849 0.900086
vt 0.771419 0.929142
vt 0.773238 0.914185
vt 0.230135 0.899053
vt 0.894760 0.499194
vt 0.906791 0.498190
vt 0.905820 0.511361
vt 0.905762 0.516243
vt 0.899356 0.519919
vt 0.427591 0.995376
vt 0.428663 0.982690
vt 0.430488 0.985183
vt 0.429751 0.990016
vt 0.786077 0.246686
vt 0.807110 0.266002
vt 0.785044 0.252331
vt 0.799503 0.269536
vt 0.784842 0.254190
vt 0.789808 0.263386
vt 0.795944 0.240934
vt 0.807110 0.243844
vt 0.069966 0.904761
vt 0.074817 0.903456
vt 0.076543 0.908580
vt 0.069966 0.914710
vt 0.075532 0.930781
vt 0.069984 0.930606
vt 0.602159 0.740144
vt 0.603758 0.736227
vt 0.605196 0.751093
vt 0.606063 0.750834
vt 0.606929 0.736830
vt 0.764375 0.252924
vt 0.759561 0.256491
vt 0.759082 0.254486
vt 0.762218 0.262018
vt 0.306601 0.842739
vt 0.306153 0.831959
vt 0.307109 0.816086
vt 0.310304 0.815164
vt 0.319052 0.814140
vt 0.327429 0.820169
vt 0.328087 0.825886
vt 0.328165 0.827758
vt 0.322677 0.837305
vt 0.311153 0.845081
vt 0.989860 0.822934
vt 0.991631 0.821621
vt 0.990849 0.826425
vt 0.988742 0.825772
vt 0.028997 0.971564
vt 0.031326 0.966443
vt 0.031322 0.971426
vt 0.025465 0.960570
vt 0.028029 0.960457
vt 0.027787 0.971606
vt 0.023693 0.965984
vt 0.998113 0.053376
vt 0.998113 0.056871
vt 0.996642 0.055479
vt 0.968115 0.797371
vt 0.960784 0.797371
vt 0.962407 0.793214
vt 0.967167 0.789261
vt 0.968528 0.793855
vt 0.126684 0.983168
vt 0.127447 0.992423
vt 0.123261 0.991994
vt 0.123729 0.987123
vt 0.966022 0.583074
vt 0.966855 0.589626
vt 0.960784 0.589011
vt 0.960784 0.578758
vt 0.964261 0.579111
vt 0.505703 0.983809
vt 0.507620 0.982170
vt 0.507976 0.983833
vt 0.968875 0.282568
vt 0.968875 0.276000
vt 0.974848 0.280279
vt 0.974621 0.282971
vt 0.974060 0.285027
vt 0.969400 0.285502
vt 0.362087 0.988597
vt 0.359659 0.982258
vt 0.363548 0.982170
vt 0.364737 0.988262
vt 0.053251 0.982170
vt 0.057999 0.984325
vt 0.056907 0.991010
vt 0.053043 0.983923
vt 0.572953 0.993454
vt 0.570487 0.989315
vt 0.572953 0.986735
vt 0.994770 0.387252
vt 0.994770 0.393732
vt 0.993125 0.391793
vt 0.299875 0.992299
vt 0.299875 0.982170
vt 0.303856 0.989564
vt 0.326133 0.994925
vt 0.326133 0.987612
vt 0.327937 0.982201
vt 0.329260 0.992294
vt 0.976433 0.889697
vt 0.979918 0.883796
vt 0.982818 0.889697
vt 0.598406 0.969548
vt 0.592353 0.968951
vt 0.595246 0.963380
vt 0.599970 0.960457
vt 0.966751 0.203519
vt 0.968178 0.206784
vt 0.960784 0.206784
vt 0.960784 0.197338
vt 0.965013 0.200248
vt 0.980334 0.489475
vt 0.978001 0.485991
vt 0.980392 0.487252
vt 0.981087 0.484382
vt 0.950975 0.841020
vt 0.953907 0.843966
vt 0.949681 0.844444
vt 0.949248 0.840948
vt 0.944873 0.847977
vt 0.944873 0.843993
vt 0.944883 0.841076
vt 0.954200 0.845851
vt 0.947912 0.850956
vt 0.981087 0.494411
vt 0.976859 0.492117
vt 0.976433 0.487552
vt 0.980716 0.492019
vt 0.977217 0.486771
vt 0.960784 0.789261
vt 0.960784 0.780952
vt 0.966438 0.785586
vt 0.965427 0.781976
vt 0.968445 0.784248
vt 0.928747 0.934516
vt 0.933879 0.934516
vt 0.933795 0.938585
vt 0.934749 0.944677
vt 0.934544 0.947721
vt 0.931629 0.947592
vt 0.927649 0.947398
vt 0.924967 0.942850
vt 0.927716 0.936695
vt 0.996642 0.010139
vt 0.998225 0.007461
vt 0.998225 0.011074
vt 0.988495 0.184824
vt 0.988495 0.190417
vt 0.983588 0.190417
vt 0.983613 0.186244
vt 0.985471 0.184927
vt 0.934036 0.569221
vt 0.944606 0.569242
vt 0.944606 0.576659
vt 0.934036 0.578977
vt 0.175965 0.923314
vt 0.175966 0.902120
vt 0.186178 0.904059
vt 0.186181 0.911994
vt 0.913024 0.075720
vt 0.922977 0.070297
vt 0.922966 0.075352
vt 0.919693 0.094136
vt 0.922977 0.091228
vt 0.944804 0.582729
vt 0.934038 0.580070
vt 0.397864 0.872966
vt 0.405287 0.872888
vt 0.405287 0.895234
vt 0.393393 0.884717
vt 0.389615 0.881358
vt 0.391824 0.873737
vt 0.836872 0.863634
vt 0.822136 0.868036
vt 0.822136 0.839863
vt 0.833530 0.840577
vt 0.840345 0.862160
vt 0.898599 0.655415
vt 0.898599 0.633070
vt 0.908799 0.630290
vt 0.908799 0.658463
vt 0.901970 0.659801
vt 0.968875 0.898320
vt 0.971693 0.894577
vt 0.972961 0.901325
vt 0.974419 0.891687
vt 0.974419 0.901651
vt 0.002998 0.944018
vt 0.011888 0.950369
vt 0.007126 0.951304
vt 0.003980 0.947962
vt 0.002903 0.942148
vt 0.011888 0.937706
vt 0.948633 0.807690
vt 0.945562 0.807613
vt 0.945562 0.794964
vt 0.951981 0.805130
vt 0.950296 0.794910
vt 0.953838 0.798820
vt 0.981318 0.177034
vt 0.977982 0.177074
vt 0.977405 0.174178
vt 0.976433 0.169094
vt 0.983027 0.170544
vt 0.982985 0.172801
vt 0.784417 0.987003
vt 0.782013 0.989382
vt 0.781638 0.982722
vt 0.973021 0.032126
vt 0.969823 0.026395
vt 0.971458 0.025976
vt 0.969109 0.027679
vt 0.971823 0.036411
vt 0.968875 0.040877
vt 0.969343 0.028710
vt 0.264886 0.941525
vt 0.268001 0.951940
vt 0.264530 0.952440
vt 0.931525 0.378661
vt 0.928685 0.382166
vt 0.920279 0.376919
vt 0.920634 0.371163
vt 0.929781 0.374288
vt 0.924838 0.370477
vt 0.269647 0.951666
vt 0.273611 0.946859
vt 0.273593 0.951488
vt 0.267441 0.940138
vt 0.935848 0.509177
vt 0.935848 0.498258
vt 0.944435 0.495604
vt 0.943434 0.509523
vt 0.940237 0.511182
vt 0.444944 0.990234
vt 0.440202 0.985876
vt 0.444091 0.982854
vt 0.946048 0.522026
vt 0.946667 0.517480
vt 0.948362 0.512152
vt 0.953467 0.511334
vt 0.955131 0.511987
vt 0.955138 0.521301
vt 0.953448 0.522026
vt 0.869760 0.726110
vt 0.862693 0.709673
vt 0.863184 0.674417
vt 0.872889 0.726105
vt 0.871054 0.726108
vt 0.863687 0.673419
vt 0.872871 0.673984
vt 0.537732 0.828042
vt 0.526923 0.839578
vt 0.526556 0.810550
vt 0.537823 0.814075
vt 0.526461 0.787537
vt 0.537780 0.803778
vt 0.535505 0.772170
vt 0.537458 0.779809
vt 0.526368 0.780664
vt 0.531579 0.777740
vt 0.025877 0.791391
vt 0.007706 0.762339
vt -0.000000 0.747826
vt 0.026119 0.733309
vt 0.026182 0.740182
vt 0.026182 0.763195
vt 0.716028 0.652314
vt 0.721660 0.655215
vt 0.758108 0.653297
vt 0.758108 0.705434
vt 0.749609 0.702900
vt 0.743350 0.701015
vt 0.735807 0.689260
vt 0.730339 0.680535
vt 0.717797 0.660106
vt 0.533344 0.982170
vt 0.538716 0.982234
vt 0.537855 0.988583
vt 0.898598 0.665146
vt 0.891537 0.665999
vt 0.888407 0.665864
vt 0.888407 0.630339
vt 0.893779 0.630290
vt 0.898598 0.636061
vt 0.861039 0.734377
vt 0.852275 0.738386
vt 0.853499 0.731772
vt 0.861137 0.759896
vt 0.852275 0.759760
vt 0.888706 0.571781
vt 0.893240 0.570166
vt 0.894206 0.572483
vt 0.889187 0.563023
vt 0.869613 0.744992
vt 0.814116 0.150784
vt 0.818249 0.154666
vt 0.818249 0.183527
vt 0.810455 0.183193
vt 0.808289 0.179376
vt 0.801604 0.167021
vt 0.805916 0.161328
vt 0.167788 0.861689
vt 0.173922 0.861689
vt 0.174281 0.867171
vt 0.175609 0.888504
vt 0.167788 0.890550
vt 0.984685 0.551994
vt 0.983588 0.546277
vt 0.987457 0.547278
vt 0.933035 0.116138
vt 0.939532 0.109442
vt 0.938758 0.115116
vt 0.976433 0.784748
vt 0.982072 0.791546
vt 0.976433 0.793066
vt 0.726620 0.895343
vt 0.720324 0.904431
vt 0.718672 0.895269
vt 0.932878 0.110917
vt 0.939641 0.108552
vt 0.932460 0.105026
vt 0.939764 0.106821
vt 0.939777 0.100083
vt 0.939777 0.105981
vt 0.727270 0.898155
vt 0.727270 0.907966
vt 0.724838 0.910433
vt 0.719664 0.912028
vt 0.716453 0.908323
vt 0.933207 0.101334
vt 0.938868 0.095743
vt 0.938698 0.094981
vt 0.936834 0.094455
vt 0.720924 0.917493
vt 0.892036 0.287453
vt 0.892036 0.276835
vt 0.892641 0.273991
vt 0.900890 0.275069
vt 0.904437 0.281872
vt 0.905181 0.289526
vt 0.901849 0.295552
vt 0.896825 0.294761
vt 0.894313 0.291496
vt 0.994875 0.882969
vt 0.993125 0.884505
vt 0.993125 0.881085
vt 0.989318 0.620712
vt 0.990764 0.617504
vt 0.974374 0.123876
vt 0.972985 0.112738
vt 0.974374 0.115497
vt 0.844211 0.961527
vt 0.842072 0.968435
vt 0.838847 0.969923
vt 0.837484 0.961737
vt 0.986247 0.846184
vt 0.983588 0.846785
vt 0.984660 0.840779
vt 0.717161 0.985324
vt 0.721228 0.986825
vt 0.721839 0.989276
vt 0.719381 0.988796
vt 0.960784 0.465048
vt 0.966372 0.465496
vt 0.965927 0.469319
vt 0.719327 0.982170
vt 0.721327 0.983858
vt 0.988742 0.305336
vt 0.988742 0.299698
vt 0.991481 0.305195
vt 0.987738 0.237514
vt 0.983588 0.236628
vt 0.987520 0.232179
vt 0.165424 0.982917
vt 0.165748 0.992209
vt 0.161770 0.989705
vt 0.161770 0.982443
vt 0.329879 0.949386
vt 0.335202 0.950375
vt 0.335202 0.959586
vt 0.327940 0.959586
vt 0.326556 0.955344
vt 0.990749 0.155489
vt 0.990749 0.162534
vt 0.988742 0.162203
vt 0.988742 0.153083
vt 0.852199 0.960457
vt 0.849708 0.969690
vt 0.844548 0.962818
vt 0.655435 0.971880
vt 0.654813 0.960458
vt 0.658115 0.971564
vt 0.952389 0.667330
vt 0.956872 0.654783
vt 0.956872 0.659988
vt 0.956870 0.670776
vt 0.950878 0.657553
vt 0.748878 0.921806
vt 0.752181 0.921764
vt 0.745474 0.926237
vt 0.753668 0.921757
vt 0.755190 0.926595
vt 0.833204 0.925617
vt 0.826981 0.927607
vt 0.822136 0.928450
vt 0.822136 0.920203
vt 0.824058 0.909292
vt 0.830651 0.909490
vt 0.832964 0.920418
vt 0.968875 0.722321
vt 0.974046 0.722321
vt 0.972934 0.728986
vt 0.968875 0.733244
vt 0.011537 0.982658
vt 0.016685 0.982170
vt 0.016685 0.990445
vt 0.014220 0.989335
vt 0.011236 0.987963
vt 0.947772 0.074780
vt 0.942438 0.066952
vt 0.947772 0.066132
vt 0.947769 0.079625
vt 0.944183 0.078791
vt 0.941093 0.076164
vt 0.939765 0.071515
vt 0.954569 0.188973
vt 0.948769 0.192089
vt 0.948823 0.189740
vt 0.955758 0.186039
vt 0.949114 0.188685
vt 0.956951 0.181379
vt 0.949431 0.186102
vt 0.949304 0.182081
vt 0.949457 0.184572
vt 0.938099 0.582803
vt 0.943336 0.584627
vt 0.944531 0.589323
vt 0.945008 0.597936
vt 0.937322 0.597965
vt 0.937322 0.592313
vt 0.930355 0.983238
vt 0.934849 0.982173
vt 0.934849 0.987824
vt 0.981657 0.402132
vt 0.980551 0.407279
vt 0.976433 0.411664
vt 0.976433 0.402143
vt 0.428738 0.972936
vt 0.426204 0.960457
vt 0.431307 0.967164
vt 0.430574 0.971250
vt 0.426204 0.972137
vt 0.428068 0.973392
vt 0.969586 0.938054
vt 0.973544 0.938002
vt 0.970826 0.945490
vt 0.963514 0.027504
vt 0.963473 0.030072
vt 0.960784 0.022205
vt 0.964887 0.025983
vt 0.968542 0.022205
vt 0.973388 0.936937
vt 0.970854 0.936047
vt 0.963185 0.516542
vt 0.966993 0.517850
vt 0.967980 0.521174
vt 0.962702 0.524710
vt 0.960784 0.525433
vt 0.960784 0.519473
vt 0.996642 0.004743
vt 0.996642 -0.000000
vt 0.997866 0.001268
vt 0.985488 0.935980
vt 0.983588 0.931411
vt 0.987615 0.931411
vt 0.839686 0.202800
vt 0.840207 0.261039
vt 0.830067 0.260867
vt 0.829495 0.196720
vt 0.831163 0.473866
vt 0.841413 0.466754
vt 0.841435 0.471063
vt 0.763393 0.502599
vt 0.775345 0.501989
vt 0.785347 0.507771
vt 0.777938 0.551158
vt 0.768848 0.576515
vt 0.767373 0.580573
vt 0.764909 0.572995
vt 0.763393 0.568058
vt 0.558199 0.800691
vt 0.544815 0.763346
vt 0.540084 0.735628
vt 0.551121 0.729250
vt 0.562635 0.729840
vt 0.562635 0.789271
vt 0.560183 0.797253
vt 0.026254 0.948297
vt 0.026254 0.937218
vt 0.036454 0.937218
vt 0.036454 0.949442
vt 0.904202 0.749715
vt 0.904202 0.760770
vt 0.894002 0.760770
vt 0.894002 0.749294
vt 0.831354 0.513472
vt 0.831170 0.475201
vt 0.841564 0.497956
vt 0.517878 0.950964
vt 0.508719 0.953832
vt 0.511522 0.945000
vt 0.517878 0.943624
vt 0.509378 0.945506
vt 0.157365 0.989655
vt 0.160614 0.982170
vt 0.161770 0.987471
vt 0.509297 0.954520
vt 0.514602 0.953713
vt 0.982009 0.185115
vt 0.982009 0.194523
vt 0.977272 0.192357
vt 0.592961 0.868994
vt 0.585593 0.869448
vt 0.585473 0.862131
vt 0.585473 0.859651
vt 0.593357 0.856167
vt 0.594705 0.861091
vt 0.594365 0.864924
vt 0.984329 0.091491
vt 0.983588 0.085614
vt 0.987361 0.086273
vt 0.983588 0.305492
vt 0.983588 0.299389
vt 0.986519 0.299371
vt 0.987661 0.305772
vt 0.990549 0.139465
vt 0.988742 0.134289
vt 0.991874 0.133363
vt 0.994565 0.779379
vt 0.993125 0.778424
vt 0.994565 0.774175
vt 0.431815 0.933728
vt 0.433765 0.932984
vt 0.430381 0.941481
vt 0.440653 0.946580
vt 0.994633 0.503950
vt 0.994629 0.506982
vt 0.993131 0.503745
vt 0.994097 0.673674
vt 0.995375 0.676983
vt 0.993125 0.677214
vt 0.936791 0.710554
vt 0.942524 0.711212
vt 0.944022 0.719726
vt 0.932945 0.722692
vt 0.932916 0.720072
vt 0.870125 0.934172
vt 0.880429 0.924634
vt 0.880427 0.938115
vt 0.952993 0.772675
vt 0.950495 0.763857
vt 0.958547 0.763362
vt 0.958559 0.772717
vt 0.934270 0.040905
vt 0.923702 0.042749
vt 0.934014 0.037566
vt 0.928013 0.038410
vt 0.924078 0.026144
vt 0.932397 0.024203
vt 0.934270 0.027622
vt 0.929943 0.028851
vt 0.934082 0.033148
vt 0.265566 0.906556
vt 0.264530 0.891972
vt 0.265672 0.888810
vt 0.276288 0.889603
vt 0.278512 0.894902
vt 0.280177 0.906174
vt 0.983588 0.751085
vt 0.983782 0.745485
vt 0.987093 0.745485
vt 0.987093 0.751869
vt 0.114391 0.945401
vt 0.114391 0.931139
vt 0.124591 0.934997
vt 0.123265 0.938628
vt 0.120775 0.945401
vt 0.932296 0.385224
vt 0.932296 0.372233
vt 0.932489 0.368574
vt 0.939046 0.373184
vt 0.941289 0.375667
vt 0.940330 0.379864
vt 0.936903 0.382447
vt 0.927682 0.687723
vt 0.934723 0.675017
vt 0.932472 0.692868
vt 0.982764 0.199948
vt 0.978681 0.202551
vt 0.978598 0.194792
vt 0.982961 0.194523
vt 0.400941 0.919232
vt 0.406141 0.938033
vt 0.400941 0.939584
vt 0.406658 0.932594
vt 0.925110 0.673419
vt 0.944825 0.103919
vt 0.939777 0.111910
vt 0.941949 0.094219
vt 0.947201 0.111910
vt 0.924090 0.471483
vt 0.933712 0.469929
vt 0.930783 0.490069
vt 0.925326 0.490013
vt 0.924090 0.481602
vt 0.893411 0.371624
vt 0.895388 0.375425
vt 0.893386 0.375426
vt 0.441981 0.868835
vt 0.441785 0.874867
vt 0.441981 0.885807
vt 0.439895 0.888581
vt 0.433962 0.879500
vt 0.893443 0.358835
vt 0.901001 0.375738
vt 0.896089 0.374709
vt 0.903608 0.349363
vt 0.903645 0.357113
vt 0.893445 0.355928
vt 0.903586 0.345405
vt 0.743440 0.500678
vt 0.744524 0.497976
vt 0.750043 0.487988
vt 0.754104 0.484144
vt 0.756450 0.489633
vt 0.755602 0.504635
vt 0.745310 0.508433
vt 0.432584 0.865309
vt 0.414118 0.865319
vt 0.412800 0.861739
vt 0.413656 0.853154
vt 0.415413 0.840246
vt 0.429271 0.853093
vt 0.432319 0.861034
vt 0.975606 0.498284
vt 0.968875 0.498284
vt 0.968875 0.489658
vt 0.206650 0.941520
vt 0.206650 0.935552
vt 0.208697 0.934150
vt 0.214786 0.932857
vt 0.216850 0.946459
vt 0.210118 0.946459
vt 0.955537 0.621317
vt 0.953172 0.628568
vt 0.950192 0.614974
vt 0.952565 0.610098
vt 0.955537 0.610038
vt 0.701864 0.905608
vt 0.703461 0.893150
vt 0.705300 0.905866
vt 0.965508 0.369584
vt 0.961934 0.382775
vt 0.960784 0.370185
vt 0.412962 0.966856
vt 0.417686 0.975441
vt 0.412962 0.975665
vt 0.690202 0.900923
vt 0.689930 0.887115
vt 0.412963 0.960542
vt 0.417165 0.960458
vt 0.088708 0.880055
vt 0.092629 0.880784
vt 0.103678 0.879983
vt 0.102717 0.886223
vt 0.101326 0.894922
vt 0.088930 0.898372
vt 0.087801 0.891258
vt 0.981178 0.060133
vt 0.976433 0.060138
vt 0.976769 0.052205
vt 0.976975 0.048781
vt 0.981178 0.049159
vt 0.988742 0.122308
vt 0.988742 0.117564
vt 0.991483 0.117561
vt 0.992750 0.122393
vt 0.693901 0.904997
vt 0.689930 0.905703
vt 0.596494 0.984522
vt 0.592100 0.986730
vt 0.592100 0.984933
vt 0.596934 0.985551
vt 0.592100 0.989371
vt 0.682198 0.955683
vt 0.680292 0.945331
vt 0.687124 0.954442
vt 0.677281 0.948468
vt 0.656746 0.951966
vt 0.659520 0.946053
vt 0.662698 0.945979
vt 0.665757 0.947270
vt 0.666174 0.956381
vt 0.663885 0.955783
vt 0.990059 0.643617
vt 0.991375 0.648217
vt 0.989127 0.648873
vt 0.422262 0.982170
vt 0.427591 0.982170
vt 0.427483 0.989353
vt 0.422631 0.987174
vt 0.993761 0.173554
vt 0.994397 0.164470
vt 0.993860 0.169133
vt 0.687139 0.953224
vt 0.687181 0.945331
vt 0.298102 0.966312
vt 0.298915 0.960472
vt 0.303354 0.960457
vt 0.304812 0.969387
vt 0.304460 0.960590
vt 0.991100 0.353299
vt 0.988742 0.355807
vt 0.989618 0.348651
vt 0.986888 0.414545
vt 0.983588 0.416204
vt 0.984738 0.409051
vt 0.831735 0.094210
vt 0.828898 0.090166
vt 0.829265 0.085692
vt 0.831522 0.083626
vt 0.838613 0.085047
vt 0.838808 0.093659
vt 0.952961 0.215589
vt 0.956360 0.210178
vt 0.959293 0.205513
vt 0.959293 0.219712
vt 0.934618 0.259807
vt 0.935437 0.246337
vt 0.940147 0.259775
vt 0.944205 0.254192
vt 0.942914 0.261309
vt 0.941209 0.259883
vt 0.936255 0.247066
vt 0.947614 0.603648
vt 0.947121 0.610019
vt 0.940536 0.609822
vt 0.938160 0.609125
vt 0.937322 0.605287
vt 0.947117 0.598758
vt 0.978176 0.843377
vt 0.976433 0.838657
vt 0.982603 0.836380
vt 0.982603 0.843934
vt 0.993125 0.300648
vt 0.995318 0.300648
vt 0.994227 0.305236
vt 0.993125 0.717778
vt 0.994914 0.721519
vt 0.993125 0.722200
vt 0.944816 0.274751
vt 0.952949 0.288784
vt 0.944816 0.288905
vt 0.134143 0.899955
vt 0.131452 0.892114
vt 0.134130 0.879895
vt 0.146551 0.880278
vt 0.146551 0.893146
vt 0.014666 0.934608
vt 0.024869 0.933163
vt 0.024866 0.936689
vt 0.023389 0.945911
vt 0.014666 0.946597
vt 0.374107 0.970657
vt 0.372641 0.960457
vt 0.380659 0.960457
vt 0.379721 0.968999
vt 0.942947 0.006973
vt 0.947174 -0.000000
vt 0.943900 0.010541
vt 0.950951 0.000059
vt 0.952129 0.223096
vt 0.944240 0.233897
vt 0.944240 0.219712
vt 0.960784 0.959548
vt 0.962858 0.954956
vt 0.964972 0.952704
vt 0.967823 0.952616
vt 0.967823 0.961426
vt 0.964003 0.960813
vt 0.761547 0.429380
vt 0.772093 0.432463
vt 0.785607 0.458427
vt 0.785142 0.468865
vt 0.976433 0.517190
vt 0.980669 0.519086
vt 0.976433 0.528875
vt 0.536299 0.728431
vt 0.540084 0.720398
vt 0.540084 0.728529
vt 0.537578 0.736552
vt 0.050601 0.735046
vt 0.054319 0.733904
vt 0.051547 0.743667
vt 0.760980 0.430340
vt 0.774080 0.489486
vt 0.760700 0.496178
vt 0.760149 0.431730
vt 0.757626 0.493388
vt 0.759318 0.433120
vt 0.757626 0.433909
vt 0.055280 0.733606
vt 0.056240 0.784357
vt 0.752321 0.189760
vt 0.762873 0.199258
vt 0.764185 0.210204
vt 0.765395 0.220885
vt 0.752687 0.247296
vt 0.743512 0.252735
vt 0.737764 0.245721
vt 0.736249 0.235114
vt 0.736249 0.186530
vt 0.739254 0.183669
vt 0.982036 0.353975
vt 0.976433 0.357411
vt 0.976433 0.349491
vt 0.990353 0.946571
vt 0.989823 0.951352
vt 0.988742 0.945162
vt 0.636627 0.853587
vt 0.642771 0.853971
vt 0.642771 0.866467
vt 0.076770 0.959273
vt 0.078675 0.956658
vt 0.083294 0.959263
vt 0.407146 0.865405
vt 0.408648 0.871193
vt 0.410431 0.874801
vt 0.417664 0.878558
vt 0.415709 0.882866
vt 0.410211 0.891823
vt 0.405962 0.896856
vt 0.406020 0.877987
vt 0.947182 0.926104
vt 0.944819 0.922887
vt 0.941764 0.921092
vt 0.942448 0.913130
vt 0.947404 0.914572
vt 0.947404 0.931256
vt 0.967416 0.438000
vt 0.964039 0.440041
vt 0.960784 0.439611
vt 0.960784 0.429813
vt 0.966096 0.430516
vt 0.728418 0.982170
vt 0.728418 0.992370
vt 0.725168 0.992386
vt 0.725168 0.982187
vt 0.288770 0.960457
vt 0.296921 0.960458
vt 0.296921 0.970657
vt 0.291463 0.969849
vt 0.642626 0.885336
vt 0.636649 0.858314
vt 0.636627 0.854709
vt 0.877233 0.582247
vt 0.877234 0.630175
vt 0.866952 0.619601
vt 0.866952 0.596646
vt 0.564144 0.668427
vt 0.566497 0.660558
vt 0.567881 0.662905
vt 0.570704 0.666820
vt 0.575289 0.671865
vt 0.575289 0.699275
vt 0.564144 0.702732
vt 0.548289 0.699996
vt 0.540084 0.693199
vt 0.541489 0.690390
vt 0.553663 0.666155
vt 0.607143 0.670026
vt 0.612496 0.665792
vt 0.615581 0.660558
vt 0.628767 0.665557
vt 0.640941 0.689792
vt 0.642346 0.692601
vt 0.608733 0.727334
vt 0.607141 0.698677
vt 0.169595 0.802190
vt 0.169595 0.836495
vt 0.169503 0.850444
vt 0.153740 0.833758
vt 0.977104 0.177074
vt 0.982968 0.177074
vt 0.982968 0.181975
vt 0.979064 0.183854
vt 0.976433 0.185115
vt 0.952655 0.983021
vt 0.956851 0.982170
vt 0.956851 0.988089
vt 0.277284 0.985704
vt 0.281218 0.982170
vt 0.281218 0.991120
vt 0.988010 0.184824
vt 0.983893 0.184013
vt 0.987196 0.179193
vt 0.301789 0.952563
vt 0.294634 0.948037
vt 0.295003 0.939299
vt 0.300032 0.939262
vt 0.303164 0.948302
vt 0.968535 0.423756
vt 0.965690 0.427007
vt 0.960784 0.429813
vt 0.960784 0.421060
vt 0.964004 0.422174
vt 0.084196 0.961476
vt 0.086237 0.970131
vt 0.077149 0.970131
vt 0.078955 0.960457
vt 0.359659 0.986116
vt 0.358406 0.989843
vt 0.354521 0.989843
vt 0.354521 0.982170
vt 0.087429 0.960457
vt 0.090107 0.965537
vt 0.090285 0.980681
vt 0.086281 0.966743
vt 0.086237 0.962708
vt 0.086279 0.972259
vt 0.086256 0.979871
vt 0.121320 0.970900
vt 0.115326 0.973413
vt 0.115326 0.960494
vt 0.121229 0.961501
vt 0.097398 0.960523
vt 0.102741 0.962968
vt 0.102562 0.968376
vt 0.102277 0.974249
vt 0.096562 0.974661
vt 0.987308 0.898065
vt 0.987252 0.903534
vt 0.983617 0.903534
vt 0.983588 0.897805
vt 0.988742 0.874824
vt 0.991509 0.870107
vt 0.991749 0.874824
vt 0.944082 0.723069
vt 0.945120 0.737812
vt 0.941516 0.733636
vt 0.935814 0.726985
vt 0.148700 0.727290
vt 0.153740 0.726945
vt 0.153740 0.786402
vt 0.136749 0.774596
vt 0.144841 0.729622
vt 0.888500 0.408753
vt 0.878300 0.427133
vt 0.878300 0.406702
vt 0.888500 0.397386
vt 0.878300 0.381927
vt 0.888500 0.384175
vt 0.320451 0.765097
vt 0.326447 0.766896
vt 0.326451 0.814140
vt 0.317061 0.808839
vt 0.306153 0.802670
vt 0.754021 0.397308
vt 0.739857 0.399732
vt 0.736035 0.394022
vt 0.718459 0.366374
vt 0.737951 0.351081
vt 0.754035 0.338482
vt 0.754035 0.386787
vt 0.986329 0.876770
vt 0.984042 0.872249
vt 0.986329 0.868935
vt 0.659587 0.945312
vt 0.655968 0.945979
vt 0.655968 0.931854
vt 0.664411 0.934674
vt 0.666174 0.937547
vt 0.666168 0.943793
vt 0.087489 0.857957
vt 0.087492 0.873970
vt 0.080526 0.856418
vt 0.321377 0.918166
vt 0.324543 0.919071
vt 0.324543 0.930800
vt 0.319442 0.941534
vt 0.318517 0.920117
vt 0.810411 0.550191
vt 0.803585 0.552291
vt 0.785347 0.529431
vt 0.797601 0.515877
vt 0.809323 0.502996
vt 0.810411 0.522707
vt 0.659544 0.870071
vt 0.655751 0.874181
vt 0.643913 0.879427
vt 0.643913 0.849292
vt 0.911313 0.791154
vt 0.911313 0.819054
vt 0.901169 0.800170
vt 0.901134 0.794577
vt 0.629463 0.987128
vt 0.627545 0.988816
vt 0.627545 0.982547
vt 0.632139 0.983179
vt 0.976486 0.160244
vt 0.976433 0.154500
vt 0.982637 0.155976
vt 0.982756 0.155158
vt 0.976577 0.151855
vt 0.982756 0.152107
vt 0.985333 0.672524
vt 0.983588 0.668787
vt 0.983588 0.663712
vt 0.986182 0.665485
vt 0.977203 0.987788
vt 0.976832 0.982170
vt 0.981786 0.982170
vt 0.980983 0.987876
vt 0.986862 0.722337
vt 0.983588 0.717766
vt 0.986862 0.715422
vt 0.913182 0.372420
vt 0.916547 0.371599
vt 0.913182 0.378351
vt 0.972517 0.217592
vt 0.973407 0.221722
vt 0.968875 0.222181
vt 0.968875 0.219235
vt 0.949062 0.551884
vt 0.944508 0.549613
vt 0.942704 0.548143
vt 0.942704 0.542192
vt 0.946680 0.539103
vt 0.950414 0.543690
vt 0.951468 0.546455
vt 0.891333 0.288565
vt 0.882893 0.256762
vt 0.891552 0.284907
vt 0.883974 0.257026
vt 0.886469 0.256910
vt 0.891665 0.278380
vt 0.881814 0.253095
vt 0.881814 0.251869
vt 0.881813 0.245608
vt 0.892036 0.252829
vt 0.026336 0.894924
vt 0.036475 0.886848
vt 0.036570 0.894666
vt 0.028773 0.881259
vt 0.036377 0.878682
vt 0.868469 0.354338
vt 0.858268 0.354327
vt 0.858268 0.310450
vt 0.858268 0.298263
vt 0.868469 0.299366
vt 0.134717 0.746173
vt 0.136725 0.749308
vt 0.123946 0.770246
vt 0.120501 0.778295
vt 0.103946 0.780325
vt 0.103946 0.726575
vt 0.111284 0.727553
vt 0.118930 0.728635
vt 0.130093 0.739296
vt 0.761172 0.544940
vt 0.741563 0.565600
vt 0.727637 0.569160
vt 0.727637 0.556973
vt 0.727677 0.513096
vt 0.744732 0.514145
vt 0.759575 0.510462
vt 0.760245 0.514142
vt 0.760974 0.520691
vt 0.762881 0.538230
vt 0.795549 0.937884
vt 0.786081 0.937884
vt 0.786081 0.920994
vt 0.796281 0.920825
vt 0.945919 0.741595
vt 0.945919 0.756712
vt 0.936452 0.756617
vt 0.939481 0.751759
vt 0.482511 0.960818
vt 0.483240 0.967292
vt 0.478024 0.966136
vt 0.478438 0.960458
vt 0.983968 0.500995
vt 0.986919 0.499620
vt 0.986911 0.504888
vt 0.986919 0.506832
vt 0.984757 0.506478
vt 0.486151 0.970085
vt 0.484470 0.960982
vt 0.485569 0.960458
vt 0.072081 0.960485
vt 0.077149 0.960673
vt 0.077149 0.964944
vt 0.074048 0.972806
vt 0.069996 0.961993
vt 0.962315 0.678407
vt 0.960784 0.668205
vt 0.964964 0.668212
vt 0.966569 0.674337
vt 0.199091 0.961656
vt 0.207424 0.960457
vt 0.207411 0.970657
vt 0.202092 0.970657
vt 0.199873 0.966091
vt 0.076770 0.936576
vt 0.087019 0.937516
vt 0.085822 0.949056
vt 0.081395 0.948074
vt 0.076823 0.946640
vt 0.470018 0.960544
vt 0.469728 0.970891
vt 0.463959 0.966007
vt 0.464867 0.963476
vt 0.033376 0.970840
vt 0.031326 0.967177
vt 0.035382 0.971387
vt 0.034893 0.967027
vt 0.035748 0.970437
vt 0.969958 0.577768
vt 0.969018 0.575071
vt 0.968875 0.571001
vt 0.973463 0.566663
vt 0.972977 0.578305
vt 0.767218 0.967228
vt 0.765172 0.970875
vt 0.759886 0.970875
vt 0.761017 0.961478
vt 0.994109 0.433481
vt 0.993125 0.428195
vt 0.995087 0.429801
vt 0.280103 0.888810
vt 0.273365 0.888241
vt 0.267588 0.885073
vt 0.267663 0.880522
vt 0.280177 0.884326
vt 0.280117 0.869400
vt 0.267588 0.873653
vt 0.274918 0.864042
vt 0.280056 0.857425
vt 0.945679 0.288948
vt 0.951521 0.288905
vt 0.949554 0.295335
vt 0.944816 0.299322
vt 0.990168 0.556354
vt 0.988930 0.567283
vt 0.988742 0.560416
vt 0.988742 0.555864
vt 0.894094 0.493638
vt 0.894620 0.478721
vt 0.895066 0.466754
vt 0.901773 0.483178
vt 0.903931 0.494274
vt 0.894094 0.498123
vt 0.937445 0.864235
vt 0.927245 0.864235
vt 0.927245 0.846578
vt 0.931470 0.853777
vt 0.726123 0.937083
vt 0.726123 0.948332
vt 0.715923 0.948332
vt 0.717396 0.936468
vt 0.889185 0.816812
vt 0.885362 0.818608
vt 0.888783 0.808677
vt 0.379968 0.939284
vt 0.383931 0.937314
vt 0.385465 0.940770
vt 0.378254 0.948916
vt 0.386533 0.943144
vt 0.387870 0.946313
vt 0.388991 0.948916
vt 0.881929 0.814441
vt 0.884238 0.809012
vt 0.886182 0.806749
vt 0.727637 0.569748
vt 0.733313 0.569160
vt 0.735092 0.571526
vt 0.727637 0.575743
vt 0.733775 0.579624
vt 0.727781 0.579587
vt 0.401252 0.982251
vt 0.402006 0.989600
vt 0.397472 0.990661
vt 0.397899 0.983418
vt 0.977036 0.357579
vt 0.981936 0.358472
vt 0.982712 0.361209
vt 0.983560 0.364549
vt 0.976433 0.364549
vt 0.974604 0.460451
vt 0.968875 0.456212
vt 0.969841 0.453790
vt 0.972312 0.450486
vt 0.974604 0.456526
vt 0.879997 0.815436
vt 0.881246 0.818885
vt 0.857973 0.404827
vt 0.867960 0.423047
vt 0.867879 0.436435
vt 0.857984 0.401314
vt 0.861641 0.381943
vt 0.868089 0.381927
vt 0.269151 0.834935
vt 0.274307 0.800052
vt 0.278903 0.803277
vt 0.279931 0.818774
vt 0.280177 0.827794
vt 0.269231 0.857425
vt 0.857583 0.381927
vt 0.801789 0.150784
vt 0.801604 0.137386
vt 0.801604 0.096250
vt 0.811208 0.096402
vt 0.818523 0.094219
vt 0.819125 0.101315
vt 0.809274 0.129563
vt 0.148397 0.930197
vt 0.147072 0.933453
vt 0.147294 0.924432
vt 0.147072 0.908903
vt 0.153712 0.911487
vt 0.550347 0.961549
vt 0.558376 0.960457
vt 0.558376 0.969741
vt 0.553146 0.965427
vt 0.651724 0.957264
vt 0.644732 0.956348
vt 0.644732 0.947065
vt 0.654224 0.947065
vt 0.653975 0.953613
vt 0.094364 0.936761
vt 0.093672 0.949220
vt 0.089082 0.946650
vt 0.089513 0.942860
vt 0.088267 0.940456
vt 0.097572 0.936611
vt 0.122166 0.891435
vt 0.124866 0.885700
vt 0.125035 0.882384
vt 0.124417 0.880189
vt 0.128281 0.879696
vt 0.131321 0.892082
vt 0.125826 0.892728
vt 0.995349 0.843762
vt 0.993125 0.840985
vt 0.995349 0.840577
vt 0.993125 0.078163
vt 0.996283 0.078575
vt 0.996437 0.081846
vt 0.993125 0.082011
vt 0.984291 0.813878
vt 0.987608 0.813878
vt 0.986075 0.819272
vt 0.983588 0.815974
vt 0.989934 0.607713
vt 0.988742 0.601087
vt 0.990929 0.600940
vt 0.945965 0.408570
vt 0.947889 0.426190
vt 0.940484 0.426190
vt 0.960784 0.760949
vt 0.963511 0.752801
vt 0.964251 0.770669
vt 0.962059 0.770705
vt 0.827889 0.989844
vt 0.827889 0.982170
vt 0.831998 0.982170
vt 0.972983 0.213172
vt 0.968875 0.213172
vt 0.968875 0.203517
vt 0.974594 0.205285
vt 0.975123 0.208099
vt 0.867031 0.637725
vt 0.869879 0.635031
vt 0.871436 0.637912
vt 0.988742 0.694732
vt 0.990614 0.699775
vt 0.241102 0.959125
vt 0.234362 0.955302
vt 0.235390 0.950392
vt 0.242497 0.949138
vt 0.973664 0.314530
vt 0.973664 0.322599
vt 0.969862 0.325228
vt 0.968875 0.321174
vt 0.968893 0.318214
vt 0.935113 0.552567
vt 0.933357 0.552623
vt 0.933389 0.549370
vt 0.981203 0.729638
vt 0.976433 0.730336
vt 0.981250 0.720765
vt 0.610278 0.950500
vt 0.607375 0.946149
vt 0.607365 0.942246
vt 0.617584 0.942013
vt 0.617584 0.952733
vt 0.613106 0.951373
vt 0.990198 0.737805
vt 0.990198 0.748029
vt 0.988742 0.743964
vt 0.350527 0.897885
vt 0.349743 0.895474
vt 0.353367 0.897335
vt 0.349970 0.909841
vt 0.348518 0.894900
vt 0.355488 0.899192
vt 0.360132 0.903434
vt 0.360446 0.913951
vt 0.360446 0.908647
vt 0.601086 0.892451
vt 0.603856 0.898234
vt 0.604022 0.904438
vt 0.602058 0.906513
vt 0.599176 0.909176
vt 0.595045 0.911038
vt 0.589832 0.910882
vt 0.589832 0.905578
vt 0.590162 0.900366
vt 0.595045 0.896144
vt 0.597275 0.894296
vt 0.927008 0.510657
vt 0.925141 0.514017
vt 0.920273 0.495045
vt 0.927010 0.494961
vt 0.926707 0.930029
vt 0.933299 0.913881
vt 0.929405 0.934516
vt 0.926709 0.933190
vt 0.932490 0.933877
vt 0.934031 0.912888
vt 0.934763 0.929456
vt 0.934714 0.933416
vt 0.025967 0.893037
vt 0.025989 0.898860
vt 0.025989 0.914556
vt 0.019046 0.915695
vt 0.014438 0.911212
vt 0.016526 0.907846
vt 0.093437 0.982170
vt 0.099867 0.982170
vt 0.098859 0.988964
vt 0.095708 0.985051
vt 0.971246 0.802267
vt 0.968875 0.798861
vt 0.969882 0.792067
vt 0.974064 0.792067
vt 0.974376 0.798783
vt 0.972607 0.802267
vt 0.274769 0.941778
vt 0.274787 0.926467
vt 0.279203 0.942027
vt 0.274764 0.943847
vt 0.952206 0.494569
vt 0.952206 0.510135
vt 0.944656 0.500969
vt 0.236085 0.844212
vt 0.244383 0.861146
vt 0.244376 0.869561
vt 0.244347 0.873960
vt 0.228838 0.872632
vt 0.227903 0.867764
vt 0.227903 0.849934
vt 0.231669 0.843988
vt 0.615914 0.853060
vt 0.620914 0.854627
vt 0.620914 0.883777
vt 0.609059 0.884468
vt 0.608380 0.880121
vt 0.607619 0.870578
vt 0.613980 0.855213
vt 0.458745 0.982264
vt 0.457796 0.990224
vt 0.454259 0.985484
vt 0.457118 0.982170
vt 0.389323 0.990194
vt 0.385057 0.990194
vt 0.384502 0.982170
vt 0.389331 0.983000
vt 0.900477 0.384329
vt 0.910079 0.381927
vt 0.910079 0.411077
vt 0.902882 0.411077
vt 0.899879 0.405515
vt 0.899879 0.389250
vt 0.167654 0.937976
vt 0.164556 0.938234
vt 0.164119 0.936612
vt 0.170222 0.934343
vt 0.164117 0.933236
vt 0.597047 0.986201
vt 0.596934 0.982170
vt 0.599756 0.982229
vt 0.601733 0.987832
vt 0.601067 0.982200
vt 0.164117 0.925304
vt 0.168076 0.924117
vt 0.174857 0.927247
vt 0.174757 0.931262
vt 0.939765 0.084237
vt 0.944118 0.083575
vt 0.949979 0.089627
vt 0.949978 0.094034
vt 0.939765 0.094162
vt 0.993125 0.051510
vt 0.989470 0.051239
vt 0.988742 0.047955
vt 0.993125 0.047004
vt 0.983609 0.041826
vt 0.988435 0.039984
vt 0.988136 0.042266
vt 0.459338 0.925609
vt 0.460854 0.922985
vt 0.470450 0.925388
vt 0.470450 0.938224
vt 0.465597 0.937235
vt 0.460738 0.928682
vt 0.977592 0.463256
vt 0.976433 0.459288
vt 0.978636 0.455917
vt 0.982268 0.456408
vt 0.982268 0.463447
vt 0.907397 0.667359
vt 0.901680 0.671077
vt 0.898599 0.672700
vt 0.898599 0.659801
vt 0.908792 0.660448
vt 0.942332 0.867089
vt 0.943040 0.874940
vt 0.938066 0.867662
vt 0.937876 0.868723
vt 0.942914 0.877186
vt 0.939337 0.881077
vt 0.936552 0.871160
vt 0.950483 0.522554
vt 0.948807 0.528194
vt 0.949721 0.532682
vt 0.949831 0.537050
vt 0.943291 0.536774
vt 0.943634 0.529902
vt 0.037365 0.985812
vt 0.037365 0.989693
vt 0.034712 0.989692
vt 0.034045 0.982402
vt 0.031442 0.989691
vt 0.032378 0.983077
vt 0.993972 0.428195
vt 0.993125 0.422336
vt 0.994820 0.422026
vt 0.819467 0.988459
vt 0.814837 0.987552
vt 0.818415 0.982385
vt 0.404180 0.969712
vt 0.401166 0.970804
vt 0.397965 0.969630
vt 0.397181 0.972118
vt 0.399172 0.971517
vt 0.880656 0.962186
vt 0.886256 0.960458
vt 0.886185 0.964983
vt 0.880656 0.973782
vt 0.880851 0.967508
vt 0.983588 0.217338
vt 0.983588 0.211101
vt 0.987579 0.213467
vt 0.215578 0.966341
vt 0.212279 0.969041
vt 0.207424 0.970526
vt 0.207424 0.960457
vt 0.213615 0.961216
vt 0.889699 0.317261
vt 0.896862 0.331713
vt 0.889667 0.332116
vt 0.858861 0.879716
vt 0.865372 0.893748
vt 0.858864 0.897141
vt 0.911863 0.002202
vt 0.922087 0.000000
vt 0.922086 0.005307
vt 0.911977 0.023909
vt 0.919418 0.024033
vt 0.922087 0.020647
vt 0.499621 0.807417
vt 0.499173 0.803887
vt 0.499173 0.788519
vt 0.499176 0.783202
vt 0.502223 0.781148
vt 0.509106 0.778281
vt 0.525922 0.772170
vt 0.526368 0.791175
vt 0.525300 0.806009
vt 0.515003 0.810558
vt 0.503872 0.808284
vt 0.472854 0.768317
vt 0.483925 0.772901
vt 0.483925 0.806493
vt 0.477199 0.804212
vt 0.461352 0.796968
vt 0.456566 0.793903
vt 0.456055 0.772161
vt 0.577461 0.941399
vt 0.577461 0.932136
vt 0.587660 0.932136
vt 0.587544 0.946187
vt 0.579123 0.945238
vt 0.490279 0.949534
vt 0.480079 0.949534
vt 0.480079 0.938278
vt 0.488768 0.937432
vt 0.682214 0.839356
vt 0.681702 0.844579
vt 0.660558 0.841775
vt 0.660558 0.820437
vt 0.681330 0.848319
vt 0.660786 0.846860
vt 0.478744 0.851637
vt 0.477658 0.840361
vt 0.498942 0.821442
vt 0.498942 0.842780
vt 0.498709 0.847865
vt 0.008228 0.993498
vt 0.004228 0.993498
vt 0.004228 0.982170
vt 0.008033 0.984494
vt 0.008134 0.988251
vt 0.964676 0.457303
vt 0.960784 0.440969
vt 0.964676 0.440041
vt 0.895307 0.987615
vt 0.890999 0.988030
vt 0.894359 0.984523
vt 0.989983 0.689124
vt 0.990716 0.691523
vt 0.991225 0.694732
vt 0.989445 0.694375
vt 0.993695 0.532977
vt 0.995416 0.537033
vt 0.993125 0.536980
vt 0.995779 0.403849
vt 0.995779 0.407823
vt 0.993125 0.407793
vt 0.993125 0.404290
vt 0.993883 0.486258
vt 0.993125 0.483221
vt 0.996008 0.483221
vt 0.995908 0.486722
vt 0.973615 0.608248
vt 0.968875 0.605752
vt 0.973627 0.600086
vt 0.973484 0.604205
vt 0.968875 0.325952
vt 0.973051 0.325952
vt 0.973127 0.334794
vt 0.971250 0.334602
vt 0.489931 0.973041
vt 0.488448 0.961396
vt 0.492504 0.960457
vt 0.492504 0.969808
vt 0.488775 0.973011
vt 0.486321 0.965859
vt 0.974920 0.329215
vt 0.984172 0.226063
vt 0.986964 0.231627
vt 0.984902 0.232059
vt 0.983588 0.232098
vt 0.996642 0.139748
vt 0.996642 0.136631
vt 0.997953 0.138404
vt 0.994050 0.318258
vt 0.995748 0.321860
vt 0.993125 0.321847
vt 0.992885 0.412518
vt 0.992885 0.416690
vt 0.989134 0.415714
vt 0.808648 0.183669
vt 0.818102 0.196048
vt 0.818092 0.201125
vt 0.807902 0.237405
vt 0.818028 0.240495
vt 0.807871 0.256536
vt 0.818402 0.270707
vt 0.808049 0.271214
vt 0.829319 0.118018
vt 0.823080 0.094219
vt 0.829302 0.094344
vt 0.819125 0.159758
vt 0.829357 0.180199
vt 0.819125 0.179684
vt 0.281003 0.740551
vt 0.278187 0.743022
vt 0.269774 0.741459
vt 0.245318 0.748448
vt 0.245318 0.694695
vt 0.245355 0.675559
vt 0.248547 0.660699
vt 0.272427 0.718485
vt 0.819188 0.466754
vt 0.820945 0.497266
vt 0.818142 0.536545
vt 0.817769 0.541609
vt 0.812385 0.552310
vt 0.810411 0.548951
vt 0.810439 0.486186
vt 0.921812 0.063918
vt 0.912147 0.068165
vt 0.912147 0.043402
vt 0.919903 0.043606
vt 0.921672 0.060063
vt 0.968542 0.696939
vt 0.960784 0.696939
vt 0.960784 0.688609
vt 0.967490 0.689577
vt 0.988742 0.126801
vt 0.991672 0.126801
vt 0.991375 0.133012
vt 0.988742 0.133363
vt 0.181251 0.985491
vt 0.184656 0.982170
vt 0.184656 0.986481
vt 0.180968 0.991407
vt 0.478121 0.890234
vt 0.480338 0.877995
vt 0.484594 0.877216
vt 0.485103 0.899465
vt 0.477658 0.895954
vt 0.181832 0.991366
vt 0.184656 0.991233
vt 0.488465 0.902411
vt 0.486658 0.898198
vt 0.489739 0.899210
vt 0.490436 0.897117
vt 0.490436 0.878843
vt 0.490435 0.877412
vt 0.923440 0.578020
vt 0.919460 0.578866
vt 0.915488 0.559076
vt 0.919445 0.552625
vt 0.923157 0.556816
vt 0.048022 0.911018
vt 0.058221 0.911018
vt 0.058221 0.931203
vt 0.053576 0.930202
vt 0.049363 0.929290
vt 0.048022 0.916834
vt 0.974420 0.710289
vt 0.968875 0.710423
vt 0.968875 0.700223
vt 0.971694 0.701664
vt 0.973184 0.706038
vt 0.759886 0.980206
vt 0.756013 0.978614
vt 0.759406 0.961160
vt 0.942837 0.854072
vt 0.937445 0.865600
vt 0.937445 0.847994
vt 0.939538 0.846578
vt 0.755334 0.896621
vt 0.747918 0.898441
vt 0.755725 0.886902
vt 0.755563 0.884016
vt 0.747176 0.884984
vt 0.753656 0.878928
vt 0.755469 0.882892
vt 0.995020 0.282705
vt 0.996177 0.286370
vt 0.993125 0.286370
vt 0.745802 0.898179
vt 0.739803 0.891907
vt 0.741192 0.890384
vt 0.741852 0.887112
vt 0.750138 0.877913
vt 0.418109 0.889456
vt 0.427454 0.893943
vt 0.432005 0.899218
vt 0.427596 0.902753
vt 0.421579 0.907202
vt 0.417664 0.908502
vt 0.991512 0.319366
vt 0.991512 0.325789
vt 0.988742 0.323279
vt 0.986970 0.658477
vt 0.983588 0.663712
vt 0.983588 0.657289
vt 0.977794 0.537420
vt 0.978616 0.540765
vt 0.976445 0.538918
vt 0.379405 0.989346
vt 0.375544 0.986772
vt 0.377341 0.982314
vt 0.379405 0.982170
vt 0.980712 0.921633
vt 0.977614 0.924551
vt 0.976901 0.920838
vt 0.976433 0.915677
vt 0.980374 0.917458
vt 0.983871 0.558264
vt 0.983588 0.552411
vt 0.987637 0.552411
vt 0.986669 0.555472
vt 0.981552 0.747614
vt 0.981155 0.753460
vt 0.978581 0.755011
vt 0.976474 0.756266
vt 0.976433 0.751910
vt 0.976433 0.747019
vt 0.934035 0.563608
vt 0.937313 0.565424
vt 0.934084 0.569220
vt 0.934035 0.552625
vt 0.940844 0.553770
vt 0.943225 0.558366
vt 0.949433 0.932800
vt 0.955069 0.932741
vt 0.955069 0.946971
vt 0.952760 0.942555
vt 0.803644 0.700252
vt 0.800717 0.705041
vt 0.800717 0.690811
vt 0.809256 0.690811
vt 0.136847 0.990709
vt 0.131826 0.990709
vt 0.131826 0.986908
vt 0.136847 0.982170
vt 0.726131 0.931410
vt 0.717125 0.935717
vt 0.715923 0.917824
vt 0.726131 0.919498
vt 0.937462 0.344403
vt 0.937287 0.324155
vt 0.938971 0.327585
vt 0.894002 0.744664
vt 0.894009 0.739198
vt 0.902773 0.749294
vt 0.718327 0.935713
vt 0.726132 0.935687
vt 0.624948 0.814979
vt 0.624948 0.852818
vt 0.620685 0.852490
vt 0.608811 0.851540
vt 0.607469 0.831878
vt 0.607141 0.826423
vt 0.100442 0.796136
vt 0.103864 0.798378
vt 0.101885 0.827391
vt 0.084045 0.828819
vt 0.084045 0.790550
vt 0.086362 0.786947
vt 0.737469 0.861835
vt 0.737469 0.898140
vt 0.727270 0.898140
vt 0.728470 0.861469
vt 0.981094 0.150457
vt 0.976433 0.151855
vt 0.976433 0.141656
vt 0.904352 0.719327
vt 0.903563 0.748850
vt 0.894009 0.719491
vt 0.776773 0.913908
vt 0.773847 0.917450
vt 0.773847 0.893831
vt 0.778519 0.893874
vt 0.784757 0.893939
vt 0.784781 0.906198
vt 0.899181 0.420418
vt 0.899282 0.422817
vt 0.888712 0.423635
vt 0.888500 0.418860
vt 0.898202 0.426287
vt 0.059699 0.892732
vt 0.072300 0.879678
vt 0.072300 0.903456
vt 0.064356 0.903049
vt 0.062529 0.900357
vt 0.061261 0.898295
vt 0.768486 0.428333
vt 0.758570 0.428333
vt 0.754035 0.417898
vt 0.754490 0.405555
vt 0.758552 0.405425
vt 0.773716 0.420700
vt 0.772572 0.424298
vt 0.944923 0.673419
vt 0.944923 0.688088
vt 0.934723 0.688088
vt 0.936189 0.675645
vt 0.952498 0.164785
vt 0.953969 0.168706
vt 0.953969 0.179823
vt 0.946992 0.171698
vt 0.228458 0.982170
vt 0.228458 0.992370
vt 0.224394 0.992370
vt 0.226659 0.986522
vt 0.954436 0.455660
vt 0.953413 0.460986
vt 0.948087 0.463695
vt 0.947450 0.449053
vt 0.065879 0.912116
vt 0.059672 0.912796
vt 0.059989 0.908901
vt 0.059524 0.915354
vt 0.383116 0.937314
vt 0.377744 0.937212
vt 0.378528 0.932416
vt 0.380383 0.926719
vt 0.387708 0.921979
vt 0.388991 0.930424
vt 0.388991 0.935494
vt 0.411514 0.922627
vt 0.410705 0.936578
vt 0.406753 0.936413
vt 0.406753 0.921216
vt 0.773847 0.960105
vt 0.773847 0.949532
vt 0.778016 0.951724
vt 0.782359 0.953907
vt 0.782510 0.958028
vt 0.060459 0.903456
vt 0.068143 0.918570
vt 0.069966 0.914608
vt 0.104713 0.869661
vt 0.103946 0.863709
vt 0.103946 0.853975
vt 0.118604 0.849909
vt 0.122677 0.857443
vt 0.123850 0.859581
vt 0.117030 0.874245
vt 0.111277 0.873252
vt 0.107322 0.872271
vt 0.950486 0.344770
vt 0.954311 0.344770
vt 0.950486 0.347208
vt 0.959063 0.339195
vt 0.955058 0.344291
vt 0.950486 0.336205
vt 0.954633 0.336673
vt 0.416820 0.921478
vt 0.417429 0.926806
vt 0.411830 0.923815
vt 0.396664 0.922246
vt 0.400941 0.928022
vt 0.395058 0.923293
vt 0.396235 0.928736
vt 0.393949 0.923798
vt 0.399794 0.919708
vt 0.399889 0.935174
vt 0.960784 0.914827
vt 0.964787 0.922224
vt 0.960784 0.919073
vt 0.775477 0.969693
vt 0.768854 0.965267
vt 0.775426 0.963145
vt 0.966810 0.916994
vt 0.965081 0.913619
vt 0.767218 0.960457
vt 0.775452 0.961928
vt 0.715943 0.961033
vt 0.713486 0.964917
vt 0.711583 0.970192
vt 0.708750 0.969986
vt 0.708786 0.962222
vt 0.992237 0.957888
vt 0.992330 0.960494
vt 0.988742 0.960762
vt 0.988742 0.957027
vt 0.989175 0.676293
vt 0.992475 0.677932
vt 0.988742 0.679324
vt 0.995096 0.345923
vt 0.993125 0.345056
vt 0.996344 0.343015
vt 0.957683 0.033369
vt 0.952258 0.037673
vt 0.952263 0.033555
vt 0.952256 0.038507
vt 0.956741 0.037895
vt 0.547949 0.912327
vt 0.542936 0.924190
vt 0.543235 0.917450
vt 0.543740 0.905405
vt 0.952262 0.029464
vt 0.956061 0.025228
vt 0.952254 0.022246
vt 0.576725 0.813217
vt 0.575992 0.805005
vt 0.586823 0.818660
vt 0.577030 0.817643
vt 0.581960 0.819205
vt 0.548903 0.906237
vt 0.546493 0.898864
vt 0.599170 0.824570
vt 0.589716 0.823976
vt 0.580719 0.798062
vt 0.575289 0.801776
vt 0.589719 0.792334
vt 0.595252 0.793834
vt 0.597352 0.817919
vt 0.600767 0.818308
vt 0.600386 0.815383
vt 0.901669 0.081310
vt 0.901669 0.078053
vt 0.909698 0.093563
vt 0.901682 0.094060
vt 0.942940 0.905535
vt 0.944739 0.894415
vt 0.950876 0.904216
vt 0.603198 0.813231
vt 0.338819 0.792297
vt 0.342334 0.793139
vt 0.351630 0.798628
vt 0.357242 0.802199
vt 0.356933 0.809413
vt 0.356717 0.813499
vt 0.356332 0.818436
vt 0.350280 0.822313
vt 0.338250 0.823103
vt 0.331516 0.823507
vt 0.328435 0.818400
vt 0.328424 0.815017
vt 0.329387 0.800848
vt 0.991077 0.190320
vt 0.988742 0.185199
vt 0.991230 0.182828
vt 0.991230 0.186783
vt 0.591067 0.937916
vt 0.593568 0.927594
vt 0.602383 0.930670
vt 0.601959 0.933931
vt 0.597040 0.940224
vt 0.592050 0.940878
vt 0.919812 0.967018
vt 0.919390 0.970639
vt 0.912708 0.966720
vt 0.912682 0.960787
vt 0.918528 0.960457
vt 0.301340 0.939081
vt 0.294635 0.938811
vt 0.294635 0.931083
vt 0.304286 0.925452
vt 0.304977 0.933612
vt 0.304977 0.938801
vt 0.590294 0.927739
vt 0.590680 0.936924
vt 0.294674 0.922671
vt 0.155003 0.905885
vt 0.161859 0.906637
vt 0.166826 0.913644
vt 0.167172 0.917724
vt 0.154798 0.921939
vt 0.153740 0.913838
vt 0.960801 0.982170
vt 0.960801 0.989497
vt 0.957645 0.989143
vt 0.956974 0.983312
vt 0.899270 0.967904
vt 0.891565 0.967785
vt 0.891565 0.960457
vt 0.899851 0.960457
vt 0.508261 0.964572
vt 0.506312 0.970178
vt 0.500384 0.961260
vt 0.505056 0.961685
vt 0.500263 0.962188
vt 0.501217 0.970065
vt 0.712794 0.989793
vt 0.712794 0.982170
vt 0.716941 0.983082
vt 0.992101 0.398370
vt 0.988742 0.398370
vt 0.988742 0.393176
vt 0.991157 0.396784
vt 0.961533 0.403056
vt 0.960784 0.396974
vt 0.966650 0.395017
vt 0.966919 0.403472
vt 0.220230 0.863145
vt 0.227735 0.863076
vt 0.227778 0.886458
vt 0.220250 0.874332
vt 0.329110 0.896058
vt 0.326431 0.895738
vt 0.326308 0.888611
vt 0.326240 0.864872
vt 0.331666 0.867834
vt 0.336379 0.866932
vt 0.336508 0.857630
vt 0.051039 0.830595
vt 0.043553 0.830577
vt 0.026182 0.825787
vt 0.038939 0.799778
vt 0.051018 0.795495
vt 0.051039 0.807213
vt 0.553963 0.871579
vt 0.547604 0.848651
vt 0.545660 0.841773
vt 0.562635 0.841773
vt 0.559661 0.852558
vt 0.934995 0.723737
vt 0.935070 0.741595
vt 0.924870 0.741595
vt 0.924903 0.724771
vt 0.928623 0.723096
vt 0.826049 0.960457
vt 0.826049 0.973095
vt 0.820060 0.964838
vt 0.882038 0.195843
vt 0.882168 0.209898
vt 0.871906 0.214701
vt 0.871695 0.191882
vt 0.871623 0.184370
vt 0.881922 0.183669
vt 0.784057 0.858318
vt 0.773859 0.857183
vt 0.773863 0.853902
vt 0.784050 0.871551
vt 0.773849 0.876964
vt 0.784046 0.881905
vt 0.773846 0.883357
vt 0.385577 0.764199
vt 0.370147 0.765985
vt 0.365040 0.746180
vt 0.365008 0.732077
vt 0.365008 0.719858
vt 0.368174 0.718935
vt 0.388591 0.720557
vt 0.395214 0.721213
vt 0.404397 0.728601
vt 0.407737 0.731325
vt 0.494271 0.720797
vt 0.496973 0.722791
vt 0.496991 0.730330
vt 0.496991 0.753228
vt 0.493138 0.768317
vt 0.478024 0.766604
vt 0.456055 0.734175
vt 0.469893 0.722990
vt 0.480617 0.721902
vt 0.047846 0.945261
vt 0.057951 0.945261
vt 0.057951 0.955461
vt 0.048056 0.955461
vt 0.893450 0.522972
vt 0.894628 0.562200
vt 0.884428 0.562200
vt 0.884428 0.522554
vt 0.946688 0.961309
vt 0.952119 0.960457
vt 0.954272 0.965078
vt 0.112543 0.953509
vt 0.114385 0.956624
vt 0.107103 0.951290
vt 0.166446 0.960730
vt 0.169987 0.964054
vt 0.162489 0.961076
vt 0.162619 0.962628
vt 0.169425 0.969242
vt 0.163301 0.963563
vt 0.168863 0.970263
vt 0.168379 0.971143
vt 0.162991 0.969553
vt 0.097572 0.936611
vt 0.103412 0.939317
vt 0.103847 0.944306
vt 0.949383 0.970019
vt 0.103961 0.946465
vt 0.097572 0.951206
vt 0.097631 0.941712
vt 0.946688 0.969913
vt 0.104586 0.956624
vt 0.761916 0.177817
vt 0.766776 0.181346
vt 0.757895 0.183654
vt 0.761452 0.183626
vt 0.768723 0.183654
vt 0.699492 0.926648
vt 0.700744 0.930425
vt 0.698098 0.939456
vt 0.690296 0.940513
vt 0.689967 0.937691
vt 0.689230 0.930916
vt 0.689230 0.926192
vt 0.969750 0.864515
vt 0.968875 0.860749
vt 0.969923 0.853251
vt 0.973588 0.859139
vt 0.104018 0.947489
vt 0.102954 0.951956
vt 0.097715 0.952126
vt 0.931669 0.654222
vt 0.931783 0.668255
vt 0.922634 0.652985
vt 0.931786 0.669634
vt 0.923838 0.673071
vt 0.921581 0.667121
vt 0.902849 0.863353
vt 0.902493 0.875139
vt 0.902489 0.867001
vt 0.912838 0.866244
vt 0.902497 0.885274
vt 0.912837 0.863892
vt 0.912838 0.888430
vt 0.902497 0.889463
vt 0.934849 0.982170
vt 0.938513 0.982170
vt 0.938085 0.990184
vt 0.798607 0.336718
vt 0.795830 0.338340
vt 0.787815 0.337934
vt 0.787809 0.329812
vt 0.787809 0.319698
vt 0.787829 0.315518
vt 0.800404 0.317248
vt 0.806417 0.331001
vt 0.027889 0.830595
vt 0.049740 0.830759
vt 0.049740 0.844919
vt 0.049720 0.850745
vt 0.042246 0.854373
vt 0.037216 0.855460
vt 0.027096 0.834174
vt 0.026183 0.832006
vt 0.928841 0.652152
vt 0.919006 0.651907
vt 0.919193 0.643265
vt 0.919279 0.640813
vt 0.919925 0.630767
vt 0.928841 0.630290
vt 0.988742 0.524597
vt 0.990426 0.534290
vt 0.988742 0.534534
vt 0.956214 0.257750
vt 0.952577 0.256663
vt 0.952577 0.250332
vt 0.959360 0.245608
vt 0.959940 0.253530
vt 0.983588 0.456930
vt 0.983588 0.451954
vt 0.988501 0.451954
vt 0.986543 0.455133
vt 0.976433 0.566595
vt 0.976433 0.558898
vt 0.981406 0.561554
vt 0.982830 0.564734
vt 0.981346 0.566595
vt 0.985284 0.248857
vt 0.983922 0.248020
vt 0.983588 0.243621
vt 0.988678 0.243621
vt 0.963704 0.941335
vt 0.961009 0.939584
vt 0.962200 0.933754
vt 0.966524 0.935853
vt 0.966741 0.937763
vt 0.348661 0.989010
vt 0.344626 0.988008
vt 0.342897 0.982170
vt 0.348661 0.982328
vt 0.990849 0.504715
vt 0.988742 0.504715
vt 0.988742 0.498550
vt 0.990849 0.496741
vt 0.240274 0.985954
vt 0.240274 0.988853
vt 0.234110 0.988853
vt 0.234110 0.982170
vt 0.239376 0.984233
vt 0.968875 0.548400
vt 0.968875 0.540427
vt 0.974573 0.542181
vt 0.975844 0.544164
vt 0.974964 0.548400
vt 0.727827 0.960220
vt 0.729144 0.956261
vt 0.733838 0.954420
vt 0.736277 0.960220
vt 0.942208 0.018716
vt 0.946923 0.024047
vt 0.942208 0.024117
vt 0.950569 0.022670
vt 0.951295 0.696651
vt 0.956829 0.693307
vt 0.957424 0.699083
vt 0.957424 0.706681
vt 0.949966 0.702206
vt 0.678558 0.960975
vt 0.684099 0.966143
vt 0.685046 0.970703
vt 0.677524 0.969722
vt 0.981170 0.738858
vt 0.982234 0.747018
vt 0.976433 0.747018
vt 0.976663 0.742308
vt 0.983588 0.534664
vt 0.986998 0.530693
vt 0.986998 0.537684
vt 0.696275 0.952370
vt 0.690973 0.947704
vt 0.695515 0.941172
vt 0.700743 0.940513
vt 0.696936 0.940894
vt 0.757418 0.950603
vt 0.761529 0.952392
vt 0.756817 0.953167
vt 0.766232 0.947964
vt 0.764940 0.949304
vt 0.756817 0.941010
vt 0.759600 0.942661
vt 0.765316 0.946776
vt 0.950305 0.051083
vt 0.950820 0.057652
vt 0.950466 0.063791
vt 0.945950 0.064389
vt 0.941870 0.058624
vt 0.943878 0.052904
vt 0.948033 0.050895
vt 0.976561 0.092894
vt 0.980911 0.095708
vt 0.982427 0.101832
vt 0.976433 0.101832
vt 0.982148 0.325538
vt 0.976450 0.324463
vt 0.980002 0.319002
vt 0.982148 0.316599
vt 0.845040 0.380035
vt 0.837320 0.369996
vt 0.847702 0.368708
vt 0.847702 0.378703
vt 0.423523 0.927741
vt 0.421491 0.923547
vt 0.428210 0.925968
vt 0.428198 0.928647
vt 0.428210 0.918895
vt 0.056398 0.859733
vt 0.057937 0.875925
vt 0.056398 0.868054
vt 0.421199 0.908801
vt 0.427601 0.908502
vt 0.428195 0.912259
vt 0.897759 0.034688
vt 0.891417 0.043331
vt 0.891417 0.033605
vt 0.070815 0.859016
vt 0.072300 0.863633
vt 0.064951 0.856952
vt 0.067845 0.851146
vt 0.058648 0.857620
vt 0.417760 0.920904
vt 0.417989 0.911546
vt 0.072031 0.877036
vt -0.000000 0.856213
vt 0.002230 0.852545
vt 0.011938 0.851941
vt 0.015761 0.854668
vt 0.015761 0.868074
vt 0.014076 0.872655
vt 0.010733 0.880454
vt 0.008106 0.878726
vt 0.000190 0.872625
vt 0.000109 0.869940
vt 0.000022 0.862856
vt 0.864040 0.961117
vt 0.864040 0.971308
vt 0.861922 0.961030
vt 0.862250 0.967507
vt 0.857214 0.960458
vt 0.858017 0.965714
vt 0.967266 0.887167
vt 0.960784 0.887448
vt 0.961036 0.883097
vt 0.967266 0.877807
vt 0.738207 0.988217
vt 0.737577 0.982170
vt 0.742594 0.983047
vt 0.742476 0.985141
vt 0.983588 0.774826
vt 0.987947 0.774826
vt 0.987947 0.779746
vt 0.784417 0.988658
vt 0.784417 0.982170
vt 0.788961 0.983930
vt 0.789337 0.988658
vt 0.960784 0.301137
vt 0.966848 0.295239
vt 0.966336 0.299047
vt 0.960784 0.289833
vt 0.960852 0.294363
vt 0.970009 0.812332
vt 0.976198 0.812294
vt 0.974718 0.819771
vt 0.543137 0.972214
vt 0.543359 0.970379
vt 0.543343 0.965906
vt 0.544404 0.960969
vt 0.549032 0.964081
vt 0.549863 0.968626
vt 0.987787 0.689898
vt 0.987787 0.695339
vt 0.983588 0.695204
vt 0.874911 0.983235
vt 0.878990 0.984807
vt 0.878990 0.989008
vt 0.874517 0.989008
vt 0.994966 0.614214
vt 0.994966 0.618922
vt 0.993125 0.618922
vt 0.215201 0.896799
vt 0.218933 0.899848
vt 0.218940 0.902902
vt 0.210368 0.897169
vt 0.206708 0.891811
vt 0.206679 0.894308
vt 0.209964 0.907355
vt 0.206650 0.902030
vt 0.206650 0.896805
vt 0.218900 0.904585
vt 0.215006 0.909985
vt 0.215870 0.908748
vt 0.625134 0.903396
vt 0.624948 0.892644
vt 0.629654 0.892151
vt 0.638881 0.895442
vt 0.634509 0.901804
vt 0.624948 0.909593
vt 0.074721 0.988459
vt 0.073434 0.982170
vt 0.079628 0.982908
vt 0.534059 0.968165
vt 0.529273 0.971285
vt 0.529273 0.960457
vt 0.536349 0.961270
vt 0.536598 0.966433
vt 0.914670 0.757980
vt 0.915210 0.746589
vt 0.921090 0.758223
vt 0.923702 0.041482
vt 0.916784 0.042453
vt 0.911862 0.036503
vt 0.914787 0.033408
vt 0.923702 0.024203
vt 0.939752 0.157404
vt 0.937361 0.154928
vt 0.942981 0.144330
vt 0.944710 0.154025
vt 0.943024 0.155742
vt 0.937361 0.142001
vt 0.606615 0.996253
vt 0.606659 0.989429
vt 0.608288 0.996549
vt 0.607444 0.982559
vt 0.608956 0.996123
vt 0.946617 0.470488
vt 0.949916 0.470030
vt 0.950882 0.477187
vt 0.950882 0.484011
vt 0.941858 0.477487
vt 0.942812 0.472405
vt 0.928723 0.982482
vt 0.928706 0.995105
vt 0.927341 0.984253
vt 0.953787 0.443348
vt 0.950476 0.429786
vt 0.954426 0.433401
vt 0.947507 0.439174
vt 0.949884 0.443013
vt 0.736868 0.946185
vt 0.745246 0.943812
vt 0.743565 0.951079
vt 0.743712 0.956026
vt 0.738151 0.955233
vt 0.677524 0.970339
vt 0.670160 0.970957
vt 0.671668 0.961817
vt 0.677524 0.961278
vt 0.048146 0.982170
vt 0.052262 0.985529
vt 0.052920 0.989841
vt 0.048146 0.991231
vt 0.845732 0.596901
vt 0.845707 0.604416
vt 0.835413 0.639984
vt 0.835611 0.580573
vt 0.845732 0.641852
vt 0.836092 0.653824
vt 0.594927 0.850548
vt 0.593786 0.856167
vt 0.579615 0.856167
vt 0.595052 0.838085
vt 0.594787 0.832586
vt 0.579633 0.853375
vt 0.587844 0.827797
vt 0.592120 0.827527
vt 0.860813 0.144515
vt 0.858227 0.156546
vt 0.854459 0.158667
vt 0.850693 0.151520
vt 0.850693 0.116166
vt 0.860813 0.100314
vt 0.584076 0.825344
vt 0.579107 0.843484
vt 0.575289 0.833282
vt 0.585229 0.826117
vt 0.579359 0.844288
vt 0.336138 0.734460
vt 0.335962 0.731827
vt 0.332078 0.727336
vt 0.328424 0.724258
vt 0.334688 0.713122
vt 0.361185 0.666938
vt 0.364487 0.661411
vt 0.365008 0.719976
vt 0.364968 0.733816
vt 0.359497 0.735376
vt 0.347068 0.736801
vt 0.341557 0.737099
vt 0.103864 0.749006
vt 0.086655 0.780731
vt 0.082929 0.786947
vt 0.082796 0.781595
vt 0.082775 0.739123
vt 0.094081 0.742263
vt 0.101611 0.747358
vt 0.884233 0.988287
vt 0.883141 0.982170
vt 0.887895 0.982231
vt 0.887736 0.987073
vt 0.988742 0.437985
vt 0.988742 0.433140
vt 0.991380 0.433104
vt 0.992233 0.434609
vt 0.984238 0.884850
vt 0.986916 0.883575
vt 0.986916 0.889979
vt 0.643371 0.984845
vt 0.643431 0.982170
vt 0.646169 0.987077
vt 0.960784 0.708456
vt 0.964532 0.711701
vt 0.962309 0.717558
vt 0.966493 0.717558
vt 0.490518 0.924346
vt 0.500684 0.938511
vt 0.500666 0.939958
vt 0.490435 0.931050
vt 0.500722 0.935310
vt 0.955395 0.480725
vt 0.950882 0.484011
vt 0.950882 0.465317
vt 0.951929 0.466671
vt 0.954167 0.469675
vt 0.827889 0.989656
vt 0.823670 0.989656
vt 0.826346 0.982170
vt 0.938307 0.164141
vt 0.938307 0.182833
vt 0.929200 0.181346
vt 0.928725 0.173742
vt 0.861337 0.189344
vt 0.861334 0.183669
vt 0.871610 0.186474
vt 0.871623 0.207822
vt 0.871621 0.236202
vt 0.861334 0.235377
vt 0.196001 0.886000
vt 0.195999 0.861521
vt 0.206649 0.861288
vt 0.206650 0.873840
vt 0.200871 0.892779
vt 0.195999 0.897136
vt 0.607701 0.755985
vt 0.621606 0.728652
vt 0.638395 0.734388
vt 0.638547 0.762768
vt 0.638547 0.784115
vt 0.616957 0.772577
vt 0.607141 0.767319
vt 0.607339 0.762869
vt 0.806714 0.226268
vt 0.795910 0.234959
vt 0.784872 0.240934
vt 0.784842 0.235260
vt 0.784842 0.189227
vt 0.800824 0.183669
vt 0.806085 0.193876
vt 0.806831 0.206218
vt 0.807653 0.220969
vt 0.903716 0.702857
vt 0.893516 0.673419
vt 0.899443 0.683757
vt 0.903716 0.691373
vt 0.476023 0.815169
vt 0.483921 0.808764
vt 0.483914 0.811821
vt 0.480251 0.807827
vt 0.483923 0.807629
vt 0.483899 0.819612
vt 0.477131 0.810619
vt 0.483912 0.820341
vt 0.478595 0.819748
vt 0.951317 0.059616
vt 0.951352 0.055496
vt 0.955164 0.053025
vt 0.306235 0.966659
vt 0.311246 0.971425
vt 0.306232 0.972193
vt 0.306903 0.965897
vt 0.312625 0.965891
vt 0.950820 0.050369
vt 0.977301 0.270121
vt 0.977747 0.263418
vt 0.983469 0.268592
vt 0.147559 0.948155
vt 0.146751 0.939672
vt 0.146773 0.935466
vt 0.150312 0.933453
vt 0.153712 0.943314
vt 0.153327 0.949903
vt 0.909474 0.459688
vt 0.909474 0.466565
vt 0.899275 0.466542
vt 0.899275 0.456310
vt 0.905343 0.458224
vt 0.960784 0.569415
vt 0.960784 0.559215
vt 0.966637 0.564537
vt 0.967260 0.569400
vt 0.939096 0.960458
vt 0.932568 0.965227
vt 0.932245 0.964435
vt 0.937977 0.964101
vt 0.933115 0.966489
vt 0.934399 0.968440
vt 0.939096 0.971091
vt 0.988581 0.263284
vt 0.988381 0.268602
vt 0.986904 0.267520
vt 0.984152 0.264545
vt 0.555674 0.989068
vt 0.550685 0.989249
vt 0.552593 0.983619
vt 0.555674 0.982170
vt 0.460269 0.959813
vt 0.452228 0.959813
vt 0.453077 0.954458
vt 0.456730 0.948447
vt 0.458844 0.952665
vt 0.814164 0.973305
vt 0.814164 0.960457
vt 0.817327 0.962762
vt 0.820060 0.972063
vt 0.949814 0.072674
vt 0.955611 0.066132
vt 0.954490 0.079301
vt 0.993311 0.047077
vt 0.993125 0.042935
vt 0.996261 0.042935
vt 0.948757 0.070534
vt 0.951595 0.066206
vt 0.961231 0.342274
vt 0.960784 0.339382
vt 0.960784 0.331040
vt 0.966866 0.338589
vt 0.964190 0.341755
vt 0.976433 0.756507
vt 0.982129 0.756265
vt 0.982129 0.764569
vt 0.978834 0.763960
vt 0.993125 0.267488
vt 0.995993 0.266930
vt 0.995116 0.269523
vt 0.993125 0.270838
vt 0.175965 0.842994
vt 0.176891 0.838596
vt 0.188275 0.870531
vt 0.189490 0.870252
vt 0.191402 0.849349
vt 0.737127 0.078987
vt 0.760115 0.059275
vt 0.762004 0.063352
vt 0.768825 0.092951
vt 0.736523 0.092951
vt 0.736445 0.085435
vt 0.164734 0.891244
vt 0.167734 0.901935
vt 0.153740 0.905663
vt 0.153740 0.885028
vt 0.901784 0.197548
vt 0.902568 0.213276
vt 0.892368 0.215971
vt 0.892368 0.183669
vt 0.928631 0.778180
vt 0.934221 0.768155
vt 0.928119 0.782747
vt 0.936222 0.761953
vt 0.929301 0.771835
vt 0.932642 0.760934
vt 0.607098 0.761057
vt 0.607098 0.782133
vt 0.603280 0.781264
vt 0.602159 0.772541
vt 0.604985 0.765868
vt 0.508719 0.908743
vt 0.518918 0.907563
vt 0.518918 0.928639
vt 0.511312 0.914727
vt 0.968875 0.957557
vt 0.968875 0.947357
vt 0.974279 0.953343
vt 0.973057 0.956286
vt 0.984018 0.889979
vt 0.986323 0.893736
vt 0.986323 0.897544
vt 0.983788 0.892844
vt 0.985570 0.897674
vt 0.983588 0.895329
vt 0.938572 0.787820
vt 0.938959 0.784337
vt 0.944774 0.782883
vt 0.948870 0.788396
vt 0.948259 0.793714
vt 0.943226 0.793737
vt 0.940674 0.790562
vt 0.998066 0.065327
vt 0.996642 0.066461
vt 0.996642 0.062957
vt 0.976433 0.784748
vt 0.976799 0.778630
vt 0.978430 0.775315
vt 0.981087 0.778606
vt 0.978634 0.783856
vt 0.967725 0.032097
vt 0.968875 0.039990
vt 0.960784 0.040313
vt 0.960844 0.033938
vt 0.981054 0.910186
vt 0.977333 0.914737
vt 0.976433 0.905698
vt 0.980769 0.826303
vt 0.981067 0.830269
vt 0.980596 0.836380
vt 0.976433 0.836380
vt 0.976433 0.830205
vt 0.994981 0.187654
vt 0.994053 0.194007
vt 0.993125 0.189823
vt 0.440022 0.912232
vt 0.435481 0.915173
vt 0.440571 0.905852
vt 0.366068 0.861788
vt 0.370038 0.861049
vt 0.380540 0.859598
vt 0.380134 0.883305
vt 0.372995 0.878056
vt 0.369259 0.873787
vt 0.365008 0.863726
vt 0.059567 0.925277
vt 0.063872 0.925156
vt 0.065357 0.939157
vt 0.059568 0.936180
vt 0.067929 0.925047
vt 0.069966 0.935597
vt 0.068948 0.925021
vt 0.069932 0.939633
vt 0.884459 0.917833
vt 0.882679 0.914590
vt 0.879874 0.894189
vt 0.890778 0.894189
vt 0.889053 0.900781
vt 0.914670 0.739578
vt 0.914670 0.719327
vt 0.924870 0.719327
vt 0.923869 0.741408
vt 0.918888 0.740439
vt 0.977553 0.048781
vt 0.976433 0.038581
vt 0.980070 0.038581
vt 0.981559 0.041648
vt 0.432005 0.915515
vt 0.432859 0.905262
vt 0.439541 0.888756
vt 0.441952 0.889273
vt 0.476480 0.930705
vt 0.472887 0.929547
vt 0.476630 0.925573
vt 0.470449 0.906767
vt 0.477104 0.906767
vt 0.950872 0.392641
vt 0.947933 0.386259
vt 0.954584 0.385224
vt 0.954584 0.400686
vt 0.882556 0.352046
vt 0.881771 0.357742
vt 0.868520 0.348838
vt 0.868757 0.378742
vt 0.868469 0.350246
vt 0.868572 0.347430
vt 0.868701 0.345405
vt 0.880177 0.369927
vt 0.871756 0.378588
vt 0.879397 0.375673
vt 0.875362 0.378647
vt 0.471537 0.924064
vt 0.874070 0.641896
vt 0.874866 0.647197
vt 0.877608 0.666694
vt 0.871239 0.669661
vt 0.863190 0.673365
vt 0.862974 0.669917
vt 0.863034 0.639916
vt 0.866292 0.640155
vt 0.871883 0.639916
vt 0.990943 0.077993
vt 0.988742 0.072118
vt 0.990943 0.069642
vt 0.104538 0.960457
vt 0.108089 0.962939
vt 0.108089 0.976844
vt 0.102741 0.970429
vt 0.988742 0.069642
vt 0.988742 0.061830
vt 0.991220 0.061710
vt 0.990868 0.067572
vt 0.951100 0.808211
vt 0.953374 0.822323
vt 0.945562 0.822323
vt 0.947502 0.809058
vt 0.992359 0.679324
vt 0.991352 0.681254
vt 0.989929 0.683546
vt 0.993125 0.717778
vt 0.993125 0.713963
vt 0.995225 0.716439
vt 0.950705 0.410278
vt 0.954641 0.413094
vt 0.954631 0.417158
vt 0.954664 0.408570
vt 0.978083 0.168980
vt 0.976433 0.163523
vt 0.982426 0.165551
vt 0.982426 0.169094
vt 0.977328 0.160244
vt 0.982340 0.160335
vt 0.187134 0.943504
vt 0.195366 0.946440
vt 0.186206 0.947091
vt 0.194829 0.943264
vt 0.942319 0.382364
vt 0.942105 0.374295
vt 0.942358 0.368574
vt 0.947386 0.368574
vt 0.948909 0.373153
vt 0.949847 0.379032
vt 0.950372 0.383550
vt 0.228458 0.982170
vt 0.234110 0.982170
vt 0.233216 0.989475
vt 0.230634 0.987002
vt 0.975925 0.391981
vt 0.972618 0.393793
vt 0.968875 0.395680
vt 0.968875 0.388321
vt 0.976031 0.387449
vt 0.910222 0.070297
vt 0.907785 0.064702
vt 0.911939 0.060491
vt 0.912147 0.065425
vt 0.993125 0.565306
vt 0.994987 0.563595
vt 0.994987 0.568444
vt 0.925867 0.090100
vt 0.930966 0.071377
vt 0.933031 0.073782
vt 0.933240 0.085620
vt 0.913967 0.909327
vt 0.907763 0.913776
vt 0.902682 0.904384
vt 0.911500 0.905545
vt 0.908747 0.901038
vt 0.910444 0.890566
vt 0.913967 0.893675
vt 0.906546 0.044000
vt 0.902150 0.049823
vt 0.902598 0.044174
vt 0.906980 0.044597
vt 0.901836 0.053956
vt 0.601078 0.911037
vt 0.602262 0.914490
vt 0.602383 0.919486
vt 0.601103 0.922526
vt 0.598884 0.927594
vt 0.594684 0.925936
vt 0.589832 0.923851
vt 0.589832 0.914826
vt 0.591040 0.877941
vt 0.590706 0.870418
vt 0.606392 0.870333
vt 0.605127 0.883296
vt 0.603482 0.891412
vt 0.597845 0.887336
vt 0.594330 0.883985
vt 0.994543 0.101371
vt 0.993125 0.097607
vt 0.996100 0.097793
vt 0.053669 0.931379
vt 0.058221 0.931203
vt 0.047847 0.935405
vt 0.055232 0.945205
vt 0.047846 0.945067
vt 0.226916 0.832562
vt 0.226931 0.849479
vt 0.219849 0.848530
vt 0.219920 0.825239
vt 0.220601 0.808149
vt 0.323268 0.943860
vt 0.322289 0.952429
vt 0.318517 0.948137
vt 0.325851 0.955264
vt 0.325851 0.941534
vt 0.226931 0.863076
vt 0.219849 0.857198
vt 0.189298 0.792027
vt 0.185374 0.792505
vt 0.175965 0.790056
vt 0.179177 0.763029
vt 0.176492 0.737981
vt 0.183170 0.753738
vt 0.191429 0.775515
vt 0.194477 0.783629
vt 0.192665 0.786595
vt 0.563720 0.869596
vt 0.575289 0.891953
vt 0.563720 0.900110
vt 0.563727 0.886513
vt 0.334843 0.896059
vt 0.336341 0.920970
vt 0.326240 0.920970
vt 0.903697 0.272623
vt 0.903697 0.245608
vt 0.910959 0.247047
vt 0.913897 0.247638
vt 0.913798 0.272623
vt 0.058221 0.945261
vt 0.809670 0.560183
vt 0.801318 0.561604
vt 0.809608 0.556202
vt 0.809670 0.571538
vt 0.805055 0.580558
vt 0.793686 0.577136
vt 0.804110 0.575138
vt 0.806535 0.580154
vt 0.809577 0.577291
vt 0.915949 0.787765
vt 0.911807 0.789684
vt 0.918747 0.774158
vt 0.910366 0.760784
vt 0.910315 0.770152
vt 0.808545 0.579056
vt 0.910315 0.782915
vt 0.786393 0.574882
vt 0.785712 0.572123
vt 0.789554 0.570582
vt 0.785836 0.569347
vt 0.789340 0.568665
vt 0.500225 0.815975
vt 0.507558 0.813821
vt 0.518990 0.810558
vt 0.523510 0.812724
vt 0.523631 0.819802
vt 0.523631 0.831332
vt 0.523569 0.835373
vt 0.523501 0.838593
vt 0.515763 0.833307
vt 0.505392 0.825869
vt 0.499173 0.821131
vt 0.499539 0.818763
vt 0.972227 0.882100
vt 0.974287 0.885858
vt 0.973884 0.888969
vt 0.968875 0.881476
vt 0.971373 0.881953
vt 0.972970 0.890124
vt 0.968875 0.885633
vt 0.575296 0.895154
vt 0.575289 0.887793
vt 0.585444 0.883398
vt 0.585453 0.895313
vt 0.330744 0.849580
vt 0.336819 0.826935
vt 0.336671 0.851151
vt 0.922726 0.203159
vt 0.932926 0.193325
vt 0.932926 0.200880
vt 0.922726 0.207825
vt 0.922726 0.187840
vt 0.932926 0.187982
vt 0.575289 0.873154
vt 0.575307 0.872072
vt 0.583909 0.875748
vt 0.585458 0.881925
vt 0.344776 0.823507
vt 0.338588 0.851853
vt 0.340184 0.855032
vt 0.345747 0.831576
vt 0.340459 0.857630
vt 0.346950 0.843788
vt 0.461486 0.841833
vt 0.456356 0.829755
vt 0.456055 0.813925
vt 0.456055 0.806493
vt 0.469950 0.812941
vt 0.474166 0.814942
vt 0.473548 0.825889
vt 0.471620 0.838478
vt 0.470169 0.846779
vt 0.465097 0.844447
vt 0.101585 0.932421
vt 0.102554 0.919095
vt 0.110215 0.919468
vt 0.113063 0.921593
vt 0.113768 0.926645
vt 0.106387 0.930440
vt 0.987757 0.648450
vt 0.983588 0.642913
vt 0.987757 0.642914
vt 0.573268 0.970314
vt 0.567089 0.967784
vt 0.567066 0.963327
vt 0.574174 0.965264
vt 0.364742 0.968280
vt 0.364086 0.962740
vt 0.372641 0.960458
vt 0.372614 0.968397
vt 0.367030 0.969148
vt 0.561741 0.988482
vt 0.559769 0.982170
vt 0.565362 0.983510
vt 0.618540 0.985982
vt 0.619148 0.982827
vt 0.620782 0.982412
vt 0.622004 0.990446
vt 0.621393 0.982291
vt 0.992202 0.573503
vt 0.991892 0.578206
vt 0.988742 0.578207
vt 0.989480 0.574873
vt 0.321237 0.990335
vt 0.321237 0.982170
vt 0.325268 0.982885
vt 0.324746 0.987555
vt 0.965123 0.351994
vt 0.961675 0.351716
vt 0.960784 0.348304
vt 0.965159 0.349356
vt 0.964300 0.342355
vt 0.962748 0.569415
vt 0.967357 0.573797
vt 0.960784 0.572236
vt 0.957852 0.347208
vt 0.955899 0.359660
vt 0.953004 0.360304
vt 0.951439 0.355089
vt 0.780410 0.949532
vt 0.775629 0.944922
vt 0.775056 0.942346
vt 0.773846 0.935364
vt 0.776502 0.935612
vt 0.782972 0.936426
vt 0.782972 0.944429
vt 0.982214 0.439749
vt 0.982236 0.442763
vt 0.977102 0.441693
vt 0.981718 0.445696
vt 0.960784 0.115199
vt 0.964714 0.113389
vt 0.960785 0.119134
vt 0.960784 0.110969
vt 0.600053 0.971249
vt 0.600728 0.965915
vt 0.602136 0.961241
vt 0.606231 0.968798
vt 0.606231 0.972935
vt 0.983588 0.927164
vt 0.987510 0.926067
vt 0.987510 0.931411
vt 0.977088 0.016760
vt 0.976499 0.013211
vt 0.976585 0.010200
vt 0.981735 0.011628
vt 0.981735 0.020438
vt 0.932926 0.200810
vt 0.939678 0.192528
vt 0.943191 0.197486
vt 0.943191 0.205210
vt 0.932936 0.205399
vt 0.935441 0.196577
vt 0.932934 0.207716
vt 0.943190 0.206518
vt 0.966989 0.736371
vt 0.966465 0.738595
vt 0.960791 0.737881
vt 0.960784 0.728847
vt 0.965364 0.732255
vt 0.986205 0.624285
vt 0.986750 0.628840
vt 0.986981 0.631147
vt 0.983588 0.631147
vt 0.983588 0.546277
vt 0.983588 0.537684
vt 0.985873 0.537684
vt 0.986362 0.543438
vt 0.973985 0.469847
vt 0.970003 0.470651
vt 0.968875 0.460451
vt 0.974574 0.460451
vt 0.873607 0.903946
vt 0.869488 0.915859
vt 0.869488 0.899434
vt 0.879054 0.909280
vt 0.879244 0.913655
vt 0.870168 0.922553
vt 0.876855 0.916620
vt 0.878614 0.914616
vt 0.914910 0.673419
vt 0.914910 0.690745
vt 0.914029 0.698024
vt 0.907000 0.692522
vt 0.904435 0.689709
vt 0.903911 0.686008
vt 0.908901 0.678874
vt 0.910957 0.676127
vt 0.617845 0.989068
vt 0.612998 0.985514
vt 0.613620 0.982179
vt 0.617845 0.982309
vt 0.617843 0.984889
vt 0.989524 0.248297
vt 0.990795 0.254975
vt 0.988742 0.254768
vt 0.988742 0.250607
vt 0.977669 0.738103
vt 0.976433 0.733954
vt 0.982090 0.735652
vt 0.069132 0.988177
vt 0.072979 0.992460
vt 0.069230 0.992447
vt 0.069289 0.982170
vt 0.073434 0.988400
vt 0.069132 0.985645
vt 0.896967 0.988973
vt 0.896194 0.982712
vt 0.898143 0.985531
vt 0.995919 0.421770
vt 0.993125 0.422026
vt 0.993125 0.418744
vt 0.996316 0.420427
vt 0.995511 0.451351
vt 0.994765 0.454547
vt 0.993125 0.454470
vt 0.993125 0.450229
vt 0.915313 0.138732
vt 0.925514 0.125906
vt 0.925513 0.132849
vt 0.915312 0.141114
vt 0.915312 0.119086
vt 0.925514 0.119075
vt 0.977965 0.719167
vt 0.977115 0.716069
vt 0.980731 0.719689
vt 0.906451 0.862985
vt 0.900654 0.862768
vt 0.900677 0.848489
vt 0.910242 0.847050
vt 0.900666 0.847572
vt 0.907320 0.846588
vt 0.872698 0.439031
vt 0.874161 0.441604
vt 0.874161 0.466155
vt 0.866067 0.463779
vt 0.859215 0.461259
vt 0.857749 0.441667
vt 0.857583 0.439291
vt 0.866280 0.436435
vt 0.864167 0.363868
vt 0.863696 0.370331
vt 0.863187 0.376686
vt 0.852129 0.380473
vt 0.848056 0.381585
vt 0.848973 0.363684
vt 0.993884 0.103091
vt 0.995019 0.107264
vt 0.993125 0.108438
vt 0.910106 0.322795
vt 0.910106 0.298263
vt 0.916703 0.298271
vt 0.920300 0.304028
vt 0.920300 0.323198
vt 0.662756 0.988026
vt 0.666926 0.982170
vt 0.668538 0.988026
vt 0.874517 0.990752
vt 0.870941 0.986713
vt 0.874517 0.982170
vt 0.981745 0.598763
vt 0.976433 0.604075
vt 0.976433 0.595492
vt 0.910106 0.323582
vt 0.919418 0.323204
vt 0.910118 0.332250
vt 0.728183 0.922189
vt 0.727270 0.902279
vt 0.737518 0.902839
vt 0.737519 0.922000
vt 0.920870 0.340720
vt 0.910113 0.343308
vt 0.920629 0.323210
vt 0.737519 0.901559
vt 0.727271 0.898140
vt 0.837531 0.891607
vt 0.822136 0.891607
vt 0.823330 0.883020
vt 0.825070 0.871141
vt 0.831512 0.868370
vt 0.833538 0.872083
vt 0.692601 0.883933
vt 0.689930 0.865849
vt 0.707021 0.865849
vt 0.702866 0.885863
vt 0.281994 0.935613
vt 0.282248 0.918477
vt 0.291324 0.920594
vt 0.291324 0.935994
vt 0.869353 0.828218
vt 0.875090 0.820694
vt 0.877645 0.836506
vt 0.869021 0.841268
vt 0.869709 0.819148
vt 0.869121 0.846524
vt 0.878460 0.836940
vt 0.879591 0.853740
vt 0.869349 0.858338
vt 0.879874 0.865802
vt 0.869524 0.865804
vt 0.687622 0.850648
vt 0.687240 0.856824
vt 0.677116 0.850673
vt 0.687013 0.876626
vt 0.676749 0.882639
vt 0.686967 0.882567
vt 0.678041 0.889702
vt 0.251172 0.943452
vt 0.245607 0.940244
vt 0.252393 0.940117
vt 0.245578 0.946324
vt 0.245600 0.949891
vt 0.255855 0.948807
vt 0.251255 0.950357
vt 0.255854 0.943123
vt 0.255855 0.938695
vt 0.500265 0.732111
vt 0.516477 0.727648
vt 0.524697 0.720398
vt 0.531280 0.721320
vt 0.535507 0.723144
vt 0.536194 0.732352
vt 0.535998 0.745465
vt 0.534382 0.750571
vt 0.530723 0.762044
vt 0.528208 0.769272
vt 0.499173 0.772170
vt 0.499173 0.740020
vt 0.229515 0.775829
vt 0.205131 0.772633
vt 0.201067 0.760956
vt 0.195999 0.745062
vt 0.196593 0.733837
vt 0.196946 0.728434
vt 0.203364 0.726646
vt 0.208340 0.725336
vt 0.215123 0.731319
vt 0.226104 0.733969
vt 0.231597 0.743944
vt 0.231760 0.749936
vt 0.231760 0.769852
vt 0.124282 0.945539
vt 0.124282 0.955734
vt 0.116120 0.955621
vt 0.114637 0.952184
vt 0.114391 0.945401
vt 0.909020 0.414802
vt 0.910074 0.426829
vt 0.899879 0.426817
vt 0.899879 0.411077
vt 0.904784 0.411916
vt 0.909478 0.428827
vt 0.909472 0.453417
vt 0.899275 0.456310
vt 0.899275 0.427133
vt 0.527049 0.941609
vt 0.519353 0.949742
vt 0.519353 0.939705
vt 0.523654 0.949785
vt 0.937102 0.307932
vt 0.929507 0.309043
vt 0.931148 0.303566
vt 0.937374 0.304210
vt 0.936907 0.795218
vt 0.931566 0.803531
vt 0.931790 0.793662
vt 0.931314 0.814315
vt 0.687687 0.912774
vt 0.676695 0.914400
vt 0.678336 0.904833
vt 0.676695 0.891916
vt 0.681595 0.892825
vt 0.684992 0.902094
vt 0.946639 0.725605
vt 0.953899 0.723069
vt 0.953901 0.735951
vt 0.945121 0.735951
vt 0.945959 0.729235
vt 0.882457 0.289160
vt 0.891217 0.288565
vt 0.891217 0.298177
vt 0.886955 0.297605
vt 0.881813 0.293312
vt 0.929529 0.322014
vt 0.936464 0.314744
vt 0.937374 0.318889
vt 0.983588 0.631148
vt 0.987146 0.631178
vt 0.983588 0.637002
vt 0.990008 0.122399
vt 0.993118 0.123548
vt 0.988742 0.126801
vt 0.993125 0.742380
vt 0.993125 0.737069
vt 0.994582 0.741516
vt 0.146564 0.982658
vt 0.149102 0.984932
vt 0.147371 0.988748
vt 0.142590 0.988748
vt 0.142743 0.986017
vt 0.993125 0.725591
vt 0.995078 0.725591
vt 0.993125 0.729613
vt 0.209809 0.987023
vt 0.212916 0.982812
vt 0.213783 0.990227
vt 0.210704 0.992657
vt 0.353614 0.845412
vt 0.346950 0.830812
vt 0.364294 0.844123
vt 0.364657 0.855498
vt 0.363912 0.833064
vt 0.364657 0.826960
vt 0.448135 0.858561
vt 0.437266 0.868835
vt 0.438009 0.846799
vt 0.437332 0.839612
vt 0.451304 0.837518
vt 0.455158 0.842973
vt 0.226918 0.797859
vt 0.226918 0.775829
vt 0.229125 0.786984
vt 0.231113 0.797859
vt 0.745839 0.988154
vt 0.745839 0.982170
vt 0.750034 0.982170
vt 0.751277 0.988154
vt 0.259265 0.862590
vt 0.245318 0.880363
vt 0.245318 0.858502
vt 0.804004 0.500111
vt 0.793394 0.497870
vt 0.785607 0.483437
vt 0.789674 0.482720
vt 0.804004 0.480297
vt 0.488712 0.949583
vt 0.480079 0.960088
vt 0.935848 0.518936
vt 0.937415 0.511182
vt 0.946048 0.511182
vt 0.946048 0.522026
vt 0.263220 0.863777
vt 0.253164 0.879344
vt 0.877658 0.760784
vt 0.878450 0.762214
vt 0.876546 0.787704
vt 0.866393 0.789190
vt 0.866726 0.784706
vt 0.868448 0.761651
vt 0.227903 0.798096
vt 0.240671 0.810378
vt 0.241575 0.816530
vt 0.228321 0.820099
vt 0.244735 0.837631
vt 0.228150 0.836058
vt 0.244994 0.839333
vt 0.227903 0.843863
vt 0.852275 0.678407
vt 0.862504 0.678766
vt 0.862560 0.690712
vt 0.852314 0.686336
vt 0.862681 0.713975
vt 0.856916 0.730645
vt 0.852544 0.730651
vt 0.716115 0.709520
vt 0.718997 0.705515
vt 0.727697 0.705455
vt 0.735141 0.705434
vt 0.760919 0.749189
vt 0.761645 0.752393
vt 0.739227 0.748782
vt 0.723625 0.745416
vt 0.716028 0.743610
vt 0.716028 0.721085
vt 0.281038 0.714527
vt 0.281003 0.706598
vt 0.281003 0.662281
vt 0.312209 0.660558
vt 0.328424 0.671249
vt 0.305076 0.711805
vt 0.300535 0.719671
vt 0.286194 0.719493
vt 0.939229 0.913512
vt 0.940483 0.932008
vt 0.940748 0.936998
vt 0.934763 0.936998
vt 0.934763 0.911894
vt 0.932892 0.625621
vt 0.923148 0.626846
vt 0.923148 0.607423
vt 0.929133 0.607423
vt 0.175997 0.923391
vt 0.179321 0.923847
vt 0.182568 0.936115
vt 0.175985 0.926175
vt 0.164117 0.940446
vt 0.171012 0.938234
vt 0.174276 0.938980
vt 0.186144 0.931095
vt 0.186144 0.923315
vt 0.178382 0.938758
vt 0.175965 0.929657
vt 0.186142 0.936473
vt 0.186095 0.938193
vt 0.179831 0.939905
vt 0.170694 0.947626
vt 0.166095 0.944646
vt 0.174331 0.941777
vt 0.327187 0.921528
vt 0.335969 0.924722
vt 0.336341 0.928464
vt 0.336326 0.931261
vt 0.325767 0.933445
vt 0.336333 0.932814
vt 0.332137 0.937045
vt 0.325537 0.935150
vt 0.165106 0.944646
vt 0.186043 0.939935
vt 0.580086 0.982170
vt 0.579773 0.984929
vt 0.579286 0.988370
vt 0.578122 0.995879
vt 0.577553 0.983030
vt 0.339499 0.937550
vt 0.337242 0.935155
vt 0.336508 0.928959
vt 0.336508 0.921142
vt 0.340599 0.920174
vt 0.345532 0.924188
vt 0.346038 0.929664
vt 0.344728 0.935183
vt 0.984307 0.709475
vt 0.983588 0.704732
vt 0.985244 0.703669
vt 0.986909 0.702629
vt 0.986909 0.708460
vt 0.993421 0.096422
vt 0.993125 0.091705
vt 0.995250 0.091936
vt 0.995143 0.096501
s 1
usemtl Stylized_Crystal
f 3/1/1 6/2/1 7/3/1 2/4/1 10/5/1 8/6/1
s 0
f 6/7/2 5/8/2 7/9/2
f 3/10/3 8/11/3 9/12/3 4/13/3
f 9/12/4 8/11/4 10/14/4 11/15/4
s 1
f 11/16/5 1/17/5 5/18/5 4/19/5 9/20/5
f 5/21/6 1/22/6 2/23/6 7/24/6
f 2/25/7 1/26/7 11/27/7 10/28/7
s 0
f 4/29/8 5/30/8 6/7/8 3/31/8
f 16/32/9 15/33/9 14/34/9 17/35/9
f 18/36/10 13/37/10 20/38/10 19/39/10
f 22/40/11 23/41/11 17/35/11 14/34/11 21/42/11
f 22/40/12 12/43/12 23/41/12
f 23/41/13 12/43/13 25/44/13
f 24/45/14 19/39/14 20/38/14 25/46/14
f 24/47/15 25/44/15 22/40/15
f 12/43/16 22/40/16 25/44/16
s 1
f 25/48/17 20/49/17 13/50/17 16/51/17 17/52/17 23/53/17
f 14/54/18 15/55/18 16/56/18 13/57/18 18/58/18
f 14/59/19 18/60/19 19/61/19 24/62/19 22/63/19 21/64/19
s 0
f 35/65/20 31/66/20 29/67/20 34/68/20
f 34/69/21 29/70/21 28/71/21
f 28/72/22 31/66/22 35/65/22
f 28/73/23 27/74/23 31/66/23
f 27/74/24 26/75/24 31/66/24
f 33/76/25 30/77/25 29/78/25
f 37/79/26 28/80/26 29/70/26 36/81/26
f 28/73/27 37/82/27 38/83/27
f 38/84/28 27/74/28 28/73/28
f 32/85/29 29/86/29 31/87/29
f 26/88/30 32/89/30 31/90/30
f 32/89/31 33/76/31 29/91/31
f 39/92/32 26/93/32 27/94/32 38/95/32
f 32/89/33 30/77/33 33/76/33
f 30/77/34 32/96/34 40/97/34
f 41/98/35 32/89/35 26/88/35
s 1
f 35/99/36 34/100/36 28/101/36
f 38/102/37 37/103/37 36/104/37 30/105/37 40/106/37 32/107/37 41/108/37 26/109/37 39/110/37
s 0
f 30/111/38 36/81/38 29/70/38
f 47/112/39 48/113/39 46/114/39
f 50/115/40 46/114/40 48/113/40 49/116/40
f 46/114/41 50/115/41 51/117/41
f 52/118/42 46/119/42 51/120/42
f 53/121/43 47/122/43 46/119/43 52/123/43
f 54/124/44 47/112/44 53/125/44
f 54/124/45 48/113/45 47/112/45
f 49/126/46 48/113/46 58/127/46
f 55/128/47 44/129/47 45/130/47 56/131/47
f 56/131/48 45/130/48 51/132/48
f 51/120/49 45/130/49 57/133/49 52/134/49
f 58/135/50 48/136/50 59/137/50
f 58/135/51 59/137/51 60/138/51
f 58/139/52 60/140/52 61/141/52
f 63/142/53 62/143/53 44/144/53 55/145/53
f 64/146/54 44/129/54 62/147/54
f 65/148/55 44/129/55 64/149/55
f 57/133/56 45/130/56 44/129/56 65/148/56
s 1
f 53/150/57 52/151/57 57/152/57 65/153/57 64/154/57 59/155/57 48/156/57 54/157/57
f 62/158/58 63/159/58 61/160/58 60/161/58 59/162/58 64/163/58
f 51/164/59 50/165/59 49/166/59 58/167/59 61/168/59 63/169/59 55/170/59 56/171/59
s 0
f 71/172/60 68/173/60 74/174/60
f 69/175/61 73/176/61 67/177/61 72/178/61
f 72/178/62 67/177/62 68/179/62 71/180/62
f 68/181/63 67/182/63 74/183/63
f 75/184/64 76/185/64 74/186/64 67/187/64
s 1
f 76/188/65 70/189/65 69/190/65 72/191/65 71/192/65 74/193/65
f 69/194/66 67/195/66 73/196/66
f 70/197/67 76/198/67 75/199/67
f 69/200/68 70/201/68 75/202/68 67/203/68
s 0
f 81/204/69 78/205/69 80/206/69 82/207/69
f 78/208/70 81/204/70 77/209/70 83/210/70
f 77/211/71 85/212/71 86/213/71 84/214/71
f 86/213/72 85/212/72 87/215/72 88/216/72
f 77/217/73 84/218/73 83/219/73
f 90/220/74 89/221/74 88/222/74 87/223/74
s 1
f 84/224/75 86/225/75 88/226/75 89/227/75 79/228/75 78/229/75 83/230/75
f 78/231/76 79/232/76 80/233/76
f 79/234/77 89/235/77 90/236/77 82/237/77 80/238/77
f 77/239/78 81/240/78 82/241/78 90/242/78 87/243/78 85/244/78
s 0
f 94/245/79 95/246/79 84/247/79 77/248/79
f 93/249/80 95/246/80 94/250/80
f 97/251/81 96/252/81 91/253/81
f 98/254/82 97/255/82 91/253/82
f 99/256/83 98/257/83 91/258/83 100/259/83
f 92/260/84 87/261/84 101/262/84
f 101/262/85 87/261/85 86/263/85
f 100/259/86 91/258/86 92/260/86
f 87/264/87 85/265/87 86/266/87
f 77/267/88 86/268/88 85/265/88
f 77/269/89 84/247/89 86/270/89
f 87/271/90 92/272/90 102/273/90
f 102/273/91 92/272/91 91/253/91 96/252/91
s 1
f 84/274/92 95/275/92 93/276/92 99/277/92 100/278/92 92/279/92 101/280/92 86/281/92
f 87/282/93 102/283/93 96/284/93 97/285/93 94/286/93 77/287/93 85/288/93
f 93/289/94 94/290/94 97/291/94 98/292/94 99/293/94
f 103/294/95 104/295/95 107/296/95
s 0
f 103/297/96 105/298/96 106/299/96 104/300/96
f 107/301/97 106/302/97 105/303/97 103/304/97
s 1
f 104/305/98 106/306/98 107/307/98
s 0
f 113/308/99 114/309/99 111/310/99 110/311/99 112/312/99
f 112/312/100 110/311/100 115/313/100 116/314/100
f 108/315/101 118/316/101 117/317/101
f 118/318/102 108/319/102 114/320/102 120/321/102 119/322/102
f 134/323/103 133/324/103 131/325/103 132/326/103
f 111/310/104 114/309/104 121/327/104
f 115/328/105 122/329/105 123/330/105 124/331/105
f 115/332/106 124/331/106 125/333/106
f 115/334/107 125/333/107 116/335/107
f 108/315/108 117/336/108 126/337/108
f 127/338/109 108/315/109 126/337/109 128/339/109 134/340/109
f 108/319/110 127/341/110 129/342/110
f 130/343/111 131/325/111 123/330/111 122/329/111
f 131/325/112 130/343/112 132/326/112
f 134/323/113 128/344/113 133/324/113
s 1
f 128/345/17 126/346/17 117/347/17 118/348/17 119/349/17 109/350/17 113/351/17 112/352/17 116/353/17 125/354/17 124/355/17 123/356/17 131/357/17 133/358/17
f 115/359/1 110/360/1 111/361/1 121/362/1 129/363/1 127/364/1 134/365/1 132/366/1 130/367/1 122/368/1
f 114/369/114 113/370/114 109/371/114 120/372/114
f 119/373/115 120/374/115 109/375/115
s 0
f 129/342/116 121/376/116 114/377/116 108/319/116
f 137/378/117 135/379/117 136/380/117
f 141/381/118 140/382/118 51/383/118 50/384/118 138/385/118
f 142/386/119 141/381/119 138/385/119
f 143/387/120 142/388/120 138/389/120
f 50/384/121 46/390/121 138/385/121
f 143/387/122 138/389/122 46/391/122
f 144/392/123 143/387/123 46/391/123
f 50/393/124 144/394/124 46/391/124
s 1
f 50/395/125 51/396/125 140/397/125 139/398/125 144/399/125
f 140/400/126 141/401/126 142/402/126 139/403/126
f 144/404/127 139/405/127 142/406/127 143/407/127
s 0
f 148/408/128 145/409/128 147/410/128
f 150/411/129 145/412/129 149/413/129
f 151/414/130 145/415/130 148/416/130
f 151/417/131 149/418/131 145/415/131
s 1
f 149/419/132 151/420/132 146/421/132 150/422/132
f 148/423/133 147/424/133 146/425/133 151/426/133
f 145/427/134 150/428/134 146/429/134 147/430/134
s 0
f 3/431/135 154/432/135 9/433/135 8/434/135
f 9/433/136 159/435/136 10/436/136 8/434/136
f 155/437/137 152/438/137 156/439/137 153/440/137
f 152/438/138 157/441/138 156/439/138
f 157/441/139 152/438/139 158/442/139
f 10/443/140 159/435/140 11/444/140
f 154/445/141 3/446/141 158/442/141 152/438/141 160/447/141
s 1
f 152/448/142 155/449/142 11/450/142 159/451/142 9/452/142 154/453/142 160/454/142
f 3/455/143 8/456/143 10/457/143 153/458/143 156/459/143 157/460/143 158/461/143
f 153/462/144 10/463/144 11/464/144 155/465/144
s 0
f 167/466/145 165/467/145 164/468/145 166/469/145
f 169/470/146 166/471/146 164/472/146 168/473/146
f 169/474/147 168/473/147 173/475/147
f 170/476/148 171/477/148 163/478/148 162/479/148
f 170/480/149 162/481/149 172/482/149
f 171/477/150 170/476/150 161/483/150
f 173/484/151 170/485/151 172/486/151
s 1
f 161/487/152 165/488/152 167/489/152 163/490/152 171/491/152
f 162/492/153 163/493/153 167/494/153 166/495/153 169/496/153
f 168/497/154 164/498/154 165/499/154 161/500/154 170/501/154 173/502/154
f 162/503/155 169/504/155 173/505/155 172/506/155
s 0
f 177/507/156 178/508/156 179/509/156
f 180/510/157 182/511/157 181/512/157
f 185/513/158 184/514/158 186/515/158 183/516/158
f 186/515/159 184/514/159 187/517/159 188/518/159
f 177/507/160 179/509/160 189/519/160 188/518/160 187/517/160
f 182/520/161 180/521/161 190/522/161
f 190/523/162 191/524/162 185/525/162 183/526/162
f 190/527/163 180/528/163 191/524/163
s 1
f 189/529/164 176/530/164 190/531/164 183/532/164 186/533/164 188/534/164
f 180/535/1 181/536/1 178/537/1 177/538/1 187/539/1 184/540/1 185/541/1 191/542/1
f 176/543/165 182/544/165 190/545/165
f 182/546/166 176/547/166 189/548/166 179/549/166 178/550/166 181/551/166
s 0
f 194/552/167 195/553/167 192/554/167
f 193/555/168 194/556/168 192/557/168
s 1
f 194/558/169 193/559/169 192/560/169 195/561/169
s 0
f 200/562/170 198/563/170 196/564/170
f 196/565/171 198/563/171 201/566/171 197/567/171
s 1
f 198/568/1 199/569/1 201/570/1
s 0
f 199/571/172 198/563/172 200/562/172
s 1
f 199/572/173 200/573/173 196/574/173 197/575/173 201/576/173
s 0
f 202/577/174 205/578/174 204/579/174
f 203/580/175 206/581/175 202/582/175 204/583/175
f 205/584/176 202/585/176 206/586/176
f 205/587/177 207/588/177 204/589/177
f 207/590/178 205/591/178 206/592/178 208/593/178
s 1
f 203/594/17 208/595/17 206/596/17
f 207/597/179 203/598/179 204/599/179
f 207/600/180 208/601/180 203/602/180
s 0
f 209/603/181 212/604/181 210/605/181
f 209/606/182 211/607/182 212/608/182
s 1
f 209/609/183 210/610/183 211/611/183
f 211/612/184 210/613/184 212/614/184
s 0
f 214/615/185 215/616/185 219/617/185
f 214/618/186 213/619/186 215/616/186
f 215/620/187 213/621/187 221/622/187 216/623/187
f 215/624/188 216/623/188 217/625/188
f 220/626/189 218/627/189 219/628/189
f 218/629/190 214/615/190 219/617/190
f 221/622/191 213/621/191 214/630/191
f 218/631/192 220/632/192 222/633/192
s 1
f 217/634/193 220/635/193 219/636/193 215/637/193
f 214/638/194 218/639/194 222/640/194 221/641/194
f 221/642/195 217/643/195 216/644/195
f 220/645/196 217/646/196 221/647/196 222/648/196
s 0
f 128/649/197 183/650/197 185/651/197 134/652/197
f 185/651/198 183/650/198 184/653/198
f 132/654/199 130/655/199 131/656/199 225/657/199
f 225/657/200 227/658/200 226/659/200 132/654/200
f 134/660/201 226/659/201 227/658/201 128/661/201
f 186/662/202 228/663/202 184/653/202 183/650/202
f 177/664/203 228/663/203 186/662/203 229/665/203
f 178/666/204 177/664/204 229/665/204 189/667/204
f 231/668/205 230/669/205 233/670/205 232/671/205
f 231/668/206 234/672/206 235/673/206 230/669/206
f 234/672/207 236/674/207 237/675/207 235/673/207
f 237/675/208 236/674/208 239/676/208 238/677/208
f 238/677/209 239/676/209 131/678/209 130/679/209
s 1
f 232/680/17 223/681/17 189/682/17 229/683/17 186/684/17 183/685/17 128/686/17 227/687/17 225/688/17 131/689/17 239/690/17 236/691/17 234/692/17 231/693/17
f 130/694/1 132/695/1 226/696/1 134/697/1 185/698/1 184/699/1 228/700/1 177/701/1 178/702/1 224/703/1 233/704/1 230/705/1 235/706/1 237/707/1 238/708/1
f 189/709/210 223/710/210 224/711/210 178/712/210
f 233/713/211 224/714/211 223/715/211 232/716/211
s 0
f 244/717/212 240/718/212 241/719/212
f 244/720/213 241/719/213 246/721/213
f 240/718/214 244/717/214 245/722/214 248/723/214
f 241/724/215 242/725/215 247/726/215 246/727/215
f 248/728/216 242/725/216 240/729/216
f 242/725/217 241/724/217 240/729/217
f 249/730/218 242/725/218 248/728/218
s 1
f 247/731/219 243/732/219 245/733/219 244/734/219 246/735/219
f 249/736/220 243/737/220 247/738/220 242/739/220
f 248/740/221 245/741/221 243/742/221 249/743/221
s 0
f 251/744/222 248/745/222 250/746/222 253/747/222
f 252/748/223 249/749/223 248/745/223 251/744/223
f 250/746/224 254/750/224 253/747/224
s 1
f 249/751/225 252/752/225 251/753/225 253/754/225 254/755/225 250/756/225 248/757/225
f 256/758/226 255/759/226 257/760/226
s 0
f 258/761/227 260/762/227 261/763/227 259/764/227
f 267/765/228 265/766/228 266/767/228 268/768/228
f 264/769/229 269/770/229 270/771/229 263/772/229
f 270/771/230 269/770/230 284/773/230 283/774/230
f 262/775/231 274/776/231 273/777/231
f 274/776/232 262/775/232 280/778/232
f 275/779/233 276/780/233 272/781/233 271/782/233
f 277/783/234 280/778/234 262/784/234 278/785/234
f 279/786/235 281/787/235 266/767/235 265/766/235
f 282/788/236 281/787/236 279/786/236
f 282/788/237 279/786/237 278/789/237
f 276/780/238 275/779/238 283/790/238 284/791/238
f 285/792/239 262/775/239 273/777/239 271/793/239 272/794/239
f 279/786/240 277/795/240 278/796/240
s 1
f 278/797/241 262/798/241 285/799/241 272/800/241 276/801/241 284/802/241 269/803/241 264/804/241 268/805/241 266/806/241 281/807/241 282/808/241
f 279/809/242 265/810/242 267/811/242 263/812/242 270/813/242 283/814/242 275/815/242 271/816/242 273/817/242 274/818/242 280/819/242 277/820/242
s 0
f 263/772/243 267/821/243 268/822/243 264/769/243
f 286/823/244 288/824/244 287/825/244
f 296/826/245 293/827/245 292/828/245 295/829/245
f 296/826/246 297/830/246 293/827/246
f 292/831/247 289/832/247 298/833/247
f 289/832/248 299/834/248 298/833/248
f 290/835/249 300/836/249 289/837/249
f 289/837/250 294/838/250 293/839/250
f 294/840/251 292/828/251 293/827/251
f 291/841/252 293/839/252 297/842/252 301/843/252
f 291/844/253 289/837/253 293/839/253
f 294/845/254 289/832/254 292/846/254
f 291/844/255 290/847/255 289/837/255
f 299/834/256 289/832/256 300/848/256
f 290/847/257 291/841/257 301/843/257
s 1
f 297/849/258 296/850/258 295/851/258 292/852/258 298/853/258 299/854/258 300/855/258 290/856/258 301/857/258
s 0
f 304/858/259 302/859/259 303/860/259
f 302/859/260 305/861/260 303/860/260
f 305/862/261 302/863/261 306/864/261 307/865/261
f 308/866/262 302/867/262 304/868/262
f 302/869/263 308/870/263 306/864/263
s 1
f 303/871/1 305/872/1 307/873/1
f 308/874/264 304/875/264 303/876/264
f 308/877/265 303/878/265 307/879/265 306/880/265
s 0
f 313/881/266 309/882/266 311/883/266
f 314/884/267 309/885/267 313/886/267
s 1
f 312/887/268 310/888/268 311/889/268 309/890/268
f 310/891/269 312/892/269 309/893/269 314/894/269
f 313/895/270 311/896/270 310/897/270 314/898/270
s 0
f 317/899/271 319/900/271 318/901/271
f 317/902/272 318/903/272 320/904/272 321/905/272
f 322/906/273 319/900/273 317/907/273 323/908/273
f 320/909/274 325/910/274 324/911/274 321/912/274
f 327/913/275 328/914/275 326/915/275 324/911/275 325/910/275
f 326/915/276 328/914/276 329/916/276 331/917/276
f 330/918/277 315/919/277 322/920/277 323/921/277
f 315/919/278 330/918/278 332/922/278
f 331/923/279 329/916/279 333/924/279
f 334/925/280 315/919/280 332/926/280 331/927/280 333/928/280
s 1
f 323/929/17 317/930/17 321/931/17 324/932/17 326/933/17 331/934/17 332/935/17 330/936/17
f 315/937/281 316/938/281 327/939/281 325/940/281 320/941/281 318/942/281 319/943/281 322/944/281
f 316/945/282 315/946/282 334/947/282 333/948/282
f 329/949/283 328/950/283 327/951/283 316/952/283 333/953/283
s 0
f 152/954/284 336/955/284 156/956/284
f 337/957/285 152/954/285 156/958/285
f 152/954/286 337/957/286 3/959/286 154/960/286 160/961/286
f 152/962/287 160/963/287 338/964/287
f 339/965/288 336/966/288 152/962/288 338/964/288 340/967/288 341/968/288
f 341/969/289 340/970/289 342/971/289 343/972/289
f 344/973/290 343/972/290 342/971/290 345/974/290
f 4/975/291 3/976/291 346/977/291 347/978/291
f 3/979/292 4/975/292 154/960/292
f 347/978/293 346/977/293 348/980/293 358/981/293
f 352/982/294 350/983/294 351/984/294 349/985/294
f 349/985/295 351/984/295 344/986/295 353/987/295
f 353/987/296 344/988/296 345/989/296
f 350/983/297 352/982/297 355/990/297 354/991/297
f 354/991/298 355/990/298 357/992/298 356/993/298
f 356/993/299 357/992/299 358/994/299 348/995/299
s 1
f 353/996/17 345/997/17 342/998/17 340/999/17 338/1000/17 160/1001/17 154/1002/17 4/1003/17 347/1004/17 358/1005/17 357/1006/17 355/1007/17 352/1008/17 349/1009/17
f 348/1010/300 346/1011/300 3/1012/300 337/1013/300 156/1014/300 335/1015/300 341/1016/300 343/1017/300 344/1018/300 351/1019/300 350/1020/300 354/1021/300 356/1022/300
f 336/1023/301 339/1024/301 335/1025/301 156/1026/301
f 335/1027/302 339/1028/302 341/1029/302
s 0
f 361/1030/303 362/1031/303 360/1032/303
f 361/1033/304 360/1032/304 364/1034/304 363/1035/304
f 367/1036/305 368/1037/305 366/1038/305 365/1039/305
f 368/1040/306 367/1036/306 369/1041/306
f 364/1042/307 359/1043/307 363/1035/307
f 372/1044/308 371/1045/308 370/1046/308 359/1047/308
f 370/1046/309 371/1045/309 365/1039/309 366/1038/309
f 372/1048/310 359/1049/310 364/1050/310
s 1
f 364/1051/17 360/1052/17 362/1053/17 369/1054/17 367/1055/17 365/1056/17 371/1057/17 372/1058/17
f 361/1059/311 363/1060/311 359/1061/311 370/1062/311 366/1063/311 368/1064/311
f 362/1065/312 361/1066/312 368/1067/312 369/1068/312
s 0
f 373/1069/313 379/1070/313 378/1071/313
f 381/1072/314 380/1073/314 373/1069/314 378/1071/314
f 277/1074/315 373/1075/315 380/1076/315 384/1077/315
f 277/1074/316 377/1078/316 373/1075/316
f 377/1078/317 376/1079/317 373/1075/317
f 373/1080/318 376/1081/318 382/1082/318 379/1083/318
f 376/1081/319 383/1084/319 382/1082/319
f 383/1084/320 376/1081/320 377/1085/320 385/1086/320
f 278/1087/321 277/1088/321 282/1089/321
f 281/1090/322 282/1089/322 277/1088/322
f 279/1091/323 281/1092/323 277/1088/323
f 386/1093/324 377/1085/324 277/1094/324 278/1095/324
f 384/1077/325 279/1096/325 277/1074/325
f 377/1085/326 386/1093/326 385/1086/326
f 281/1097/327 279/1096/327 375/1098/327 387/1099/327
f 279/1096/328 384/1077/328 375/1100/328
s 1
f 387/1101/329 375/1102/329 374/1103/329 381/1104/329 378/1105/329 379/1106/329 382/1107/329 383/1108/329 385/1109/329 386/1110/329 278/1111/329 282/1112/329 281/1113/329
f 381/1114/330 374/1115/330 384/1116/330 380/1117/330
f 384/1118/331 374/1119/331 375/1120/331
s 0
f 389/1121/332 397/1122/332 393/1123/332
f 389/1124/333 393/1125/333 394/1126/333
f 392/1127/334 395/1128/334 390/1129/334 391/1130/334
f 391/1131/335 390/1129/335 388/1132/335
f 391/1133/336 388/1132/336 389/1124/336 394/1126/336
f 388/1132/337 390/1129/337 389/1124/337
f 389/1124/338 390/1129/338 395/1128/338 396/1134/338
f 397/1135/339 389/1124/339 396/1134/339
s 1
f 392/1136/340 391/1137/340 394/1138/340 393/1139/340 397/1140/340 396/1141/340 395/1142/340
s 0
f 398/1143/341 402/1144/341 403/1145/341
f 402/1146/342 398/1147/342 404/1148/342
f 405/1149/343 400/1150/343 404/1151/343 398/1147/343 408/1152/343
f 406/1153/344 398/1143/344 403/1145/344 407/1154/344
f 408/1155/345 398/1143/345 406/1153/345
s 1
f 405/1156/346 408/1157/346 400/1158/346
f 402/1159/347 399/1160/347 407/1161/347 403/1162/347
f 400/1163/348 401/1164/348 399/1165/348 402/1166/348 404/1167/348
f 407/1168/349 399/1169/349 401/1170/349 400/1171/349 408/1172/349 406/1173/349
s 0
f 414/1174/350 409/1175/350 413/1176/350
f 411/1177/351 409/1175/351 410/1178/351
f 409/1175/352 414/1179/352 415/1180/352
f 416/1181/353 410/1178/353 409/1175/353 415/1180/353
f 409/1182/354 411/1183/354 417/1184/354 413/1185/354
f 192/1186/355 195/1187/355 417/1188/355 411/1189/355
f 192/1186/356 411/1189/356 418/1190/356
f 410/1191/357 416/1192/357 418/1193/357
f 411/1194/358 410/1195/358 418/1190/358
s 1
f 192/1196/359 412/1197/359 414/1198/359 413/1199/359 417/1200/359 195/1201/359
f 414/1202/360 412/1203/360 418/1204/360 416/1205/360 415/1206/360
f 418/1207/361 412/1208/361 192/1209/361
s 0
f 423/1210/362 424/1211/362 425/1212/362
f 425/1213/363 422/1214/363 421/1215/363 426/1216/363
f 426/1216/364 423/1210/364 425/1217/364
s 1
f 421/1218/1 420/1219/1 419/1220/1 424/1221/1 423/1222/1 426/1223/1
f 422/1224/365 425/1225/365 419/1226/365 420/1227/365
f 419/1228/366 425/1229/366 424/1230/366
s 0
f 422/1214/367 420/1231/367 421/1215/367
f 432/1232/368 427/1233/368 428/1234/368 431/1235/368
f 431/1235/369 428/1234/369 433/1236/369
f 428/1237/370 434/1238/370 433/1239/370
f 428/1237/371 429/1240/371 435/1241/371 434/1238/371
f 436/1242/372 435/1241/372 429/1240/372
f 436/1243/373 429/1240/373 437/1244/373
f 427/1245/374 437/1246/374 429/1247/374
f 428/1234/375 427/1233/375 429/1247/375
s 1
f 435/1248/376 430/1249/376 431/1250/376 433/1251/376 434/1252/376
f 436/1253/377 430/1254/377 435/1255/377
f 427/1256/378 431/1257/378 430/1258/378 436/1259/378 437/1260/378
f 432/1261/379 431/1262/379 427/1263/379
s 0
f 440/1264/380 441/1265/380 439/1266/380
f 441/1267/381 440/1268/381 442/1269/381
f 441/1270/382 442/1269/382 444/1271/382 443/1272/382
f 443/1273/383 444/1274/383 446/1275/383 445/1276/383
f 445/1276/384 446/1275/384 449/1277/384 448/1278/384 447/1279/384
f 450/1280/385 448/1278/385 449/1277/385
f 440/1281/386 451/1282/386 452/1283/386
s 1
f 438/1284/17 439/1285/17 441/1286/17 443/1287/17 445/1288/17 447/1289/17
f 444/1290/1 442/1291/1 440/1292/1 452/1293/1 450/1294/1 449/1295/1 446/1296/1
f 438/1297/387 447/1298/387 448/1299/387 450/1300/387 452/1301/387
f 451/1302/388 439/1303/388 438/1304/388 452/1305/388
s 0
f 440/1306/389 439/1307/389 451/1308/389
f 458/1309/390 453/1310/390 455/1311/390
f 459/1312/391 454/1313/391 460/1314/391 456/1315/391
f 461/1316/392 453/1317/392 458/1318/392
f 461/1319/393 462/1320/393 453/1317/393
f 453/1321/394 462/1322/394 463/1323/394
f 464/1324/395 455/1311/395 453/1325/395
f 466/1326/396 465/1327/396 455/1311/396 464/1328/396
f 465/1329/397 454/1330/397 455/1311/397
f 458/1331/398 455/1311/398 454/1330/398 459/1332/398
f 467/1333/399 460/1334/399 454/1335/399 465/1336/399
s 1
f 459/1337/400 456/1338/400 461/1339/400 458/1340/400
f 465/1341/401 466/1342/401 464/1343/401 453/1344/401 463/1345/401 457/1346/401 467/1347/401
f 463/1348/402 462/1349/402 461/1350/402 456/1351/402 457/1352/402
f 467/1353/403 457/1354/403 456/1355/403 460/1356/403
s 0
f 469/1357/404 468/1358/404 470/1359/404
s 1
f 472/1360/405 58/1361/405 473/1362/405 470/1363/405 471/1364/405
s 0
f 469/1357/406 470/1365/406 475/1366/406
f 471/1367/407 470/1368/407 468/1369/407
s 1
f 469/1370/408 59/1371/408 60/1372/408 472/1373/408 471/1374/408 468/1375/408
s 0
f 472/1376/409 60/1377/409 58/1378/409
f 58/1379/410 48/1380/410 473/1381/410
f 473/1381/411 48/1380/411 470/1382/411
s 1
f 48/1383/412 59/1384/412 469/1385/412 475/1386/412 474/1387/412
s 0
f 474/1388/413 470/1382/413 48/1389/413
f 470/1382/414 474/1388/414 475/1366/414
f 476/1390/415 477/1391/415 478/1392/415 479/1393/415
f 480/1394/416 481/1395/416 482/1396/416
f 479/1397/417 478/1398/417 482/1399/417 481/1400/417
s 1
f 478/1401/418 477/1402/418 476/1403/418 480/1404/418 482/1405/418
f 480/1406/419 476/1407/419 479/1408/419 481/1409/419
s 0
f 485/1410/420 486/1411/420 487/1412/420
f 487/1413/421 488/1414/421 485/1415/421
f 488/1414/422 487/1416/422 489/1417/422
s 1
f 487/1418/423 486/1419/423 484/1420/423 489/1421/423
f 485/1422/424 484/1423/424 486/1424/424
f 489/1425/425 484/1426/425 485/1427/425 488/1428/425
s 0
f 493/1429/426 491/1430/426 492/1431/426
f 494/1432/427 492/1433/427 491/1430/427
f 495/1434/428 496/1435/428 497/1436/428
f 498/1437/429 501/1438/429 500/1439/429 499/1440/429
f 501/1438/430 498/1441/430 502/1442/430
f 108/1443/431 503/1444/431 504/1445/431
f 108/1443/432 505/1446/432 503/1444/432
f 505/1446/433 108/1443/433 117/1447/433 496/1435/433 495/1434/433
f 499/1448/434 128/1449/434 134/1450/434 498/1451/434
f 108/1443/435 504/1445/435 127/1452/435
s 1
f 499/1453/436 500/1454/436 490/1455/436 497/1456/436 496/1457/436 117/1458/436 126/1459/436 128/1460/436
f 134/1461/1 127/1462/1 504/1463/1 503/1464/1 505/1465/1 495/1466/1 494/1467/1 491/1468/1 493/1469/1 502/1470/1 498/1471/1
f 497/1472/437 490/1473/437 492/1474/437 494/1475/437 495/1476/437
f 492/1477/438 490/1478/438 500/1479/438 501/1480/438 502/1481/438 493/1482/438
s 0
f 506/1483/439 508/1484/439 507/1485/439 213/1486/439
f 213/1486/440 507/1485/440 214/1487/440
f 215/1488/441 213/1489/441 214/1490/441 218/1491/441
f 213/1489/442 215/1492/442 509/1493/442
f 506/1494/443 213/1489/443 509/1495/443
f 509/1496/444 510/1497/444 506/1483/444
f 512/1498/445 508/1484/445 506/1483/445 510/1497/445 511/1499/445
f 513/1500/446 207/1501/446 205/1502/446
f 219/1503/447 218/1491/447 205/1504/447 206/1505/447
f 215/1506/448 218/1491/448 219/1503/448
s 1
f 219/1507/17 206/1508/17 208/1509/17 511/1510/17 510/1511/17 509/1512/17 215/1513/17
f 218/1514/449 214/1515/449 507/1516/449 508/1517/449 512/1518/449 513/1519/449 205/1520/449
f 208/1521/450 207/1522/450 513/1523/450
f 513/1524/451 512/1525/451 511/1526/451 208/1527/451
s 0
f 517/1528/452 515/1529/452 516/1530/452
f 516/1530/453 515/1529/453 518/1531/453
s 1
f 518/1532/454 514/1533/454 517/1534/454 516/1535/454
f 517/1536/455 514/1537/455 515/1538/455
f 514/1539/456 518/1540/456 515/1541/456
s 0
f 521/1542/457 519/1543/457 522/1544/457
f 523/1545/458 519/1543/458 521/1542/458
f 519/1546/459 411/1547/459 522/1548/459
f 524/1549/460 411/1547/460 519/1546/460 523/1550/460 525/1551/460
f 526/1552/461 411/1553/461 527/1554/461
f 411/1547/462 524/1549/462 527/1555/462
s 1
f 526/1556/463 520/1557/463 521/1558/463 522/1559/463 411/1560/463
f 527/1561/464 524/1562/464 525/1563/464 520/1564/464 526/1565/464
f 521/1566/465 520/1567/465 525/1568/465 523/1569/465
s 0
f 359/1570/466 529/1571/466 530/1572/466 372/1573/466
f 359/1574/467 364/1575/467 531/1576/467
f 535/1577/468 532/1578/468 531/1579/468 364/1580/468 533/1581/468
f 532/1582/469 535/1583/469 534/1584/469
f 535/1585/470 533/1581/470 528/1586/470
s 1
f 372/1587/471 530/1588/471 528/1589/471 533/1590/471 364/1591/471
f 532/1592/472 534/1593/472 529/1594/472 359/1595/472 531/1596/472
f 535/1597/473 528/1598/473 534/1599/473
f 528/1600/474 530/1601/474 529/1602/474 534/1603/474
s 0
f 255/1604/475 538/1605/475 537/1606/475
f 538/1607/476 255/1608/476 539/1609/476
f 536/1610/477 538/1607/477 539/1609/477
s 1
f 536/1611/478 537/1612/478 538/1613/478
f 255/1614/479 537/1615/479 536/1616/479 539/1617/479
s 0
f 541/1618/480 540/1619/480 544/1620/480
f 540/1619/481 542/1621/481 544/1620/481
f 540/1619/482 541/1622/482 543/1623/482
f 542/1624/483 540/1625/483 543/1626/483
s 1
f 545/1627/484 546/1628/484 541/1629/484 544/1630/484
f 545/1631/485 544/1632/485 542/1633/485
f 547/1634/486 546/1635/486 545/1636/486 542/1637/486 548/1638/486
f 546/1639/487 547/1640/487 543/1641/487 541/1642/487
s 0
f 547/1643/488 548/1644/488 543/1645/488
f 548/1644/489 542/1624/489 543/1645/489
f 500/1646/490 498/1647/490 499/1648/490
f 498/1649/491 550/1650/491 499/1651/491
f 550/1650/492 498/1652/492 421/1653/492 422/1654/492 549/1655/492
s 1
f 549/1656/493 500/1657/493 499/1658/493 550/1659/493
f 498/1660/494 502/1661/494 420/1662/494 421/1663/494
f 500/1664/495 549/1665/495 422/1666/495 420/1667/495 502/1668/495
s 0
f 500/1669/496 502/1670/496 498/1671/496
f 554/1672/497 552/1673/497 553/1674/497
f 554/1672/498 553/1674/498 555/1675/498 556/1676/498
f 557/1677/499 556/1678/499 555/1679/499
f 558/1680/500 556/1681/500 557/1677/500
s 1
f 553/1682/501 552/1683/501 551/1684/501 558/1685/501 557/1686/501 555/1687/501
f 558/1688/502 551/1689/502 554/1690/502 556/1691/502
f 551/1692/503 552/1693/503 554/1694/503
s 0
f 562/1695/504 561/1696/504 559/1697/504
f 562/1695/505 559/1697/505 563/1698/505
f 559/1699/506 560/1700/506 563/1701/506
f 559/1699/507 561/1702/507 560/1700/507
s 1
f 560/1703/508 561/1704/508 562/1705/508 563/1706/508
s 0
f 567/1707/509 564/1708/509 568/1709/509
f 568/1710/510 564/1708/510 566/1711/510 565/1712/510
f 564/1713/511 567/1714/511 566/1715/511
f 567/1716/512 569/1717/512 566/1715/512
f 566/1715/513 569/1717/513 570/1718/513
s 1
f 565/1719/514 566/1720/514 570/1721/514 568/1722/514
f 567/1723/515 568/1724/515 570/1725/515 569/1726/515
s 0
f 571/1727/516 574/1728/516 573/1729/516
f 575/1730/517 573/1731/517 574/1732/517
f 574/1728/518 571/1727/518 572/1733/518
s 1
f 572/1734/519 571/1735/519 575/1736/519 574/1737/519
f 571/1738/520 573/1739/520 575/1740/520
s 0
f 478/1741/521 578/1742/521 579/1743/521
f 578/1744/522 478/1745/522 576/1746/522
f 581/1747/523 580/1748/523 578/1749/523 576/1750/523
f 582/1751/524 581/1752/524 576/1753/524
f 576/1753/525 478/1754/525 583/1755/525
f 584/1756/526 582/1751/526 576/1753/526 583/1755/526 585/1757/526
s 1
f 478/1758/527 579/1759/527 577/1760/527 584/1761/527 585/1762/527 583/1763/527
f 577/1764/528 580/1765/528 581/1766/528 582/1767/528 584/1768/528
f 580/1769/529 577/1770/529 579/1771/529 578/1772/529
s 0
f 587/1773/530 586/1774/530 588/1775/530
f 587/1776/531 589/1777/531 586/1778/531
s 1
f 589/1779/532 588/1780/532 586/1781/532
s 0
f 589/1782/533 587/1776/533 590/1783/533
s 1
f 587/1784/534 588/1785/534 589/1786/534 590/1787/534
s 0
f 594/1788/535 595/1789/535 593/1790/535
f 595/1789/536 594/1791/536 596/1792/536
f 596/1792/537 594/1793/537 597/1794/537 599/1795/537 598/1796/537
f 600/1797/538 591/1798/538 601/1799/538
f 602/1800/539 591/1798/539 600/1797/539 598/1796/539 599/1795/539
f 601/1801/540 591/1802/540 603/1803/540
f 591/1802/541 604/1804/541 603/1805/541
f 591/1802/542 602/1806/542 604/1804/542
s 1
f 604/1807/1 592/1808/1 593/1809/1 595/1810/1 596/1811/1 598/1812/1 600/1813/1 601/1814/1 603/1815/1
f 599/1816/543 597/1817/543 592/1818/543 604/1819/543 602/1820/543
f 594/1821/6 593/1822/6 592/1823/6 597/1824/6
s 0
f 607/1825/544 608/1826/544 69/1827/544 606/1828/544
f 608/1829/545 607/1830/545 609/1831/545
s 1
f 69/1832/546 605/1833/546 609/1834/546 607/1835/546 606/1836/546
f 609/1837/547 605/1838/547 608/1839/547
f 605/1840/548 69/1841/548 608/1842/548
s 0
f 613/1843/549 610/1844/549 611/1845/549 612/1846/549
f 615/1847/550 614/1848/550 616/1849/550
f 617/1850/551 616/1851/551 614/1852/551
s 1
f 614/1853/552 615/1854/552 616/1855/552 617/1856/552
s 0
f 619/1857/553 623/1858/553 618/1859/553
f 623/1858/554 620/1860/554 618/1859/554
f 620/1861/555 619/1862/555 618/1863/555 621/1864/555
f 619/1862/556 620/1861/556 622/1865/556
f 623/1866/557 619/1867/557 622/1868/557 620/1869/557
s 1
f 618/1870/558 620/1871/558 621/1872/558
s 0
f 625/1873/559 624/1874/559 566/1875/559 626/1876/559
f 630/1877/560 628/1878/560 627/1879/560 629/1880/560
f 627/1879/561 628/1878/561 631/1881/561 632/1882/561
f 566/1875/562 634/1883/562 633/1884/562
f 634/1883/563 636/1885/563 635/1886/563 633/1884/563
f 636/1885/564 630/1887/564 629/1888/564 635/1886/564
f 634/1889/565 566/1875/565 624/1874/565
s 1
f 624/1890/17 625/1891/17 631/1892/17 628/1893/17 630/1894/17 636/1895/17 634/1896/17
f 626/1897/1 566/1898/1 633/1899/1 635/1900/1 629/1901/1 627/1902/1 632/1903/1
f 625/1904/566 626/1905/566 632/1906/566 631/1907/566
s 0
f 643/1908/567 644/1909/567 646/1910/567 645/1911/567
f 647/1912/568 643/1913/568 645/1911/568
f 648/1914/569 650/1915/569 649/1916/569
f 650/1915/570 648/1917/570 651/1918/570 652/1919/570
f 651/1918/571 641/1920/571 642/1921/571 652/1919/571
f 648/1922/572 654/1923/572 653/1924/572 655/1925/572
f 655/1925/573 653/1924/573 656/1926/573
f 657/1927/574 658/1928/574 646/1929/574 644/1930/574
f 648/1922/575 649/1931/575 659/1932/575
f 659/1932/576 660/1933/576 648/1922/576
f 654/1923/577 648/1922/577 660/1933/577
s 1
f 652/1934/578 642/1935/578 647/1936/578 645/1937/578 646/1938/578 658/1939/578 638/1940/578 637/1941/578 654/1942/578 660/1943/578 659/1944/578 649/1945/578 650/1946/578
f 644/1947/1 643/1948/1 641/1949/1 651/1950/1 648/1951/1 655/1952/1 656/1953/1 639/1954/1 640/1955/1 657/1956/1
f 654/1957/579 637/1958/579 639/1959/579 656/1960/579 653/1961/579
f 638/1962/580 640/1963/580 639/1964/580 637/1965/580
f 657/1966/581 640/1967/581 638/1968/581 658/1969/581
s 0
f 641/1920/582 643/1970/582 647/1971/582 642/1921/582
f 663/1972/583 45/1973/583 661/1974/583
f 45/1973/584 57/1975/584 661/1974/584
f 662/1976/585 138/1977/585 142/1978/585
f 51/1979/586 45/1980/586 663/1981/586 664/1982/586 140/1983/586
f 46/1984/587 45/1980/587 51/1985/587
f 45/1980/588 46/1986/588 52/1987/588 57/1988/588
f 52/1989/589 46/1990/589 138/1977/589 662/1976/589
f 138/1991/590 46/1992/590 51/1993/590
f 141/1994/591 138/1991/591 51/1995/591 140/1996/591
s 1
f 141/1997/592 661/1998/592 57/1999/592 52/2000/592 662/2001/592 142/2002/592
f 661/2003/593 664/2004/593 663/2005/593
f 664/2006/594 661/2007/594 141/2008/594 140/2009/594
s 0
f 196/2010/595 665/2011/595 198/2012/595
f 665/2011/596 196/2010/596 666/2013/596 675/2014/596
f 674/2015/597 666/2013/597 196/2016/597
f 196/2017/598 667/2018/598 199/2019/598
f 196/2020/599 198/2021/599 667/2018/599
f 198/2022/600 665/2023/600 668/2024/600
s 1
f 198/2025/601 669/2026/601 670/2027/601 199/2028/601 667/2029/601
s 0
f 669/2030/602 198/2022/602 668/2024/602
f 669/2031/603 668/2032/603 671/2033/603 670/2034/603
s 1
f 670/2035/604 671/2036/604 672/2037/604 674/2038/604 196/2039/604 199/2040/604
s 0
f 672/2041/605 671/2033/605 668/2032/605 673/2042/605
s 1
f 675/2043/606 666/2044/606 674/2045/606 672/2046/606 673/2047/606
s 0
f 668/2024/607 665/2023/607 675/2048/607 673/2049/607
f 676/2050/608 677/2051/608 670/2052/608
f 682/2053/609 681/2054/609 678/2055/609
f 685/2056/610 681/2057/610 682/2058/610 684/2059/610 683/2060/610
f 684/2059/611 680/2061/611 683/2060/611
s 1
f 678/2062/612 679/2063/612 680/2064/612 684/2065/612 682/2066/612
f 685/2067/613 678/2068/613 681/2069/613
f 683/2070/614 679/2071/615 678/2072/616 685/2073/616
f 680/2074/617 679/2071/615 683/2070/614
s 0
f 689/2075/618 687/2076/618 688/2077/618 320/2078/618 321/2079/618
f 691/2080/619 692/2081/619 693/2082/619 690/2083/619
f 317/2084/620 318/2085/620 693/2082/620 692/2081/620
f 696/2086/621 695/2087/621 694/2088/621
s 1
f 317/2089/17 692/2090/17 691/2091/17 686/2092/17 689/2093/17 321/2094/17
f 693/2095/622 318/2096/622 320/2097/622 688/2098/622 696/2099/622 694/2100/622 690/2101/622
f 687/2102/623 689/2103/623 686/2104/623 697/2105/623
f 697/2106/624 686/2107/624 691/2108/624 690/2109/624 694/2110/624 695/2111/624
s 0
f 696/2086/625 688/2112/625 687/2113/625 697/2114/625 695/2087/625
f 702/2115/626 698/2116/626 700/2117/626
f 701/2118/627 700/2119/627 698/2120/627
f 702/2121/628 703/2122/628 701/2118/628 698/2120/628
s 1
f 700/2123/629 699/2124/629 702/2125/629
f 703/2126/630 699/2127/630 700/2128/630 701/2129/630
f 703/2130/631 702/2131/631 699/2132/631
s 0
f 136/2133/632 135/2134/632 704/2135/632
f 706/2136/633 705/2137/633 707/2138/633
f 144/2139/634 46/2140/634 138/2141/634
f 144/2142/635 138/2141/635 142/2143/635
f 142/2143/636 138/2141/636 705/2144/636 143/2145/636
f 138/2141/637 47/2146/637 705/2144/637
f 705/2137/638 47/2147/638 707/2138/638
f 708/2148/639 707/2138/639 47/2147/639
f 46/2149/640 144/2150/640 708/2148/640 47/2147/640
f 47/2146/641 138/2141/641 46/2140/641
s 1
f 143/2151/642 705/2152/642 706/2153/642
f 708/2154/643 144/2155/643 142/2156/643 143/2157/643 706/2158/643 707/2159/643
s 0
f 709/2160/644 717/2161/644 715/2162/644 714/2163/644 433/2164/644
f 429/2165/645 436/2166/645 713/2167/645
f 712/2168/646 428/2169/646 429/2170/646
f 714/2163/647 715/2162/647 249/2171/647 252/2172/647
f 716/2173/648 242/2174/648 715/2175/648
f 709/2176/649 428/2177/649 712/2178/649
f 709/2179/650 433/2180/650 428/2177/650
f 249/2171/651 715/2162/651 242/2181/651
s 1
f 252/2182/652 249/2183/652 710/2184/652 435/2185/652 434/2186/652 433/2187/652 714/2188/652
f 429/2189/653 713/2190/653 711/2191/653 716/2192/653 715/2193/653 717/2194/653 709/2195/653 712/2196/653
f 716/2197/654 711/2198/655 710/2199/656 249/2200/654 242/2201/654
f 435/2202/657 710/2199/656 711/2198/655 713/2203/657 436/2204/657
s 0
f 436/2205/658 429/2206/658 428/2169/658 433/2207/658 434/2208/658 435/2209/658
f 398/2210/659 408/2211/659 720/2212/659
f 402/2213/660 404/2214/660 405/2215/660 408/2216/660 398/2217/660
f 400/2218/661 405/2215/661 404/2214/661
f 718/2219/662 398/2210/662 720/2212/662
f 721/2220/663 718/2219/663 720/2212/663
f 402/2221/664 398/2210/664 718/2219/664
f 718/2219/665 722/2222/665 402/2223/665
f 718/2219/666 721/2220/666 722/2222/666
s 1
f 719/2224/667 721/2225/667 720/2226/667 408/2227/667 405/2228/667 400/2229/667
f 404/2230/668 719/2231/668 400/2232/668
f 719/2233/669 404/2234/669 402/2235/669 722/2236/669 721/2237/669
s 0
f 726/2238/670 531/2239/670 727/2240/670 728/2241/670
f 728/2241/671 727/2240/671 532/2242/671 535/2243/671 528/2244/671
f 732/2245/672 535/2243/672 729/2246/672 731/2247/672 730/2248/672
f 731/2247/673 733/2249/673 734/2250/673 730/2248/673
f 725/2251/674 736/2252/674 735/2253/674
f 725/2251/675 738/2254/675 531/2255/675 737/2256/675 736/2252/675
f 726/2257/676 737/2256/676 531/2258/676
f 532/2259/677 739/2260/677 535/2261/677
f 739/2260/678 729/2262/678 535/2261/678
f 733/2249/679 723/2263/679 734/2264/679
f 741/2265/680 724/2266/680 740/2267/680
f 740/2267/681 724/2266/681 723/2268/681 733/2269/681
f 723/2270/682 742/2271/682 734/2272/682
f 724/2273/683 725/2274/683 735/2275/683
f 743/2276/684 723/2268/684 724/2277/684
f 742/2278/685 723/2268/685 743/2276/685
s 1
f 737/2279/686 726/2280/686 728/2281/686 528/2282/686 732/2283/686 730/2284/686 734/2285/686 742/2286/686 743/2287/686 724/2288/686 735/2289/686 736/2290/686
f 532/2291/1 727/2292/1 531/2293/1 738/2294/1 741/2295/1 740/2296/1 733/2297/1 731/2298/1 729/2299/1 739/2300/1
f 535/2301/687 732/2302/687 528/2303/687
s 0
f 724/2266/688 741/2304/688 738/2305/688 725/2274/688
f 744/2306/689 747/2307/689 746/2308/689
f 745/2309/690 746/2310/690 747/2311/690
s 1
f 744/2312/691 746/2313/691 745/2314/691
f 744/2315/692 745/2316/692 747/2317/692
s 0
f 32/2318/693 749/2319/693 748/2320/693
f 749/2321/694 32/2318/694 33/2322/694
f 749/2323/695 33/2324/695 753/2325/695 750/2326/695
f 752/2327/696 749/2328/696 750/2326/696 751/2329/696
f 538/2330/697 32/2331/697 255/2332/697
f 255/2332/698 32/2331/698 748/2333/698 256/2334/698
f 33/2335/699 32/2331/699 538/2330/699
f 753/2336/700 33/2335/700 538/2330/700
s 1
f 538/2337/701 537/2338/701 752/2339/701 751/2340/701 750/2341/701 753/2342/701
f 748/2343/702 749/2344/702 256/2345/702
f 749/2346/703 752/2347/703 537/2348/703 255/2349/703 256/2350/703
s 0
f 148/2351/704 145/2352/704 755/2353/704 756/2354/704
s 1
f 755/2355/1 754/2356/1 756/2357/1
f 756/2358/133 754/2359/133 147/2360/133 148/2361/133
f 145/2362/705 147/2363/705 754/2364/705 755/2365/705
s 0
f 757/2366/706 760/2367/706 761/2368/706
f 759/2369/707 757/2366/707 761/2368/707
f 760/2370/708 757/2371/708 762/2372/708
f 757/2373/709 764/2374/709 763/2375/709
f 757/2373/710 759/2376/710 764/2374/710
f 757/2371/711 758/2377/711 766/2378/711 762/2379/711
f 758/2380/712 757/2373/712 763/2381/712 765/2382/712
f 766/2383/713 758/2384/713 767/2385/713
f 758/2386/714 765/2387/714 767/2388/714
s 1
f 759/2389/715 761/2390/715 760/2391/715 762/2392/715 766/2393/715 767/2394/715 765/2395/715 763/2396/715
f 759/2397/716 763/2398/716 764/2399/716
s 0
f 769/2400/717 170/2401/717 162/2402/717
s 1
f 768/2403/718 769/2404/718 162/2405/718 172/2406/718 173/2407/718
f 768/2408/719 173/2409/719 170/2410/719
f 170/2411/720 769/2412/720 768/2413/720
f 770/2414/721 66/2415/721 771/2416/721
s 0
f 272/2417/722 271/2418/722 773/2419/722 772/2420/722 774/2421/722
f 284/2422/723 275/2423/723 276/2424/723
f 284/2425/724 283/2426/724 275/2427/724
f 283/2426/725 284/2428/725 775/2429/725
f 284/2430/726 776/2431/726 775/2432/726
f 772/2420/727 778/2433/727 779/2434/727 780/2435/727 777/2436/727 774/2437/727
f 781/2438/728 777/2439/728 780/2440/728
f 782/2441/729 783/2442/729 781/2438/729 780/2440/729
f 782/2441/730 776/2431/730 284/2430/730 783/2442/730
s 1
f 284/2443/17 276/2444/17 272/2445/17 774/2446/17 777/2447/17 781/2448/17 783/2449/17
f 772/2450/731 773/2451/731 271/2452/731 275/2453/731 283/2454/731 775/2455/731 776/2456/731 782/2457/731 780/2458/731 779/2459/731 778/2460/731
s 0
f 787/2461/732 786/2462/732 684/2463/732 682/2464/732 681/2465/732
f 787/2466/733 784/2467/733 786/2462/733
f 784/2468/734 464/2469/734 786/2470/734
f 455/2471/735 786/2470/735 464/2469/735
f 786/2472/736 455/2473/736 788/2474/736 684/2475/736
f 788/2474/737 455/2473/737 789/2476/737
f 790/2477/738 784/2467/738 787/2478/738
f 464/2469/739 784/2479/739 792/2480/739
f 464/2481/740 789/2476/740 455/2473/740
f 792/2480/741 784/2479/741 790/2482/741 791/2483/741
s 1
f 464/2484/742 792/2485/742 791/2486/743 785/2487/744 678/2488/742 682/2489/742 684/2490/742 788/2491/742 789/2492/742
f 791/2493/743 790/2494/745 787/2495/745 785/2496/744
f 787/2497/746 681/2498/746 678/2499/746 785/2500/746
s 0
f 452/2501/747 451/2502/747 793/2503/747
f 794/2504/748 793/2505/748 451/2506/748
s 1
f 794/2507/1 452/2508/1 793/2509/1
f 451/2510/749 452/2511/749 794/2512/749
s 0
f 800/2513/750 30/2514/750 799/2515/750
f 29/2516/751 30/2514/751 800/2513/751
f 801/2517/752 30/2514/752 29/2516/752 40/2518/752
f 796/2519/753 30/2514/753 801/2517/753
f 799/2515/754 30/2514/754 796/2519/754 795/2520/754
f 66/2521/755 795/2522/755 803/2523/755 802/2524/755
f 66/2521/756 802/2524/756 798/2525/756
f 37/2526/757 35/2527/757 28/2528/757 805/2529/757
f 806/2530/758 35/2527/758 37/2526/758
f 29/2516/759 34/2531/759 35/2527/759 806/2530/759 40/2518/759
f 795/2532/760 796/2519/760 803/2533/760
f 805/2534/761 28/2535/761 804/2536/761
s 1
f 795/2537/762 66/2538/762 797/2539/762 804/2540/762 28/2541/762 35/2542/762 34/2543/762 29/2544/762 800/2545/762 799/2546/762
f 40/2547/763 806/2548/763 37/2549/763 798/2550/763 802/2551/763 803/2552/763 796/2553/763 801/2554/763
f 66/2555/764 798/2556/764 797/2557/764
f 804/2558/765 797/2559/765 798/2560/765 37/2561/765 805/2562/765
s 0
f 646/2563/766 644/2564/766 808/2565/766 807/2566/766
s 1
f 658/2567/17 646/2568/17 807/2569/17
f 657/2570/581 658/2571/581 807/2572/581 808/2573/581
f 657/2574/1 808/2575/1 644/2576/1
f 759/2577/767 809/2578/767 574/2579/767
s 0
f 813/2580/768 22/2581/768 810/2582/768
f 813/2583/769 810/2582/769 814/2584/769
f 814/2584/770 810/2582/770 22/2581/770
f 811/2585/771 814/2584/771 22/2581/771 21/2586/771 14/2587/771 815/2588/771
f 812/2589/772 815/2588/772 14/2587/772
s 1
f 21/2590/773 22/2591/773 813/2592/773 811/2593/773 812/2594/773 14/2595/773
f 811/2596/774 813/2597/774 814/2598/774
f 812/2599/775 811/2600/775 815/2601/775
s 0
f 818/2602/776 817/2603/776 816/2604/776
f 821/2605/777 822/2606/777 823/2607/777
f 825/2608/778 823/2607/778 822/2606/778 826/2609/778 824/2610/778
s 1
f 825/2611/779 820/2612/779 821/2613/779 823/2614/779
f 820/2615/780 827/2616/781 824/2617/782 826/2618/780 822/2619/780 821/2620/780
f 827/2621/781 820/2622/783 825/2623/783 824/2624/782
s 0
f 621/2625/784 619/2626/784 620/2627/784
f 618/2628/785 828/2629/785 619/2630/785
f 828/2629/786 829/2631/786 619/2630/786
f 619/2626/787 829/2632/787 622/2633/787
f 618/2634/788 619/2626/788 621/2625/788
f 831/2635/789 828/2636/789 618/2637/789
f 829/2638/790 828/2629/790 832/2639/790
f 830/2640/791 832/2641/791 828/2636/791 831/2635/791
s 1
f 618/2642/792 621/2643/792 620/2644/792 830/2645/792 831/2646/792
f 830/2647/793 829/2648/793 832/2649/793
f 830/2650/794 620/2651/794 622/2652/794 829/2653/794
s 0
f 468/2654/795 834/2655/795 459/2656/795
f 834/2655/796 468/2654/796 469/2657/796
f 833/2658/797 468/2659/797 454/2660/797 460/2661/797
f 459/2662/798 454/2663/798 468/2654/798
s 1
f 459/2664/17 834/2665/17 469/2666/17 456/2667/17
f 468/2668/799 833/2669/799 460/2670/799 456/2671/799 469/2672/799
s 0
f 477/2673/800 476/2674/800 836/2675/800 584/2676/800 585/2677/800
s 1
f 835/2678/801 476/2679/801 477/2680/801 585/2681/801 584/2682/801
f 476/2683/802 835/2684/802 836/2685/802
f 835/2686/528 584/2687/528 836/2688/528
s 0
f 425/2689/803 423/2690/803 421/2691/803 422/2692/803
f 425/2693/804 837/2694/804 423/2690/804
f 837/2694/805 425/2693/805 190/2695/805 191/2696/805
f 191/2697/806 190/2698/806 838/2699/806 184/2700/806
f 185/2701/807 184/2700/807 838/2699/807 183/2702/807
s 1
f 128/2703/808 183/2704/808 838/2705/808 190/2706/808 549/2707/808 550/2708/808 499/2709/808
f 425/2710/809 422/2711/809 549/2712/809
f 184/2713/1 185/2714/1 134/2715/1 498/2716/1 421/2717/1 423/2718/1 837/2719/1 191/2720/1
f 190/2721/810 425/2722/810 549/2723/810
s 0
f 839/2724/811 26/2725/811 840/2726/811
f 841/2727/812 26/2728/812 839/2729/812
s 1
f 839/2730/813 840/2731/813 26/2732/813 841/2733/813
s 0
f 843/2734/814 842/2735/814 844/2736/814
f 844/2736/815 842/2737/815 846/2738/815 845/2739/815
f 847/2740/816 845/2739/816 846/2738/816 848/2741/816
f 847/2742/817 848/2741/817 849/2743/817
f 850/2744/818 847/2745/818 849/2746/818
f 850/2744/819 849/2747/819 851/2748/819 115/2749/819
f 115/2750/820 851/2751/820 852/2752/820
f 852/2752/821 851/2753/821 345/2754/821 344/2755/821
f 853/2756/822 341/2757/822 344/2758/822 345/2759/822
f 855/2760/823 854/2761/823 341/2762/823 340/2763/823
f 341/2764/824 853/2756/824 340/2763/824
s 1
f 345/2765/825 851/2766/825 849/2767/825 848/2768/825 846/2769/825 854/2770/825 855/2771/825 340/2772/825 853/2773/825
f 341/2774/826 842/2775/826 843/2776/826 844/2777/826 845/2778/826 847/2779/826 850/2780/826 115/2781/826 852/2782/826 344/2783/826
f 846/2784/827 842/2785/827 341/2786/827 854/2787/827
s 0
f 746/2788/828 747/2789/828 614/2790/828 617/2791/828 856/2792/828
f 856/2793/829 617/2794/829 616/2795/829
s 1
f 614/2796/830 747/2797/830 615/2798/830
f 615/2799/831 747/2800/831 745/2801/831
f 615/2802/832 745/2803/832 746/2804/832 856/2805/832 616/2806/832
s 0
f 860/2807/833 859/2808/833 857/2809/833
f 863/2810/834 862/2811/834 864/2812/834 861/2813/834 860/2814/834 857/2815/834
f 865/2816/835 864/2812/835 862/2811/835
s 1
f 857/2817/836 859/2818/836 858/2819/836 865/2820/836 862/2821/836 863/2822/836
f 860/2823/837 861/2824/837 858/2825/837 859/2826/837
f 864/2827/838 865/2828/838 858/2829/838 861/2830/838
s 0
f 869/2831/839 866/2832/839 506/2833/839 870/2834/839
f 868/2835/840 870/2836/840 506/2837/840 871/2838/840
f 302/2839/841 866/2832/841 869/2840/841 306/2841/841
f 866/2842/842 302/2843/842 873/2844/842 868/2845/842
f 506/2846/843 866/2842/843 868/2845/843 871/2847/843
f 302/2848/844 872/2849/844 873/2850/844
f 872/2849/845 302/2851/845 306/2852/845
s 1
f 872/2853/846 867/2854/846 868/2855/846 873/2856/846
f 306/2857/847 867/2858/848 872/2859/849
f 869/2860/850 868/2861/850 867/2858/848 306/2862/847
f 868/2863/851 869/2864/851 870/2865/851
s 0
f 738/2866/852 725/2867/852 876/2868/852
f 876/2869/853 725/2870/853 877/2871/853
f 724/2872/854 725/2867/854 738/2866/854 878/2873/854
f 879/2874/855 877/2871/855 725/2870/855 724/2875/855
f 879/2874/856 724/2875/856 880/2876/856
f 880/2876/857 724/2875/857 881/2877/857
f 724/2875/858 874/2878/858 881/2879/858
f 881/2880/859 874/2881/859 741/2882/859 882/2883/859
f 878/2873/860 741/2884/860 724/2872/860
f 724/2885/861 741/2886/861 874/2881/861
s 1
f 738/2887/862 876/2888/862 875/2889/862 882/2890/862 741/2891/862 878/2892/862
f 881/2893/863 875/2894/863 876/2895/863 877/2896/863 879/2897/863 880/2898/863
f 875/2899/864 881/2900/864 882/2901/864
s 0
f 884/2902/865 683/2903/865 684/2904/865
f 885/2905/866 787/2906/866 786/2907/866
f 786/2908/867 684/2909/867 886/2910/867
f 886/2910/868 684/2911/868 683/2912/868 887/2913/868
f 884/2902/869 684/2904/869 682/2914/869 681/2915/869 685/2916/869
s 1
f 887/2917/17 883/2918/17 885/2919/17 786/2920/17 886/2921/17
f 681/2922/870 787/2923/870 885/2924/870 883/2925/870 685/2926/870
f 683/2927/871 884/2928/871 685/2929/871 883/2930/871 887/2931/871
s 0
f 890/2932/872 889/2933/872 891/2934/872 892/2935/872
f 895/2936/873 891/2937/873 894/2938/873 905/2939/873
f 892/2935/874 891/2940/874 895/2941/874
f 893/2942/875 896/2943/875 897/2944/875
f 900/2945/876 901/2946/876 899/2947/876 898/2948/876
f 900/2945/877 898/2948/877 903/2949/877 902/2950/877
f 904/2951/878 905/2939/878 894/2938/878
f 902/2952/879 903/2953/879 905/2954/879 904/2951/879
f 896/2955/880 906/2956/880 907/2957/880 897/2944/880
f 906/2956/881 899/2947/881 901/2946/881 907/2957/881
s 1
f 890/2958/882 892/2959/882 895/2960/882 905/2961/882 903/2962/882 898/2963/882 899/2964/882 906/2965/882 896/2966/882
f 891/2967/883 889/2968/883 888/2969/883 893/2970/883 897/2971/883 907/2972/883 901/2973/883 900/2974/883 902/2975/883 904/2976/883 894/2977/883
f 888/2978/884 889/2979/884 890/2980/884
s 0
f 890/2981/885 896/2982/885 893/2983/885 888/2984/885
f 911/2985/886 445/2986/886 912/2987/886 218/2988/886
f 445/2989/887 446/2990/887 912/2987/887
f 911/2985/888 218/2988/888 220/2991/888
s 1
f 445/2992/889 911/2993/889 220/2994/889 447/2995/889
f 218/2996/890 912/2997/890 446/2998/890 449/2999/890 450/3000/890 910/3001/890 221/3002/890 222/3003/890
f 910/3004/891 220/3005/891 222/3006/891 221/3007/891
f 220/3008/892 910/3009/892 450/3010/892 448/3011/892 447/3012/892
s 0
f 918/3013/893 916/3014/893 917/3015/893 919/3016/893
f 915/3017/894 921/3018/894 920/3019/894
f 917/3015/895 916/3014/895 920/3020/895 921/3021/895 914/3022/895
s 1
f 913/3023/17 919/3024/17 917/3025/17 914/3026/17
f 918/3027/1 915/3028/1 920/3029/1 916/3030/1
f 913/3031/896 915/3032/896 918/3033/896 919/3034/896
f 915/3035/897 913/3036/897 914/3037/897 921/3038/897
s 0
f 925/3039/898 922/3040/898 926/3041/898 923/3042/898
f 926/3043/899 922/3044/899 927/3045/899
f 928/3046/900 929/3047/900 931/3048/900 930/3049/900
f 932/3050/901 930/3051/901 931/3052/901 933/3053/901
f 932/3050/902 933/3053/902 925/3054/902
f 922/3044/903 925/3055/903 933/3056/903
f 933/3057/904 934/3058/904 922/3044/904
f 927/3059/905 922/3044/905 934/3058/905
s 1
f 923/3060/17 928/3061/17 930/3062/17 932/3063/17 925/3064/17
f 933/3065/906 931/3066/906 929/3067/906 924/3068/906 927/3069/906 934/3070/906
f 928/3071/907 923/3072/907 924/3073/907 929/3074/907
f 924/3075/908 923/3076/908 926/3077/908 927/3078/908
f 494/3079/909 937/3080/909 493/3081/909 491/3082/909
f 937/3083/910 494/3084/910 492/3085/910
f 493/3086/911 937/3087/911 492/3088/911
s 0
f 942/3089/912 940/3090/912 943/3091/912 941/3092/912 938/3093/912
f 939/3094/913 944/3095/913 941/3096/913
f 944/3095/914 945/3097/914 938/3098/914 941/3099/914
f 942/3089/915 938/3093/915 945/3100/915
s 1
f 939/3101/916 940/3102/916 942/3103/916 945/3104/916 944/3105/916
f 940/3106/917 939/3107/917 941/3108/917 943/3109/917
s 0
f 948/3110/918 946/3111/918 947/3112/918
f 947/3113/919 946/3114/919 949/3115/919
f 946/3114/920 948/3116/920 949/3117/920
s 1
f 947/3118/921 949/3119/921 948/3120/921
s 0
f 954/3121/922 951/3122/922 955/3123/922
f 665/3124/923 956/3125/923 198/3126/923
f 665/3124/924 950/3127/924 956/3125/924
f 953/3128/925 950/3129/925 951/3130/925 958/3131/925 957/3132/925
f 958/3131/926 951/3130/926 821/3133/926
f 950/3129/927 665/3134/927 951/3130/927
f 821/3135/928 951/3122/928 954/3136/928
f 665/3134/929 668/3137/929 951/3130/929
f 669/3138/930 951/3122/930 668/3139/930
f 955/3140/931 951/3122/931 669/3138/931
f 669/3141/932 668/3142/932 665/3124/932
f 669/3143/933 665/3124/933 198/3126/933
s 1
f 952/3144/934 954/3145/934 955/3146/934 669/3147/934 198/3148/934 956/3149/934 950/3150/934 953/3151/934
f 957/3152/935 952/3153/935 953/3154/935
f 954/3155/936 952/3156/936 957/3157/936 958/3158/936 821/3159/936
s 0
f 488/3160/937 487/3161/937 486/3162/937 485/3163/937
f 758/3164/938 961/3165/938 767/3166/938
f 961/3165/939 959/3167/939 767/3166/939
f 959/3167/940 961/3165/940 960/3168/940
f 487/3169/941 488/3170/941 960/3171/941 961/3165/941
f 961/3172/942 962/3173/942 963/3174/942
f 962/3173/943 961/3172/943 758/3175/943 765/3176/943
s 1
f 960/3177/944 485/3178/944 962/3179/944 765/3180/944 767/3181/944 959/3182/944
f 963/3183/1 486/3184/1 487/3185/1 961/3186/1
f 485/3187/945 486/3188/945 963/3189/945 962/3190/945
f 960/3191/946 488/3192/946 485/3193/946
f 60/3194/947 61/3195/947 472/3196/947
f 61/3197/1 58/3198/1 472/3199/1
s 0
f 969/3200/948 968/3201/948 967/3202/948 965/3203/948
f 970/3204/949 964/3205/949 972/3206/949
f 972/3206/950 964/3205/950 971/3207/950
f 969/3208/951 971/3209/951 964/3210/951 973/3211/951
f 974/3212/952 258/3213/952 970/3214/952
f 970/3215/953 258/3213/953 964/3205/953
f 258/3213/954 259/3216/954 973/3217/954 964/3205/954
f 976/3218/955 975/3219/955 258/3213/955 974/3212/955
s 1
f 970/3220/956 972/3221/956 965/3222/956 966/3223/956 976/3224/956 974/3225/956
f 969/3226/957 973/3227/957 259/3228/957 968/3229/957
f 975/3230/958 976/3231/958 966/3232/958 967/3233/958 968/3234/958 259/3235/958 258/3236/958
f 967/3237/959 966/3238/959 965/3239/959
f 969/3240/960 965/3241/960 972/3242/960 971/3243/960
s 0
f 674/3244/961 196/3245/961 977/3246/961
f 666/3247/962 977/3248/962 674/3249/962
f 829/3250/963 981/3251/963 980/3252/963
f 981/3251/964 829/3250/964 828/3253/964 982/3254/964
f 982/3254/965 828/3253/965 983/3255/965
f 983/3256/966 828/3253/966 978/3257/966
f 978/3258/967 828/3259/967 832/3260/967 984/3261/967
f 978/3258/968 985/3262/968 986/3263/968 983/3264/968
f 984/3261/969 985/3262/969 978/3258/969
s 1
f 981/3265/970 982/3266/970 983/3267/970 986/3268/970 979/3269/970 980/3270/970
f 832/3271/971 979/3272/971 986/3273/971 985/3274/971 984/3275/971
f 829/3276/972 979/3277/972 832/3278/972
f 829/3279/973 980/3280/973 979/3281/973
s 0
f 32/3282/974 26/3283/974 33/3284/974
f 26/3283/975 31/3285/975 33/3284/975
f 31/3286/976 536/3287/976 33/3288/976
f 536/3287/977 538/3289/977 33/3288/977
f 538/3290/978 255/3291/978 33/3292/978
f 255/3291/979 32/3293/979 33/3292/979
f 32/3294/980 255/3295/980 257/3296/980 987/3297/980
f 26/3298/981 32/3294/981 987/3299/981
f 988/3300/982 839/3301/982 26/3298/982 987/3299/982
f 839/3302/983 31/3285/983 26/3283/983
f 839/3303/984 536/3287/984 31/3286/984
f 989/3304/985 536/3287/985 839/3303/985 988/3305/985
f 255/3306/986 538/3307/986 536/3308/986
s 1
f 987/3309/987 536/3310/987 989/3311/987 988/3312/987
f 255/3313/988 536/3314/988 987/3315/988 257/3316/988
s 0
f 547/3317/989 540/3318/989 542/3319/989
f 540/3318/990 547/3317/990 543/3320/990
f 540/3321/991 991/3322/991 542/3323/991
f 555/3324/992 540/3325/992 543/3326/992
f 991/3322/993 995/3327/993 542/3323/993
f 991/3322/994 997/3328/994 996/3329/994 995/3327/994
f 991/3330/995 540/3331/995 555/3324/995
f 555/3324/996 992/3332/996 991/3330/996
f 992/3333/997 990/3334/997 991/3322/997
f 990/3334/998 997/3335/998 991/3322/998
f 992/3332/999 555/3324/999 553/3336/999
f 993/3337/1000 997/3338/1000 990/3339/1000
f 990/3339/1001 992/3340/1001 553/3341/1001
s 1
f 555/3342/1002 543/3343/1002 547/3344/1002 994/3345/1002 993/3346/1002 990/3347/1002 553/3348/1002
f 997/3349/1003 993/3350/1003 996/3351/1003
f 996/3352/1004 993/3353/1004 994/3354/1004
f 996/3355/1005 994/3356/1005 547/3357/1005 542/3358/1005 995/3359/1005
s 0
f 813/3360/1006 810/3361/1006 12/3362/1006
f 813/3360/1007 12/3362/1007 395/3363/1007
f 12/3362/1008 25/3364/1008 395/3365/1008
f 998/3366/1009 810/3367/1009 814/3368/1009
f 998/3369/1010 23/3370/1010 810/3367/1010
f 12/3371/1011 810/3367/1011 23/3372/1011
f 23/3373/1012 999/3374/1012 12/3371/1012
f 999/3374/1013 25/3375/1013 12/3371/1013
s 1
f 999/3376/1014 23/3377/1014 998/3378/1014 395/3379/1014 25/3380/1014
f 395/3381/1015 998/3382/1015 814/3383/1015 813/3384/1015
s 0
f 462/3385/1016 1000/3386/1016 1004/3387/1016 1003/3388/1016
f 1004/3387/1017 1000/3386/1017 1005/3389/1017
f 90/3390/1018 1005/3389/1018 1000/3386/1018 1006/3391/1018
f 90/3392/1019 87/3393/1019 1007/3394/1019
f 1007/3394/1020 87/3393/1020 86/3395/1020 89/3396/1020
f 462/3385/1021 461/3397/1021 1008/3398/1021 458/3399/1021 453/3400/1021
f 453/3400/1022 1000/3386/1022 462/3385/1022
f 453/3401/1023 1001/3402/1023 1000/3403/1023
f 1001/3402/1024 102/3404/1024 1006/3405/1024 1000/3403/1024
f 92/3406/1025 87/3407/1025 102/3404/1025 1001/3402/1025
f 92/3408/1026 1001/3402/1026 1009/3409/1026
f 1001/3402/1027 1010/3410/1027 1009/3409/1027
f 1001/3402/1028 1011/3411/1028 1010/3410/1028
f 1011/3411/1029 1001/3402/1029 453/3401/1029 458/3412/1029
s 1
f 461/3413/1030 1002/3414/1030 89/3415/1030 86/3416/1030 101/3417/1030 92/3418/1030 1009/3419/1030 1010/3420/1030 1011/3421/1030 458/3422/1030 1008/3423/1030
f 87/3424/1 90/3425/1 1006/3426/1 102/3427/1
f 1007/3428/1031 89/3224/1031 1002/3429/1031 1003/3430/1031 1004/3431/1031 1005/3432/1031 90/3433/1031
f 1003/3434/1032 1002/3435/1032 461/3436/1032 462/3437/1032
s 0
f 1015/3438/1033 1013/3439/1033 1014/3440/1033
f 291/3441/1034 1012/3442/1034 1016/3443/1034 301/3444/1034
f 1016/3443/1035 1012/3442/1035 1017/3445/1035
f 1015/3438/1036 608/3446/1036 1013/3447/1036
f 293/3448/1037 297/3449/1037 1019/3450/1037 1018/3451/1037
f 1019/3450/1038 1013/3452/1038 608/3446/1038 607/3453/1038 1018/3454/1038
f 1020/3455/1039 293/3456/1039 1018/3457/1039
f 1012/3458/1040 291/3441/1040 293/3456/1040 1020/3455/1040
f 1017/3445/1041 1012/3442/1041 1021/3459/1041 609/3460/1041 1022/3461/1041
s 1
f 1019/3462/1042 297/3463/1042 301/3464/1042 1016/3465/1042 1017/3466/1042 1014/3467/1042 1013/3468/1042
f 1018/3469/1043 607/3470/1043 609/3471/1043 1021/3472/1043 1012/3473/1043 1020/3474/1043
f 608/3475/1044 1015/3476/1044 1014/3477/1044 1017/3478/1044 1022/3479/1044 609/3480/1044
f 180/3481/1 1024/3482/1 1023/3483/1 181/3484/1
f 182/3485/1045 1023/3486/1045 1024/3487/1045
f 181/3488/1046 1023/3489/1046 182/3490/1046
s 0
f 182/3491/1047 1024/3492/1047 180/3493/1047
f 1025/3494/1048 1026/3495/1048 1027/3496/1048
f 1027/3496/1049 1026/3495/1049 418/3497/1049
f 418/3498/1050 417/3499/1050 192/3500/1050
f 194/3501/1051 192/3502/1051 417/3503/1051
f 527/3504/1052 194/3505/1052 417/3506/1052
f 527/3507/1053 418/3497/1053 1028/3508/1053
f 418/3497/1054 1026/3509/1054 1028/3508/1054
f 527/3507/1055 411/3510/1055 418/3497/1055
f 418/3498/1056 411/3511/1056 417/3499/1056
f 527/3512/1057 417/3499/1057 411/3511/1057
s 1
f 1027/3513/1058 192/3514/1058 193/3515/1058 1025/3516/1058
f 1026/3517/1059 1025/3518/1059 193/3519/1059 194/3520/1059
f 527/3521/1060 1028/3522/1060 1026/3523/1060 194/3524/1060
f 418/3525/1061 192/3526/1061 1027/3527/1061
s 0
f 648/3528/1062 654/3529/1062 1030/3530/1062
f 1030/3530/1063 654/3531/1063 1031/3532/1063 1032/3533/1063
f 654/3534/1064 648/3535/1064 656/3536/1064
s 1
f 648/3537/1 1030/3538/1 1032/3539/1 1029/3540/1 656/3541/1
f 1031/3542/1065 1029/3543/1065 1032/3544/1065
f 656/3545/1066 1029/3546/1066 1031/3547/1066 654/3548/1066
s 0
f 209/3549/1067 211/3550/1067 1034/3551/1067
f 464/3552/1068 209/3549/1068 1034/3553/1068 1035/3554/1068
f 464/3552/1069 784/3555/1069 209/3549/1069
f 209/3556/1070 784/3557/1070 211/3558/1070
f 1036/3559/1071 211/3558/1071 784/3557/1071
f 1037/3560/1072 1038/3561/1072 464/3552/1072 1035/3554/1072
f 784/3557/1073 464/3562/1073 1039/3563/1073
f 784/3557/1074 1039/3563/1074 792/3564/1074
f 1040/3565/1075 784/3557/1075 792/3564/1075
f 1036/3559/1076 784/3557/1076 1040/3565/1076
s 1
f 792/3566/1077 1039/3567/1077 464/3568/1077 1038/3569/1077 1037/3570/1077 1033/3571/1077 1040/3572/1077
f 1035/1731/1078 1033/3573/1078 1037/3574/1078
f 1040/3575/1079 1033/3576/1079 1035/3577/1079 1034/3578/1079 211/3579/1079 1036/3580/1079
s 0
f 1042/3581/1080 1041/3582/1080 389/3583/1080 388/3584/1080
f 1043/3585/1081 1042/3581/1081 388/3584/1081 390/3586/1081
f 1044/3587/1082 1043/3585/1082 390/3586/1082
f 389/3588/1083 1041/3589/1083 1045/3590/1083 1046/3591/1083 397/3592/1083
f 1046/3593/1084 1045/3590/1084 24/3594/1084
f 388/3595/1085 389/3596/1085 397/3597/1085 1047/3598/1085
f 948/3599/1086 390/3600/1086 395/3601/1086
f 948/3602/1087 946/3603/1087 390/3586/1087
f 390/3586/1088 946/3603/1088 947/3604/1088 1044/3587/1088
f 1046/3605/1089 24/3606/1089 25/3607/1089
f 22/3608/1090 12/3609/1090 1048/3610/1090
f 1048/3610/1091 12/3609/1091 25/3607/1091 24/3611/1091
f 395/3612/1092 25/3613/1092 12/3614/1092 1049/3615/1092
f 1049/3615/1093 12/3614/1093 813/3616/1093
f 810/3617/1094 12/3609/1094 22/3608/1094
s 1
f 395/3618/1095 1047/3619/1095 397/3620/1095 1046/3621/1095 25/3622/1095
f 947/3623/1096 813/3624/1096 22/3625/1096 1048/3626/1096 24/3627/1096 1045/3628/1096 1041/3629/1096 1042/3630/1096 1043/3631/1096 1044/3632/1096
f 395/3633/1097 947/3634/1097 948/3635/1097
f 813/3636/1098 947/3637/1098 395/3638/1098 1049/3639/1098
s 0
f 395/3640/1099 390/3600/1099 388/3595/1099 1047/3598/1099
f 1026/3641/1100 1052/3642/1100 1050/3643/1100
f 1025/3644/1101 1027/3645/1101 1052/3646/1101 1026/3647/1101
s 1
f 1050/3648/1102 1051/3649/1102 1026/3650/1102
f 1027/3651/1103 1050/3652/1103 1052/3653/1103
f 1025/3654/1104 1051/3655/1104 1050/3656/1104 1027/3657/1104
f 1026/3658/1105 1051/3659/1105 1025/3660/1105
s 0
f 1056/3661/1106 990/3662/1106 997/3663/1106
f 1054/3664/1107 990/3665/1107 1055/3666/1107 1057/3667/1107
f 990/3668/1108 1054/3669/1108 997/3663/1108
f 1056/3661/1109 997/3663/1109 993/3670/1109
f 1058/3671/1110 1054/3672/1110 1057/3667/1110
f 997/3663/1111 1054/3669/1111 1053/3673/1111
f 1053/3674/1112 1059/3675/1112 1060/3676/1112
f 1053/3673/1113 1058/3677/1113 1059/3678/1113
f 1054/3679/1114 1058/3677/1114 1053/3673/1114
s 1
f 1058/3680/1115 1057/3681/1115 1055/3682/1115 990/3683/1115 1056/3684/1115 993/3685/1115 1060/3686/1115 1059/3687/1115
f 993/3688/1116 997/3689/1116 1053/3690/1116 1060/3691/1116
s 0
f 668/3692/1117 673/3693/1117 1061/3694/1117
f 951/3695/1118 668/3692/1118 1061/3694/1118
f 955/3696/1119 951/3697/1119 106/3698/1119 105/3699/1119
s 1
f 673/3700/1120 672/3701/1120 107/3702/1120 106/3703/1120 951/3704/1120 1061/3705/1120
s 0
f 676/3706/1121 105/3699/1121 106/3698/1121 107/3707/1121
s 1
f 672/3708/1122 671/3709/1122 670/3710/1122 676/3711/1122 107/3712/1122
f 669/3713/1123 955/3714/1123 105/3715/1123 676/3716/1123
s 0
f 676/3717/1124 670/3718/1124 669/3719/1124
f 470/3720/1125 48/3721/1125 58/3722/1125 473/3723/1125
f 58/3722/1126 48/3724/1126 54/3725/1126
f 58/3722/1127 54/3725/1127 49/3726/1127
f 708/3727/1128 47/3728/1128 705/3729/1128
f 706/3730/1129 708/3727/1129 705/3729/1129
f 470/3731/1130 1065/3732/1130 1062/3733/1130
f 1062/3733/1131 48/3734/1131 470/3731/1131
f 1066/3735/1132 48/3734/1132 1062/3733/1132
f 48/3734/1133 1066/3735/1133 54/3736/1133
f 705/3737/1134 47/3738/1134 54/3725/1134
f 47/3738/1135 46/3739/1135 54/3725/1135
f 54/3725/1136 46/3739/1136 50/3740/1136
f 54/3725/1137 50/3741/1137 49/3742/1137
f 54/3736/1138 1066/3735/1138 705/3743/1138
f 1064/3744/1139 1063/3745/1139 1066/3746/1139
f 1066/3735/1140 1062/3733/1140 1065/3732/1140 1064/3747/1140
f 706/3748/1141 705/3743/1141 1066/3735/1141 707/3749/1141
s 1
f 470/3750/1142 473/3751/1142 58/3752/1142 49/3753/1142 50/3754/1142 144/3755/1142 708/3756/1142 1063/3757/1142 1064/3758/1142 1065/3759/1142
f 707/3760/1143 1063/3761/1144 708/3762/1145 706/3763/1145
f 1063/3764/1144 707/3760/1143 1066/3765/1146
f 1070/3766/17 1067/3767/17 232/3768/17 231/3769/17
f 230/3364/1 233/3770/1 1068/3771/1 1069/3772/1
f 1067/3773/211 1068/3774/211 233/3775/211 232/3776/211
f 1069/3777/1147 1068/3778/1147 1067/3779/1147 1070/3780/1147
s 0
f 230/3781/1148 1069/3782/1148 1070/3783/1148 231/3784/1148
f 1074/3785/1149 1073/3786/1149 1072/3787/1149
f 1076/3788/1150 1077/3789/1150 1075/3790/1150
f 1077/3789/1151 1076/3791/1151 1078/3792/1151
f 1078/3792/1152 1076/3793/1152 1072/3794/1152 1073/3795/1152
s 1
f 1073/3796/17 1074/3797/17 1071/3798/17 1075/3799/17 1077/3800/17 1078/3801/17
f 1076/3802/1153 1071/3803/1153 1074/3804/1153 1072/3805/1153
f 1071/3806/1154 1076/3807/1154 1075/3808/1154
s 0
f 290/3809/1155 1081/3810/1155 1080/3811/1155 291/3812/1155
f 623/3813/1156 291/3814/1156 1080/3815/1156
f 623/3816/1157 1079/3817/1157 291/3814/1157
f 1081/3818/1158 290/3819/1158 1079/3820/1158 1082/3821/1158
f 291/3822/1159 1079/3820/1159 290/3819/1159
f 1082/3821/1160 1079/3820/1160 623/3823/1160
s 1
f 623/3824/1161 1080/3825/1161 1081/3826/1161 1082/3827/1161
s 0
f 1084/3828/1162 1083/3829/1162 1024/3830/1162
f 1083/3829/1163 1084/3828/1163 182/3831/1163 180/3832/1163
s 1
f 424/3833/1 1024/3834/1 1083/3835/1 180/3836/1 191/3837/1 837/3838/1 423/3839/1
f 190/3840/1164 182/3841/1164 1084/3842/1164 1024/3843/1164 424/3844/1164 425/3845/1164
s 0
f 1090/3846/1165 1087/3847/1165 1091/3848/1165
f 1087/3849/1166 1090/3850/1166 1093/3851/1166 1092/3852/1166
f 1091/3848/1167 1087/3847/1167 1094/3853/1167
s 1
f 1088/3854/1168 1089/3855/1168 1090/3856/1168 1091/3857/1168 1094/3858/1168
f 1087/3859/1169 1092/3860/1169 1088/3861/1169 1094/3862/1169
f 1089/3863/1170 1088/3864/1170 1092/3865/1170 1093/3866/1170
f 1090/3867/1171 1089/3868/1171 1093/3869/1171
s 0
f 348/3870/1172 1095/3871/1172 1096/3872/1172 358/3873/1172
f 1098/3874/1173 1097/3875/1173 348/3876/1173 358/3877/1173
f 1100/3878/1174 594/3879/1174 596/3880/1174 1097/3881/1174 1099/3882/1174
f 1097/3883/1175 1098/3874/1175 1099/3882/1175
s 1
f 5/3884/1176 1100/3885/1176 1099/3886/1176 1098/3887/1176 358/3888/1176 1096/3889/1176 4/3890/1176
f 593/3891/1 7/3892/1 6/3893/1 3/3894/1 1095/3895/1 348/3896/1 1097/3897/1 596/3898/1 595/3899/1
s 0
f 1095/3871/1177 3/3900/1177 4/3901/1177 1096/3872/1177
s 1
f 1100/3902/6 5/3903/6 7/3904/6 593/3905/6 594/3906/6
s 0
f 815/3907/1178 14/3908/1178 1102/3909/1178
f 1101/3910/1179 1102/3909/1179 14/3908/1179 15/3911/1179 16/3912/1179
s 1
f 1101/3913/775 812/3914/775 815/3915/775 1102/3916/775
f 14/3917/1180 812/3918/1180 1101/3919/1180 16/3920/1180 15/3921/1180
s 0
f 1106/3922/1181 1105/3923/1181 1104/3924/1181
f 1108/3925/1182 1106/3922/1182 1104/3924/1182 904/3926/1182 905/3927/1182 1107/3928/1182
f 1107/3929/1183 905/3930/1183 1109/3931/1183 1110/3932/1183
f 1109/3931/1184 905/3930/1184 894/3933/1184
s 1
f 1110/3934/1185 1108/3935/1185 1107/3936/1185
f 894/3937/1186 904/3938/1186 1104/3939/1186 1105/3940/1186 1103/3941/1186 1109/3942/1186
f 1108/3943/1187 1103/3944/1187 1105/3945/1187 1106/3946/1187
f 1109/3947/1188 1103/3948/1188 1108/3949/1188 1110/3950/1188
s 0
f 1112/3951/1189 1113/3952/1189 1111/3953/1189
f 515/3954/1190 1115/3955/1190 516/3956/1190
f 1115/3955/1191 515/3957/1191 1112/3958/1191
f 1112/3959/1192 515/3960/1192 1113/3952/1192
s 1
f 516/3961/1193 1114/3962/1193 518/3963/1193
f 516/3964/1194 1115/3965/1194 1112/3966/1194 1111/3967/1194 1114/3968/1194
f 515/3969/1195 518/3970/1195 1114/3971/1195 1111/3972/1195 1113/3973/1195
s 0
f 776/3974/1196 1117/3975/1196 1116/3976/1196 587/3977/1196 586/3978/1196
f 284/3979/1197 1117/3975/1197 776/3980/1197
f 284/3981/1198 776/3982/1198 1118/3983/1198
f 1118/3983/1199 776/3982/1199 782/3984/1199 783/3985/1199
f 777/3986/1200 780/3987/1200 1119/3988/1200
s 1
f 587/3989/1201 1116/3990/1201 1117/3991/1201 284/3992/1201 1118/3993/1201 783/3994/1201 781/3995/1201 777/3996/1201 1119/3997/1201
f 776/3998/1202 586/3999/1202 588/4000/1202 780/4001/1202 782/4002/1202
f 587/4003/1203 1119/4004/1203 780/4005/1203 588/4006/1203
s 0
f 1121/4007/1204 55/4008/1204 44/4009/1204 309/4010/1204
f 313/4011/1205 309/4012/1205 44/4013/1205
f 44/4013/1206 663/4014/1206 313/4015/1206
f 56/4016/1207 44/4009/1207 55/4008/1207
f 56/4016/1208 51/4017/1208 44/4018/1208
f 51/4017/1209 45/4019/1209 44/4020/1209
f 663/4021/1210 44/4013/1210 45/4022/1210
s 1
f 311/4023/1211 1120/4024/1211 140/4025/1211 51/4026/1211 56/4027/1211 55/4028/1211 1121/4029/1211 309/4030/1211
f 663/4031/1212 1120/4032/1212 311/4033/1212 313/4034/1212
f 664/4035/1213 140/4036/1213 1120/4037/1213 663/4038/1213
s 0
f 1099/4039/1214 1097/4040/1214 1123/4041/1214 1124/4042/1214
f 651/4043/1215 650/4044/1215 652/4045/1215
f 648/4046/1216 649/4047/1216 650/4044/1216 651/4043/1216
f 1124/4042/1217 1123/4041/1217 596/4048/1217 594/4049/1217 1100/4050/1217
f 651/4043/1218 652/4045/1218 1126/4051/1218 1125/4052/1218
f 591/4053/1219 601/4054/1219 1125/4052/1219 1126/4051/1219 1127/4055/1219
f 602/4056/1220 591/4057/1220 1127/4058/1220
s 1
f 1127/4059/1221 1126/4060/1221 652/4061/1221 650/4062/1221 649/4063/1221 1099/4064/1221 1124/4065/1221 1100/4066/1221 1122/4067/1221 602/4068/1221
f 601/4069/1 600/4070/1 598/4071/1 596/4072/1 1123/4073/1 1097/4074/1 648/4075/1 651/4076/1 1125/4077/1
f 602/4078/543 1122/4079/543 597/4080/543 599/4081/543
f 1122/4082/6 1100/4083/6 594/4084/6 597/4085/6
s 0
f 1097/4086/1222 1099/4087/1222 649/4047/1222 648/4046/1222
f 1128/4088/1223 1129/4089/1223 856/4090/1223
f 617/4091/1224 856/4090/1224 1129/4089/1224
s 1
f 856/4092/1225 746/4093/1225 744/4094/1225 1128/4095/1225
f 1129/4096/1226 1128/4097/1226 744/4098/1226 614/4099/1226 617/4100/1226
f 747/4101/1227 614/4102/1227 744/4103/1227
s 0
f 1133/4104/1228 1132/4105/1228 1134/4106/1228
f 1135/4107/1229 268/4108/1229 267/4109/1229
f 1134/4106/1230 1132/4105/1230 265/4110/1230 266/4111/1230 1136/4112/1230
s 1
f 266/4113/17 268/4114/17 1135/4115/17 1130/4116/17 1136/4117/17
f 1132/4118/1 1133/4119/1 1131/4120/1 267/4121/1 265/4122/1
f 1136/4123/1231 1130/4124/1231 1131/4125/1231 1133/4126/1231 1134/4127/1231
f 1131/4128/1232 1130/4129/1232 1135/4130/1232 267/4131/1232
s 0
f 1139/4132/1233 1140/4133/1233 1141/4134/1233
f 1141/4134/1234 1140/4133/1234 1142/4135/1234 1143/4136/1234
f 1143/4137/1235 1142/4138/1235 1137/4139/1235 1138/4140/1235
s 1
f 1138/4141/1236 1137/4142/1236 1139/4143/1236 1141/4144/1236 1143/4145/1236
f 1140/4146/1237 1139/4147/1237 1137/4148/1237 1142/4149/1237
s 0
f 174/4150/1238 1144/4151/1238 1147/4152/1238
f 1147/4152/1239 1144/4153/1239 1128/4154/1239
f 1149/4155/1240 1144/4156/1240 1148/4157/1240
f 1150/4158/1241 1128/4159/1241 1144/4156/1241 1149/4155/1241 1151/4160/1241
s 1
f 1148/4161/1242 175/4162/1242 1146/4163/1242 1151/4164/1242 1149/4165/1242
f 174/4166/1243 1145/4167/1243 1146/4168/1243 175/4169/1243
f 1146/4170/1244 1145/4171/1244 1128/4172/1244 1150/4173/1244 1151/4174/1244
f 175/4175/1245 1148/4176/1245 1144/4177/1245 174/4178/1245
f 1128/4179/1246 1145/4180/1246 174/4181/1246 1147/4182/1246
s 0
f 1156/4183/1247 1155/4184/1247 1157/4185/1247 1158/4186/1247
f 1152/4187/1248 1159/4188/1248 1158/4189/1248 1157/4190/1248
f 1159/4188/1249 1152/4191/1249 1160/4192/1249
s 1
f 1160/4193/1250 1153/4194/1250 1156/4195/1250 1158/4196/1250 1159/4197/1250
f 1152/4198/1251 1157/4199/1251 1155/4200/1251 1154/4201/1251 1161/4202/1251
f 1156/4203/1252 1153/4204/1252 1154/4205/1252 1155/4206/1252
f 1154/4207/1253 1153/4208/1253 1160/4209/1253 1152/4210/1253 1161/4211/1253
s 0
f 1164/4212/1254 938/4213/1254 1163/4214/1254
f 1162/4215/1255 941/4216/1255 938/4217/1255 1164/4218/1255
f 941/4219/1256 1163/4220/1256 938/4221/1256
f 1163/4220/1257 941/4219/1257 1165/4222/1257
s 1
f 1164/4223/1258 1163/4224/1258 1165/4225/1258 1162/4226/1258
f 941/4227/1259 1162/4228/1259 1165/4229/1259
s 0
f 360/4230/1260 1167/4231/1260 363/4232/1260 364/4233/1260
f 1167/4231/1261 360/4230/1261 362/4234/1261 361/4235/1261
f 364/4236/1262 531/4237/1262 737/4238/1262
f 1168/4239/1263 735/4240/1263 725/4241/1263 876/4242/1263
s 1
f 362/4243/17 360/4244/17 364/4245/17 737/4246/17 735/4247/17 1168/4248/17
f 359/4249/1264 363/4250/1264 1167/4251/1264 361/4252/1264 1166/4253/1264 876/4254/1264 738/4255/1264 531/4256/1264
f 362/4257/312 1166/4258/312 361/4259/312
f 876/4260/1265 1166/4261/1265 362/4262/1265 1168/4263/1265
s 0
f 725/4241/1266 735/4240/1266 737/4238/1266 531/4264/1266 738/4265/1266
f 569/4266/1267 566/4267/1267 1170/4268/1267
f 570/4269/1268 1170/4268/1268 566/4267/1268
f 1171/4270/1269 564/4271/1269 567/4272/1269
f 567/4273/1270 564/4271/1270 566/4267/1270 569/4266/1270
f 566/4267/1271 564/4271/1271 1171/4274/1271 634/4275/1271
f 566/4276/1272 634/4277/1272 1172/4278/1272
f 626/4279/1273 1172/4278/1273 634/4280/1273 625/4281/1273
s 1
f 567/4282/1274 569/4283/1274 1169/4284/1274 625/4285/1274 634/4286/1274 1171/4287/1274
f 570/4288/1 566/4289/1 1172/4290/1 626/4291/1
f 1169/4292/1275 570/4293/1275 626/4294/1275 625/4295/1275
f 570/4296/1276 1169/4297/1276 569/4298/1276 1170/4299/1276
s 0
f 1174/4300/1277 933/4301/1277 925/4302/1277
f 1174/4300/1278 1175/4303/1278 933/4304/1278
f 1178/4305/1279 1177/4306/1279 1176/4307/1279 933/4308/1279 1175/4309/1279
f 1176/4307/1280 1177/4310/1280 1179/4311/1280
f 931/4312/1281 1180/4313/1281 1181/4314/1281 930/4315/1281
f 1181/4314/1282 1180/4313/1282 918/4316/1282 919/4317/1282
s 1
f 925/4318/17 932/4319/17 930/4320/17 1181/4321/17 919/4322/17 1173/4323/17 1178/4324/17 1175/4325/17 1174/4326/17
f 931/4327/1 933/4328/1 1176/4329/1 1179/4330/1 918/4331/1 1180/4332/1
f 1178/4333/838 1173/4334/838 1177/4335/838
f 1173/4336/1283 919/4337/1283 918/4338/1283 1179/4339/1283 1177/4340/1283
s 0
f 80/4341/1284 78/4342/1284 77/4343/1284 81/4344/1284 82/4345/1284
f 83/4346/1285 77/4343/1285 78/4347/1285
f 1182/4348/1286 77/4349/1286 83/4350/1286
f 77/4351/1287 1182/4348/1287 1184/4352/1287
f 1182/4353/1288 1185/4354/1288 1184/4355/1288
f 563/4356/1289 1185/4357/1289 1182/4348/1289 83/4350/1289
f 563/4356/1290 83/4350/1290 559/4358/1290
f 78/4359/1291 1186/4360/1291 83/4350/1291
f 562/4361/1292 559/4358/1292 83/4350/1292 1186/4360/1292
s 1
f 562/4362/1293 1183/4363/1293 80/4364/1293 82/4365/1293 81/4366/1293 77/4367/1293 1184/4368/1293 1185/4369/1293 563/4370/1293 559/4371/1293
f 78/4372/1294 1183/4373/1294 562/4374/1294 1186/4375/1294
f 80/4376/1295 1183/4377/1295 78/4378/1295
s 0
f 1189/4379/1296 1054/4380/1296 1187/4381/1296 1190/4382/1296
f 1192/4383/1297 1054/4384/1297 1191/4385/1297
f 1054/4386/1298 1192/4387/1298 1193/4388/1298
f 1194/4389/1299 1187/4390/1299 1054/4386/1299 1193/4388/1299
f 1191/4391/1300 1054/4392/1300 1189/4393/1300
s 1
f 1189/4394/1301 1190/4395/1301 1187/4396/1301 1194/4397/1301 1188/4398/1301 1191/4399/1301
f 1192/4400/1302 1188/4401/1302 1194/4402/1302 1193/4403/1302
f 1191/4404/1303 1188/4405/1303 1192/4406/1303
s 0
f 341/4407/1304 854/4408/1304 340/4409/1304
f 339/4410/1305 341/4411/1305 340/4412/1305 338/4413/1305 336/4414/1305
f 336/4415/1306 1197/4416/1306 1196/4417/1306
f 336/4418/1307 152/4419/1307 1198/4420/1307 1197/4416/1307
f 336/4421/1308 338/4413/1308 160/4422/1308
f 152/4423/1309 336/4424/1309 160/4425/1309
f 1198/4420/1310 152/4419/1310 160/4426/1310
s 1
f 160/4427/1311 338/4428/1311 340/4429/1311 854/4430/1311 1195/4431/1311 1196/4432/1311 1197/4433/1311 1198/4434/1311
f 336/4435/1312 1196/4436/1312 1195/4437/1312 339/4438/1312
f 1195/4439/302 854/4440/302 341/4441/302 339/4442/302
s 0
f 1199/4443/1313 1161/4444/1313 1152/4445/1313
f 1152/4446/1314 1160/4447/1314 1199/4443/1314
s 1
f 1152/4448/1315 1161/4449/1315 1200/4450/1315
f 1199/4451/1316 1160/4452/1316 1152/4453/1316 1200/4454/1316 1161/4455/1316
s 0
f 1115/4456/1317 1201/4457/1317 1202/4458/1317
f 1204/4459/1318 1205/4460/1318 95/4461/1318 1206/4462/1318
f 95/4461/1319 94/4463/1319 1206/4462/1319
s 1
f 1205/4464/1320 1203/4465/1320 93/4466/1320 95/4467/1320
f 93/4468/1321 1203/4469/1321 1204/4470/1321 1206/4471/1321 94/4472/1321
f 1204/4473/1322 1203/4474/1322 1205/4475/1322
s 0
f 928/4476/1323 1208/4477/1323 931/4478/1323 929/4479/1323
f 921/4480/1324 1207/4481/1324 920/4482/1324
f 930/4483/1325 931/4484/1325 1208/4477/1325
f 1181/4485/1326 1209/4486/1326 931/4487/1326 930/4483/1326
f 918/4488/1327 1209/4486/1327 1181/4485/1327 919/4489/1327
f 1210/4490/1328 921/4491/1328 920/4492/1328 918/4493/1328 919/4494/1328
f 914/4495/1329 921/4496/1329 1210/4490/1329
s 1
f 930/4497/17 1208/4498/17 928/4499/17 914/4500/17 1210/4501/17 919/4502/17 1181/4503/17
f 1207/4504/1 929/4505/1 931/4506/1 1209/4507/1 918/4508/1 920/4509/1
f 929/4510/1330 1207/4511/1330 921/4512/1330 914/4513/1330 928/4514/1330
s 0
f 765/4515/1331 758/4516/1331 963/4517/1331 962/4518/1331
f 963/4517/1332 758/4516/1332 961/4519/1332
f 758/4520/1333 765/4521/1333 1211/4522/1333
f 1212/4523/1334 961/4524/1334 758/4525/1334 757/4526/1334
f 763/4527/1335 764/4528/1335 757/4529/1335 758/4520/1335 1211/4522/1335
f 1213/4530/1336 1212/4531/1336 757/4526/1336
f 757/4532/1337 759/4533/1337 1215/4534/1337
f 757/4532/1338 1215/4534/1338 1214/4535/1338 1213/4536/1338
s 1
f 962/4537/1339 763/4538/1339 1211/4539/1339 765/4540/1339
f 759/4541/1340 764/4542/1340 763/4543/1340 962/4544/1340 963/4545/1340 1214/4546/1340 1215/4547/1340
f 1214/4548/1 963/4549/1 961/4550/1 1212/4551/1 1213/4552/1
s 0
f 749/4553/1341 33/4554/1341 1218/4555/1341
f 1218/4555/1342 33/4554/1342 1219/4556/1342
f 1220/4557/1343 1216/4558/1343 1221/4559/1343
f 1216/4558/1344 938/4560/1344 1164/4561/1344 1221/4559/1344
f 945/4562/1345 938/4560/1345 1216/4558/1345 1222/4563/1345
f 1223/4564/1346 941/4565/1346 944/4566/1346
f 1223/4567/1347 944/4566/1347 750/4568/1347
f 750/4569/1348 749/4570/1348 1223/4571/1348
f 753/4572/1349 29/4573/1349 749/4574/1349 750/4575/1349
f 29/4573/1350 33/4576/1350 749/4574/1350
f 30/4577/1351 796/4578/1351 33/4554/1351
f 33/4554/1352 796/4578/1352 1219/4556/1352
f 796/4579/1353 795/4580/1353 1224/4581/1353
f 1225/4582/1354 1224/4581/1354 795/4580/1354
f 1220/4557/1355 1224/4581/1355 1225/4582/1355 1222/4583/1355 1216/4558/1355
f 29/4584/1356 796/4585/1356 30/4586/1356
f 799/4587/1357 796/4585/1357 29/4584/1357
f 796/4585/1358 799/4587/1358 795/4588/1358
s 1
f 29/4589/1359 753/4590/1359 750/4591/1359 944/4592/1359 945/4593/1359 1222/4594/1359 1225/4595/1359 795/4596/1359 799/4597/1359
f 1164/4598/1360 1217/4599/1360 749/4600/1360 1218/4601/1360 1219/4602/1360 796/4603/1360 1224/4604/1360 1220/4605/1360 1221/4606/1360
f 749/4607/1361 1217/4608/1361 1223/4609/1361
f 1223/4610/1362 1217/4611/1362 1164/4612/1362
f 1223/4613/1363 1164/4614/1363 1162/4615/1363 941/4616/1363
s 0
f 1163/4617/1364 938/4618/1364 942/4619/1364 1226/4620/1364
f 940/4621/1365 942/4622/1365 938/4623/1365 941/4624/1365
s 1
f 941/4625/1366 1165/4626/1366 940/4627/1366
f 1165/4628/1367 1163/4629/1367 1226/4630/1367 942/4631/1367 940/4632/1367
s 0
f 1230/4633/1368 1231/4634/1368 1228/4635/1368 1229/4636/1368
f 1235/4637/1369 1232/4638/1369 1233/4639/1369
f 1234/4640/1370 206/4641/1370 1232/4638/1370 1235/4637/1370
f 202/4642/1371 206/4643/1371 1234/4640/1371
f 1236/4644/1372 444/4645/1372 443/4646/1372
f 1229/4636/1373 1228/4635/1373 443/4646/1373 444/4645/1373
f 444/4645/1374 1236/4644/1374 445/4647/1374 446/4648/1374
s 1
f 206/4649/1375 219/4650/1375 220/4651/1375 911/4652/1375 445/4653/1375 1236/4654/1375 443/4655/1375 1228/4656/1375 1231/4657/1375 1233/4658/1375 1232/4659/1375
f 205/4660/1376 202/4661/1376 1234/4662/1376 1235/4663/1376 1230/4664/1376 1229/4665/1376 444/4666/1376 446/4667/1376 912/4668/1376 218/4669/1376
f 1233/4670/1377 1231/4671/1377 1230/4672/1377 1235/4673/1377
s 0
f 1159/4674/1378 1152/4675/1378 1200/4676/1378
f 1159/4674/1379 1200/4677/1379 1238/4678/1379
f 1238/4678/1380 1200/4677/1380 1239/4679/1380 1241/4680/1380 1240/4681/1380
f 1200/4682/1381 1152/4683/1381 1160/4684/1381
f 1242/4685/1382 1241/4680/1382 1239/4686/1382
f 1241/4687/1383 1242/4688/1383 755/4689/1383 149/4690/1383 1237/4691/1383
f 755/4692/1384 145/4693/1384 149/4690/1384
s 1
f 1240/4694/1385 1237/4695/1385 149/4696/1385 150/4697/1385 1160/4698/1385 1159/4699/1385 1238/4700/1385
f 755/4701/1 1242/4702/1 1239/4703/1 1200/4704/1
f 1241/4705/1386 1237/4706/1386 1240/4707/1386
f 1200/4708/1387 1160/4709/1387 150/4710/1387 145/4711/1387 755/4712/1387
s 0
f 457/4713/1388 463/4714/1388 453/4715/1388
f 552/4716/1389 992/4717/1389 1187/4718/1389 1194/4719/1389
f 992/4720/1390 991/4721/1390 1187/4722/1390
f 1243/4723/1391 992/4724/1391 552/4725/1391
f 992/4724/1392 1243/4726/1392 1244/4727/1392
f 991/4728/1393 992/4724/1393 1244/4729/1393
f 1245/4730/1394 1187/4722/1394 991/4721/1394 1246/4731/1394
f 1246/4732/1395 991/4733/1395 1244/4734/1395
s 1
f 1244/4735/1396 1243/4736/1396 1194/4737/1396 1187/4738/1396 1245/4739/1396 1246/4740/1396
f 552/4741/1397 1194/4742/1397 1243/4743/1397
s 0
f 1250/4744/1398 1253/4745/1398 1247/4746/1398
f 1250/4744/1399 1247/4746/1399 872/4747/1399 1249/4748/1399
f 1247/4746/1400 302/4749/1400 872/4747/1400
s 1
f 1253/4750/1401 1250/4751/1402 1248/4752/1403 1251/4753/1401
s 0
f 1253/4754/1404 1251/4755/1404 1252/4756/1404
f 1253/4745/1405 1252/4757/1405 1254/4758/1405
f 1254/4758/1406 1247/4759/1406 1253/4745/1406
f 302/4760/1407 1247/4759/1407 1255/4761/1407
f 302/4760/1408 1255/4762/1408 873/4763/1408
s 1
f 872/4764/1409 873/4765/1409 1255/4766/1409 1251/4767/1409 1248/4768/1409 1249/4769/1409
f 1249/4770/1410 1248/4752/1403 1250/4751/1402
f 1255/4771/1411 1247/4772/1411 1254/4773/1411 1252/4774/1411 1251/4775/1411
s 0
f 245/4776/1412 244/4777/1412 248/4778/1412
f 244/4777/1413 241/4779/1413 248/4780/1413
f 241/4779/1414 240/4781/1414 248/4780/1414
f 250/4782/1415 248/4783/1415 240/4784/1415
f 240/4785/1416 1257/4786/1416 250/4787/1416
f 1258/4788/1417 244/4789/1417 245/4790/1417
f 241/4779/1418 244/4777/1418 1257/4791/1418
f 1257/4792/1419 240/4785/1419 241/4793/1419
s 1
f 245/4794/1420 248/4795/1420 250/4796/1420 1256/4797/1420 1258/4798/1420
f 244/4799/1421 1258/4800/1421 1256/4801/1421 1257/4802/1421
f 1257/4803/1422 1256/4804/1422 250/4805/1422
s 0
f 57/4806/1423 45/4807/1423 663/4808/1423 661/4809/1423
f 44/4810/1424 65/4811/1424 1260/4812/1424
f 1260/4812/1425 313/4813/1425 44/4810/1425
s 1
f 661/4814/17 1260/4815/17 65/4816/17 57/4817/17
f 1260/4818/1426 663/4819/1426 313/4820/1426
f 663/4821/1427 1260/4822/1427 661/4823/1427
s 0
f 1263/4824/1428 1261/4825/1428 1262/4826/1428 496/4827/1428
f 495/4828/1429 1263/4824/1429 496/4829/1429
f 1265/4830/1430 1264/4831/1430 108/4832/1430 118/4833/1430
f 117/4834/1431 108/4835/1431 504/4836/1431
f 117/4834/1432 504/4837/1432 1266/4838/1432 1267/4839/1432
f 495/4828/1433 496/4840/1433 1267/4839/1433 1266/4838/1433
f 504/4841/1434 108/4832/1434 1268/4842/1434
f 1268/4842/1435 108/4832/1435 1264/4843/1435
s 1
f 496/4844/1436 1262/4845/1436 1265/4846/1436 118/4847/1436 117/4848/1436 1267/4849/1436
f 1264/4850/1437 1261/4851/1437 495/4852/1437 1266/4853/1437 504/4854/1437 1268/4855/1437
f 1265/4856/1438 1262/4857/1438 1261/4858/1438 1264/4859/1438
f 1263/4860/1439 495/4861/1439 1261/4862/1439
s 0
f 373/4863/1440 1271/4864/1440 1270/4865/1440
f 1271/4864/1441 373/4863/1441 376/4866/1441 1272/4867/1441
f 1274/4868/1442 1273/4869/1442 376/4870/1442 382/4871/1442
f 1276/4872/1443 1275/4873/1443 1273/4874/1443 1274/4875/1443
f 1269/4876/1444 1275/4873/1444 1276/4872/1444 1277/4877/1444
f 1278/4878/1445 1269/4879/1445 1277/4877/1445
f 1280/4880/1446 373/4863/1446 1279/4881/1446
f 1281/4882/1447 1282/4883/1447 1279/4881/1447 373/4863/1447 1270/4865/1447
f 373/4863/1448 1280/4880/1448 379/4884/1448
s 1
f 1274/4885/17 382/4886/17 379/4887/17 1280/4888/17 1279/4889/17 1282/4890/17 1278/4891/17 1277/4892/17 1276/4893/17
f 1269/4894/1449 1281/4895/1449 1270/4896/1449 1271/4897/1449 1272/4898/1449 376/4899/1449 1273/4900/1449 1275/4901/1449
f 1281/4902/1450 1269/4903/1450 1278/4904/1450 1282/4905/1450
s 0
f 1264/4906/1451 108/4907/1451 504/4908/1451
f 121/4909/1452 1284/4910/1452 1285/4911/1452 114/4912/1452
f 1284/4910/1453 1287/4913/1453 1286/4914/1453 119/4915/1453 120/4916/1453 1285/4911/1453
f 1288/4917/1454 1286/4914/1454 1287/4913/1454 1289/4918/1454
f 108/4919/1455 118/4920/1455 1288/4917/1455 1289/4918/1455 129/4921/1455
f 1290/4922/1456 121/4923/1456 114/4924/1456
s 1
f 1288/4925/17 118/4926/17 1265/4927/17 119/4928/17 1286/4929/17
f 127/4930/1457 129/4931/1457 1289/4932/1457 1287/4933/1457 1284/4934/1457 121/4935/1457 1290/4936/1457 1283/4937/1457 1264/4938/1457 504/4939/1457
f 114/4940/1458 1285/4941/1458 120/4942/1458 1283/4943/1458 1290/4944/1458
f 119/4945/1459 1265/4946/1459 1264/4947/1459 1283/4948/1459 120/4949/1459
s 0
f 1253/4950/1460 1294/4951/1460 1252/4952/1460
s 1
f 1252/4953/1461 1293/4954/1461 1251/4955/1461
f 1293/4956/1462 1252/4957/1462 1294/4958/1462
f 1253/4959/1463 1251/4960/1463 1293/4961/1463 1294/4962/1463
s 0
f 1295/4963/1464 535/4964/1464 1296/4965/1464
f 535/4964/1465 1295/4966/1465 729/4967/1465
s 1
f 729/4968/1466 1295/4969/1466 1296/4970/1466 534/4971/1466 532/4972/1466 739/4973/1466
f 534/4974/1467 1296/4975/1467 535/4976/1467
s 0
f 263/4977/1468 1300/4978/1468 1299/4979/1468 264/4980/1468
s 1
f 1297/4981/17 1135/4982/17 268/4983/17 264/4984/17 1299/4985/17
f 267/4986/1 1298/4987/1 1300/4988/1 263/4989/1
f 1135/4990/1469 1297/4991/1469 1298/4992/1469 267/4993/1469
f 1300/4994/1470 1298/4995/1470 1297/4996/1470 1299/4997/1470
s 0
f 578/4998/1471 576/4999/1471 1273/5000/1471 1302/5001/1471 1301/5002/1471
f 1303/5003/1472 576/5004/1472 581/5005/1472
f 1273/5006/1473 576/5004/1473 1303/5003/1473
s 1
f 580/5007/1474 1301/5008/1474 1302/5009/1474 1273/5010/1474 1303/5011/1474 581/5012/1474
f 578/5013/529 1301/1975/529 580/5014/529
s 0
f 1305/5015/1475 1306/5016/1475 1307/5017/1475
f 1307/5017/1476 1306/5018/1476 844/5019/1476
f 844/5020/1477 1306/5021/1477 842/5022/1477
s 1
f 842/5023/1478 1304/5024/1478 1305/5025/1478 1307/5026/1478 844/5027/1478
f 1306/5028/1479 1304/5029/1479 842/5030/1479
f 1304/5031/1480 1306/5032/1480 1305/5033/1480
s 0
f 1308/5034/1481 409/5035/1481 413/5036/1481 1309/5037/1481
f 1308/5038/1482 415/5039/1482 409/5040/1482
s 1
f 1309/5041/1483 413/5042/1483 414/5043/1483
f 1308/5044/1484 1309/5045/1484 414/5046/1484 415/5047/1484
s 0
f 124/5048/1485 131/5049/1485 130/5050/1485 1311/5051/1485
f 1312/5052/1486 322/5053/1486 323/5054/1486 1313/5055/1486
f 350/5056/1487 1312/5052/1487 1313/5055/1487 352/5057/1487
f 1314/5058/1488 115/5059/1488 116/5060/1488 1315/5061/1488
f 124/5048/1489 1311/5051/1489 1314/5058/1489 1315/5061/1489
f 1317/5062/1490 1316/5063/1490 238/5064/1490 239/5065/1490
f 1318/5066/1491 1316/5063/1491 1317/5062/1491 1319/5067/1491
f 568/5068/1492 565/5069/1492 564/5070/1492
f 634/5071/1493 565/5072/1493 566/5073/1493 633/5074/1493
f 345/5075/1494 851/5076/1494 344/5077/1494
f 851/5078/1495 115/5079/1495 344/5080/1495
f 1320/5081/1496 315/5082/1496 332/5083/1496 330/5084/1496
f 1320/5081/1497 330/5084/1497 1322/5085/1497 1321/5086/1497
f 1321/5086/1498 1322/5085/1498 323/5054/1498 322/5053/1498
f 115/5059/1499 851/5087/1499 116/5060/1499
f 1324/5088/1500 1323/5089/1500 630/5090/1500 629/5091/1500
f 1323/5089/1501 1324/5088/1501 1318/5066/1501 1319/5067/1501
f 1171/5092/1502 564/5093/1502 565/5072/1502 634/5071/1502
f 564/5094/1503 1171/5095/1503 568/5096/1503
f 1310/5097/1504 568/5098/1504 1171/5095/1504 332/5099/1504 315/5100/1504
s 1
f 1171/5101/17 634/5102/17 636/5103/17 630/5104/17 1323/5105/17 1319/5106/17 1317/5107/17 239/5108/17 131/5109/17 124/5110/17 1315/5111/17 116/5112/17 851/5113/17 345/5114/17 353/5115/17 352/5116/17 1313/5117/17 323/5118/17 1322/5119/17 330/5120/17 332/5121/17
f 115/5122/1505 1314/5123/1505 1311/5124/1505 130/5125/1505 238/5126/1505 1316/5127/1505 1318/5128/1505 1324/5129/1505 629/5130/1505 635/5131/1505 633/5132/1505 566/5133/1505 565/5134/1505 568/5135/1505 1310/5136/1505 315/5137/1505 1320/5138/1505 1321/5139/1505 322/5140/1505 1312/5141/1505 350/5142/1505 344/5143/1505
s 0
f 352/5144/1506 353/5145/1506 344/5146/1506 350/5147/1506
f 949/5148/1507 946/5149/1507 390/5150/1507
f 949/5151/1508 390/5150/1508 1325/5152/1508
f 390/5150/1509 946/5149/1509 395/5153/1509
f 948/5154/1510 395/5155/1510 946/5156/1510
f 392/5157/1511 390/5158/1511 395/5159/1511
f 391/5160/1512 390/5158/1512 392/5157/1512
f 1325/5161/1513 390/5162/1513 391/5163/1513
s 1
f 949/5164/1514 1325/5165/1514 391/5166/1514 392/5167/1514 946/5168/1514
f 395/5169/1515 948/5170/1515 946/5171/1515 392/5172/1515
s 0
f 1328/5173/1516 1158/5174/1516 1157/5175/1516 1327/5176/1516
f 1242/5177/1517 1240/5178/1517 1241/5179/1517
f 1240/5180/1518 1242/5177/1518 1239/5181/1518 1238/5182/1518
f 1238/5182/1519 1239/5181/1519 1329/5183/1519 1330/5184/1519
f 1152/5185/1520 1159/5186/1520 1330/5184/1520 1329/5183/1520
f 1331/5187/1521 1242/5188/1521 1241/5189/1521
s 1
f 1159/5190/1522 1158/5191/1522 1328/5192/1522 1240/5193/1522 1238/5194/1522 1330/5195/1522
f 1331/5196/1523 1326/5197/1523 1327/5198/1523 1157/5199/1523 1152/5200/1523 1329/5201/1523 1239/5202/1523 1242/5203/1523
f 1240/5204/1524 1326/5205/1524 1331/5206/1524 1241/5207/1524
f 1327/5208/1525 1326/5209/1525 1240/5210/1525 1328/5211/1525
s 0
f 784/5212/1526 209/5213/1526 212/5214/1526 790/5215/1526
f 786/5216/1527 790/5215/1527 787/5217/1527
f 786/5218/1528 784/5219/1528 790/5215/1528
s 1
f 885/5220/1529 210/5221/1529 209/5222/1529 784/5223/1529 786/5224/1529
f 212/5225/1530 210/5226/1530 790/5227/1530
f 790/5228/1531 210/5229/1531 885/5230/1531 787/5231/1531
s 0
f 1076/5232/1532 1075/5233/1532 1078/5234/1532
f 1334/5235/1533 1072/5236/1533 1335/5237/1533
f 1335/5237/1534 1072/5236/1534 1073/5238/1534
f 1072/5236/1535 1334/5235/1535 1336/5239/1535
f 1337/5240/1536 1336/5239/1536 1334/5235/1536
f 1333/5241/1537 1332/5242/1537 770/5243/1537
f 1332/5244/1538 1338/5245/1538 770/5246/1538
f 1338/5247/1539 1332/5248/1539 1334/5235/1539
f 1337/5249/1540 1334/5235/1540 1332/5248/1540
s 1
f 1334/5250/1541 1335/5251/1541 1073/5252/1541 1078/5253/1541 1075/5254/1541 770/5255/1541 1338/5256/1541
f 1076/5257/1542 1072/5258/1542 1336/5259/1542 1337/5260/1542 1332/5261/1542 1333/5262/1542
f 770/5263/1543 1075/5264/1543 1076/5265/1543 1333/5266/1543
s 0
f 894/5267/1544 891/5268/1544 895/5269/1544
f 905/5270/1545 894/5271/1545 895/5269/1545
f 1110/5272/1546 1339/5273/1546 894/5274/1546 905/5270/1546 1107/5275/1546
f 1339/5273/1547 1110/5276/1547 1109/5277/1547
f 1325/5278/1548 388/5279/1548 1340/5280/1548
f 891/5281/1549 1341/5282/1549 1342/5283/1549
f 1340/5284/1550 388/5279/1550 389/5285/1550 1343/5286/1550
f 393/5287/1551 1342/5283/1551 1341/5282/1551 1343/5288/1551 389/5289/1551
f 1342/5283/1552 895/5290/1552 891/5281/1552
f 391/5291/1553 1344/5292/1553 390/5293/1553
f 1325/5294/1554 390/5295/1554 388/5279/1554
f 388/5296/1555 390/5293/1555 1344/5292/1555 1345/5297/1555
f 389/5298/1556 388/5296/1556 1345/5297/1556 393/5299/1556
s 1
f 905/5300/1557 895/5301/1557 1342/5302/1557 393/5303/1557 1345/5304/1557 1344/5305/1557 391/5306/1557 1110/5307/1557 1107/5308/1557
f 894/5309/1558 1339/5310/1558 1109/5311/1558 1325/5312/1558 1340/5313/1558 1343/5314/1558 1341/5315/1558 891/5316/1558
f 1109/5317/1559 1110/5318/1559 391/5319/1559 1325/5320/1559
s 0
f 31/5321/1560 26/5322/1560 28/5323/1560
f 28/5323/1561 26/5322/1561 27/5324/1561
f 27/5325/1562 1346/5326/1562 28/5327/1562
f 1347/5328/1563 31/5329/1563 28/5330/1563
f 935/5331/1564 31/5329/1564 1347/5328/1564
f 935/5332/1565 936/5333/1565 31/5334/1565
f 988/5335/1566 839/5336/1566 31/5334/1566 936/5333/1566
f 839/5337/1567 27/5324/1567 26/5322/1567
f 27/5338/1568 839/5339/1568 1348/5340/1568
f 839/5341/1569 988/5342/1569 1349/5343/1569
s 1
f 1348/5344/1570 1346/5345/1570 27/5346/1570
f 839/5347/1571 935/5348/1571 1346/5349/1571 1348/5350/1571
f 935/5351/1572 839/5352/1572 1349/5353/1572
f 988/5354/1573 936/5355/1573 935/5356/1573 1349/5357/1573
f 935/5358/1574 1347/5359/1574 28/5360/1574 1346/5361/1574
f 429/5362/1575 437/5363/1575 1351/5364/1575 713/5365/1575
f 713/5366/1576 1351/5367/1576 436/5368/1576
f 436/5369/1577 1351/5370/1577 437/5371/1577
s 0
f 960/5372/1578 488/5373/1578 487/5374/1578 1354/5375/1578
f 1354/5375/1579 961/5376/1579 959/5377/1579 960/5378/1579
f 1355/5379/1580 1352/5380/1580 959/5381/1580 961/5382/1580
s 1
f 1352/5383/17 960/5384/17 959/5385/17
f 961/5386/1581 1354/5387/1581 487/5388/1581 489/5389/1581 1353/5390/1581 1355/5391/1581
f 960/5392/1582 1352/1628/1582 1353/1627/1582 489/5393/1582 488/5394/1582
f 1355/5395/1583 1353/5396/1583 1352/5397/1583
s 0
f 1357/5398/1584 1359/5399/1584 1358/5400/1584
f 1360/5401/1585 1358/5400/1585 1359/5399/1585 1362/5402/1585 1361/5403/1585
f 1363/5404/1586 1361/5405/1586 1362/5406/1586
s 1
f 1362/5407/1587 1359/5408/1587 1357/5409/1587 1356/5410/1587 1363/5411/1587
f 1356/5412/1588 1360/5413/1588 1361/5414/1588 1363/5415/1588
f 1360/5416/1589 1356/5417/1589 1357/5418/1589 1358/5419/1589
s 0
f 1367/5420/1590 1368/5421/1590 1366/5422/1590
f 1368/5421/1591 1367/5420/1591 111/5423/1591 1369/5424/1591 1364/5425/1591
f 1369/5426/1592 111/5427/1592 114/5428/1592
s 1
f 1366/5429/1593 1364/5430/1593 1365/5431/1593 1290/5432/1593 121/5433/1593 111/5434/1593 1367/5435/1593
f 1364/5436/1594 1366/5437/1594 1368/5438/1594
f 1365/5439/1595 1364/5440/1595 1369/5441/1595
f 1290/5442/1596 1365/5443/1596 1369/5444/1596 114/5445/1596
s 0
f 741/5446/1597 874/5447/1597 882/5448/1597
f 1373/5449/1598 1372/5450/1598 901/5451/1598
s 1
f 741/5452/1599 882/5453/1599 1370/5454/1599 1371/5455/1599 1376/5456/1599 901/5457/1599 1372/5458/1599
s 0
f 1374/5459/1600 881/5460/1600 874/5447/1600
f 882/5461/1601 874/5447/1601 881/5460/1601
f 1371/5462/1602 1373/5463/1602 901/5464/1602 1376/5465/1602
s 1
f 1374/5466/1603 1375/5467/1603 1370/5468/1603 882/5469/1603 881/5470/1603
f 1373/5471/1604 1370/5472/1604 1375/5473/1604
f 1373/5474/1605 1371/5475/1605 1370/5476/1605
s 0
f 1374/5477/1606 874/5478/1606 741/5479/1606 1372/5450/1606 1373/5480/1606 1375/5481/1606
f 1377/5482/1607 164/5483/1607 166/5484/1607
s 1
f 1377/5485/1608 167/5486/1608 165/5487/1608
f 167/5488/1609 1377/5489/1609 166/5490/1609
f 1377/5491/1610 165/5492/1610 164/5493/1610
s 0
f 769/5494/1611 1379/5495/1611 1380/5496/1611
f 1380/5496/1612 1379/5495/1612 1382/5497/1612 1381/5498/1612
f 1227/5499/1613 1381/5498/1613 1382/5497/1613 1383/5500/1613 1384/5501/1613
f 1386/5502/1614 1385/5503/1614 170/5504/1614 171/5505/1614
f 162/5506/1615 163/5507/1615 170/5508/1615
f 171/5509/1616 170/5508/1616 163/5507/1616
s 1
f 1386/5510/1617 171/5511/1617 163/5512/1617 1378/5513/1617 819/5514/1617
f 769/5515/1618 1380/5516/1618 1381/5517/1618 1227/5518/1618 162/5519/1618
f 1378/5520/1619 1384/5521/1619 1383/5522/1619 819/5523/1619
f 162/5524/1620 1227/5525/1620 1384/5526/1620 1378/5527/1620 163/5528/1620
f 170/5529/1621 1385/5530/1621 769/5531/1621
f 1379/5532/1622 769/5533/1622 1385/5534/1622 1386/5535/1622
f 1383/5536/1623 1382/5537/1623 1379/5538/1623 1386/5539/1623 819/5540/1623
s 0
f 1388/5541/1624 1387/5542/1624 1391/5543/1624
f 706/5544/1625 705/5545/1625 1390/5546/1625
f 705/5547/1626 54/5548/1626 1390/5549/1626
f 705/5550/1627 48/5551/1627 54/5552/1627
f 48/5553/1628 1387/5554/1628 1389/5555/1628
f 48/5556/1629 1062/5557/1629 1387/5554/1629
f 1387/5542/1630 1062/5558/1630 1066/5559/1630
f 1391/5543/1631 1387/5542/1631 1066/5559/1631
f 1062/5560/1632 48/5551/1632 705/5550/1632
f 1062/5560/1633 705/5550/1633 1066/5561/1633
s 1
f 1388/5562/1634 706/5563/1634 1390/5564/1634 54/5565/1634 48/5566/1634 1389/5567/1634 1387/5568/1634
f 707/5569/1635 706/5570/1635 1388/5571/1635 1066/5572/1635
f 1066/5573/1636 1388/5574/1636 1391/5575/1636
s 0
f 619/5576/1637 1079/5577/1637 623/5578/1637
f 1079/5579/1638 619/5580/1638 829/5581/1638
f 1082/5582/1639 1079/5579/1639 829/5583/1639 1392/5584/1639
s 1
f 622/5585/1640 620/5586/1640 1392/5587/1640 829/5588/1640
f 623/5589/1641 1082/5590/1641 1392/5591/1641 620/5592/1641
s 0
f 1097/5593/1642 1394/5594/1642 1395/5595/1642 1099/5596/1642
f 648/5597/1643 649/5598/1643 1395/5595/1643 1394/5594/1643
f 648/5597/1644 654/5599/1644 649/5598/1644
f 1032/5600/1645 1031/5601/1645 654/5602/1645 648/5603/1645
f 348/5604/1646 1396/5605/1646 1098/5606/1646 358/5607/1646
f 1099/5596/1647 1098/5606/1647 1396/5605/1647 1097/5593/1647
f 691/5608/1648 690/5609/1648 1397/5610/1648
f 350/5611/1649 1398/5612/1649 1399/5613/1649 352/5614/1649
f 358/5607/1650 1399/5613/1650 1398/5612/1650 348/5604/1650
f 318/5615/1651 317/5616/1651 1397/5610/1651 690/5617/1651
s 1
f 1313/5618/1652 352/5619/1652 1399/5620/1652 358/5621/1652 1098/5622/1652 1099/5623/1652 1395/5624/1652 649/5625/1652 654/5626/1652 1393/5627/1652 691/5628/1652 1397/5629/1652 317/5630/1652 323/5631/1652
f 648/5632/1653 1394/5633/1653 1097/5634/1653 1396/5635/1653 348/5636/1653 1398/5637/1653 350/5638/1653 1312/5639/1653 322/5640/1653 319/5641/1653 318/5642/1653 690/5643/1653 1032/5644/1653
f 1393/5645/624 1031/5646/624 1032/5647/624 690/5648/624 691/5649/624
f 1031/5650/1654 1393/5651/1654 654/5652/1654
s 0
f 1401/5653/1655 1404/5654/1655 1400/5655/1655
f 560/5656/1656 559/5657/1656 83/5658/1656 1405/5659/1656
f 1406/5660/1657 1405/5659/1657 83/5658/1657
f 1400/5661/1658 1404/5662/1658 1405/5659/1658 1406/5660/1658 1407/5663/1658
f 83/5658/1659 559/5657/1659 1186/5664/1659 78/5665/1659
f 1186/5664/1660 559/5657/1660 561/5666/1660
s 1
f 78/5667/1661 1403/5668/1661 1402/5669/1661 1401/5670/1661 1400/5671/1661 1407/5672/1661 1406/5673/1661 83/5674/1661
f 1402/5675/1662 560/5676/1662 1405/5677/1662 1404/5678/1662 1401/5679/1662
f 1402/5680/1663 1403/5681/1663 561/5682/1663 560/5683/1663
f 561/5684/1664 1403/5685/1664 78/5686/1664 1186/5687/1664
s 0
f 1410/5688/1665 333/5689/1665 1409/5690/1665
f 333/5691/1666 1410/5692/1666 332/4460/1666 315/5693/1666 334/5694/1666
s 1
f 1409/5695/17 1408/5696/17 567/5697/17 1171/5698/17 332/5699/17 1410/5700/17
f 1408/5701/1667 1310/5702/1667 568/5703/1667 567/5704/1667
f 315/5705/1668 1310/5706/1668 1408/5707/1668 1409/5708/1668 334/5709/1668
f 1409/5710/1669 333/5711/1669 334/5712/1669
s 0
f 1412/5713/1670 1247/5714/1670 1413/5715/1670
f 1412/5716/1671 304/5717/1671 302/5718/1671
f 302/5718/1672 1247/5719/1672 1412/5720/1672
f 302/5721/1673 304/5722/1673 305/5723/1673
f 305/5723/1674 1411/5724/1674 302/5721/1674
f 1255/5725/1675 302/5721/1675 1411/5724/1675 1414/5726/1675
f 1415/5727/1676 1414/5728/1676 1411/5724/1676
f 1415/5727/1677 1411/5724/1677 305/5729/1677
s 1
f 1412/5730/1678 1413/5731/1678 1415/5732/1678 305/5733/1678 304/5734/1678
f 1415/5735/1679 1413/5736/1679 1247/5737/1679 1255/5738/1679 1414/5739/1679
f 1420/5740/1680 1337/5741/1680 1072/5742/1680 1417/5743/1680 1416/5744/1680 74/5745/1680 68/5746/1680 71/5747/1680 1418/5748/1680 1419/5749/1680
s 0
f 292/5750/1681 68/5751/1681 74/5752/1681
f 68/5753/1682 292/5754/1682 1418/5755/1682 71/5756/1682
f 1334/5757/1683 1072/5758/1683 1337/5759/1683
f 1072/5760/1684 1334/5761/1684 1417/5762/1684
f 1337/5763/1685 294/5764/1685 1334/5765/1685
f 294/5764/1686 292/5766/1686 1334/5765/1686
f 292/5754/1687 294/5764/1687 1418/5755/1687
f 1418/5755/1688 294/5764/1688 1419/5767/1688
f 1419/5767/1689 294/5764/1689 1420/5768/1689
f 1420/5768/1690 294/5764/1690 1337/5763/1690
f 1334/5761/1691 292/5750/1691 74/5769/1691 1416/5770/1691 1417/5762/1691
f 1424/5771/1692 647/5772/1692 643/5773/1692 1423/5774/1692
s 1
f 646/5775/17 645/5776/17 647/5777/17 1424/5778/17 1421/5779/17 807/5780/17
f 1422/5781/1 1423/5782/1 643/5783/1 644/5784/1 808/5785/1
f 1423/5786/1693 1422/5787/1693 1421/5788/1693 1424/5789/1693
f 1421/5790/581 1422/5791/581 808/5792/581 807/5793/581
s 0
f 1291/5794/1694 702/5795/1694 1425/5796/1694
f 1425/5796/1695 1427/5797/1695 1291/5794/1695
f 1425/5798/1696 702/5799/1696 1426/5800/1696 1428/5801/1696
f 1425/5802/1697 1428/5803/1697 1427/5804/1697
s 1
f 1426/5805/1698 1291/5806/1698 1427/5807/1698 1428/5808/1698
f 702/5809/1699 1291/5810/1699 1426/5811/1699
s 0
f 934/5812/1700 922/5813/1700 926/5814/1700 927/5815/1700
f 926/5816/1701 922/5817/1701 1431/5818/1701
f 934/5819/1702 863/5820/1702 922/5821/1702
f 863/5820/1703 1429/5822/1703 922/5821/1703
f 1431/5818/1704 922/5817/1704 1429/5823/1704 1432/5824/1704
f 1432/5825/1705 1429/5826/1705 863/5827/1705
s 1
f 863/5828/1706 934/5829/1706 927/5830/1706 1430/5831/1706 1432/5832/1706
f 1431/5833/1707 1430/5834/1707 927/2930/1707 926/5835/1707
f 1430/5836/1708 1431/5837/1708 1432/5838/1708
s 0
f 991/5839/1709 1433/5840/1709 540/5841/1709
f 544/5842/1710 540/5843/1710 1433/5844/1710
f 991/5845/1711 995/5846/1711 1246/5847/1711
f 1433/5848/1712 991/5839/1712 1244/5849/1712
s 1
f 1433/5850/1713 1244/5851/1713 1246/5852/1713 995/5853/1713 542/5854/1713 544/5855/1713
s 0
f 723/5856/1714 893/5857/1714 742/5858/1714
f 893/5857/1715 896/5859/1715 742/5858/1715
f 733/5860/1716 742/5861/1716 1435/5862/1716
f 733/5863/1717 723/5864/1717 742/5865/1717
f 893/5866/1718 723/5864/1718 733/5863/1718
f 896/5859/1719 893/5857/1719 1436/5867/1719
s 1
f 901/5868/1 893/5869/1 733/5870/1 741/5871/1
s 0
f 741/5872/1720 743/5873/1720 724/5874/1720
f 741/5872/1721 733/5875/1721 1435/5862/1721 743/5873/1721
f 901/5876/1722 1373/5877/1722 1437/5878/1722 899/5879/1722
f 1374/5880/1723 874/5881/1723 1438/5882/1723
f 1373/5883/1724 901/5876/1724 874/5884/1724 1374/5885/1724 1375/5886/1724
f 874/5881/1725 724/5887/1725 1438/5882/1725
f 741/5888/1726 874/5884/1726 901/5876/1726
s 1
f 742/5889/1727 896/5890/1727 1436/5891/1727 899/5892/1727 1437/5893/1727 1434/5894/1727 1375/5895/1727 1374/5896/1727 1438/5897/1727 724/5898/1727 743/5899/1727 1435/5900/1727
f 1375/5901/1728 1434/5902/1728 1373/5903/1728
f 1373/5904/1729 1434/5905/1729 1437/5906/1729
s 0
f 893/5857/1730 901/5907/1730 899/5908/1730 1436/5867/1730
f 1175/5909/1731 865/5910/1731 1439/5911/1731
f 933/5912/1732 1175/5913/1732 1439/5911/1732
s 1
f 865/5914/1 1176/5915/1 933/5916/1 1439/5917/1
f 1177/5918/1733 1176/5919/1733 865/5920/1733 1175/5921/1733 1178/5922/1733
s 0
f 478/5923/1734 576/5924/1734 581/5925/1734
f 582/5926/1735 478/5923/1735 581/5925/1735
f 478/5927/1736 479/5928/1736 1441/5929/1736 576/5930/1736
f 478/5923/1737 582/5926/1737 584/5931/1737 585/5932/1737
f 1303/5933/1738 576/5930/1738 1441/5929/1738
s 1
f 585/5934/1739 477/5935/1739 478/5936/1739
f 479/5937/1740 1440/5938/1740 581/5939/1740 1303/5940/1740 1441/5941/1740
f 836/5942/1741 1440/5943/1741 479/5944/1741 476/5945/1741
f 582/5946/528 581/5947/528 1440/5948/528 836/5949/528 584/5950/528
s 0
f 470/5951/1742 468/5952/1742 465/5953/1742
f 465/5953/1743 468/5952/1743 454/5954/1743
f 465/5955/1744 454/5956/1744 460/5957/1744
f 465/5955/1745 460/5958/1745 467/5959/1745
s 1
f 470/5960/1746 465/5961/1746 467/5962/1746 471/5963/1746
f 468/5964/1747 471/5965/1747 467/5966/1747 460/5967/1747
s 0
f 468/5968/1748 460/5969/1748 454/5954/1748
f 1091/5970/1749 1445/5971/1749 1090/5972/1749
f 1445/5971/1750 1091/5970/1750 1444/5973/1750
s 1
f 1090/1535/1751 1444/5974/1751 1091/5975/1751
f 1445/5976/1752 1444/5977/1752 1090/5978/1752
s 0
f 206/5979/1753 202/5980/1753 1447/5981/1753
f 1447/5981/1754 202/5982/1754 1235/5983/1754 1233/5984/1754
f 202/5985/1755 1448/5986/1755 1449/5987/1755
f 1448/5986/1756 202/5988/1756 204/5989/1756
s 1
f 206/5990/17 1447/5991/17 1233/5992/17 1446/5993/17 203/5994/17
f 202/5995/1757 1449/5996/1757 1235/5997/1757
f 1446/5998/1377 1233/5999/1377 1235/6000/1377 1449/6001/1377 1448/6002/1377
f 203/6003/1758 1446/6004/1758 1448/6005/1758 204/6006/1758
s 0
f 978/6007/1759 795/6008/1759 1451/6009/1759 983/6010/1759
f 978/6007/1760 984/6011/1760 795/6008/1760
f 803/6012/1761 795/6008/1761 984/6011/1761 1452/6013/1761
f 984/6011/1762 978/6007/1762 983/6010/1762 986/6014/1762 985/6015/1762
f 1453/6016/1763 1216/6017/1763 1220/6018/1763
f 1222/6019/1764 1216/6017/1764 1453/6020/1764 1454/6021/1764 1455/6022/1764
f 1455/6022/1765 1454/6021/1765 1457/6023/1765 1456/6024/1765
s 1
f 1457/6025/1766 986/6026/1766 983/6027/1766 1451/6028/1766 795/6029/1766 1225/6030/1766 1222/6031/1766 1455/6032/1766 1456/6033/1766
f 796/6034/1767 803/6035/1767 1452/6036/1767 1450/6037/1767 1453/6038/1767 1220/6039/1767 1224/6040/1767
f 1453/6041/1768 1450/6042/1768 1457/6043/1768 1454/6044/1768
f 1457/6045/1769 1450/6046/1769 1452/6047/1769 984/6048/1769 985/6049/1769 986/6050/1769
s 0
f 1459/6051/1770 889/6052/1770 890/6053/1770
f 889/6052/1771 1459/6051/1771 895/6054/1771 891/6055/1771
f 1341/6056/1772 895/6057/1772 1342/6058/1772
f 895/6059/1773 1341/6056/1773 891/6055/1773
f 1341/6056/1774 1342/6058/1774 1143/6060/1774 1142/6061/1774
s 1
f 890/6062/1775 1138/6063/1775 1143/6064/1775 1342/6065/1775 895/6066/1775 1459/6067/1775
f 1142/6068/1776 1458/6069/1776 889/6070/1776 891/6071/1776 1341/6072/1776
f 1458/6073/1237 1142/6074/1237 1137/6075/1237
f 890/6076/1777 889/6077/1777 1458/6078/1777 1137/6079/1777 1138/6080/1777
f 921/6081/1778 1207/6082/1778 920/6083/1778 915/6084/1778
s 0
f 431/6085/1779 433/6086/1779 428/6087/1779 432/6088/1779
f 428/6087/1780 427/6089/1780 432/6088/1780
f 427/6090/1781 1308/6091/1781 432/6092/1781
f 409/6093/1782 428/6094/1782 433/6095/1782
f 1461/6096/1783 411/6097/1783 409/6093/1783 433/6095/1783
f 1308/6091/1784 427/6090/1784 409/6098/1784
f 427/6090/1785 428/6099/1785 409/6098/1785
s 1
f 431/6100/1786 1460/6101/1786 416/6102/1786 410/6103/1786 411/6104/1786 1461/6105/1786 433/6106/1786
f 431/6107/1787 432/6108/1787 1308/6109/1787
f 1308/6110/1788 1460/6111/1788 431/6112/1788
f 415/6113/1789 416/6114/1789 1460/6115/1789 1308/6116/1789
s 0
f 1462/6117/1790 1057/6118/1790 1058/6119/1790
f 1192/6120/1791 1054/6121/1791 1057/6122/1791 1463/6123/1791
f 1464/6124/1792 1462/6125/1792 1058/6126/1792
f 1058/6127/1793 1054/6128/1793 1191/6129/1793 1464/6130/1793
s 1
f 1057/6131/1794 1462/6132/1794 1463/6133/1794
f 1191/6134/1795 1192/6135/1795 1463/6136/1795 1462/6137/1795 1464/6138/1795
s 0
f 1468/6139/1796 258/6140/1796 260/6141/1796 1467/6142/1796
f 258/6143/1797 1468/6144/1797 1472/6145/1797
f 1470/6146/1798 258/6147/1798 259/6148/1798
f 260/6149/1799 258/6150/1799 1470/6146/1799 261/6151/1799
f 1469/6152/1800 1468/6153/1800 1471/6154/1800 1472/6155/1800
f 1429/6156/1801 857/6157/1801 1472/6158/1801
f 1472/6158/1802 857/6157/1802 1465/6159/1802
f 1472/6145/1803 1465/6160/1803 258/6143/1803
f 1432/6161/1804 1429/6162/1804 1472/6155/1804 1471/6154/1804
f 1465/6163/1805 857/6164/1805 258/6165/1805
f 258/6165/1806 857/6164/1806 863/6166/1806 1473/6167/1806
f 258/6165/1807 1473/6167/1807 1470/6168/1807
f 1429/6162/1808 1432/6169/1808 1474/6170/1808 863/6171/1808
f 857/6157/1809 1429/6156/1809 863/6172/1809
s 1
f 863/6173/1810 1474/6174/1810 1432/6175/1810 1466/6176/1810 261/6177/1810 1470/6178/1810 1473/6179/1810
f 1467/6180/1811 261/6181/1811 1466/6182/1811 1468/6183/1811
f 1472/6184/1812 1468/6185/1812 1469/6186/1812
f 1468/6187/1813 1466/6188/1813 1432/6189/1813 1471/6190/1813
f 261/6191/1814 1467/6192/1814 260/6193/1814
s 0
f 991/6194/1815 990/6195/1815 1477/6196/1815 1246/6197/1815
f 997/6198/1816 991/6199/1816 542/6200/1816 996/6201/1816
f 997/6202/1817 992/6203/1817 991/6199/1817
f 997/6204/1818 990/6205/1818 992/6203/1818
f 990/6206/1819 1054/6207/1819 1187/6208/1819
f 1245/6209/1820 1477/6196/1820 990/6195/1820 1187/6210/1820
f 1187/6211/1821 1054/6207/1821 1190/6212/1821
f 1190/6212/1822 1054/6213/1822 1189/6214/1822
f 1478/6215/1823 1189/6216/1823 1054/6217/1823
f 1053/6218/1824 1478/6215/1824 1054/6217/1824
s 1
f 1477/6219/1825 1245/6220/1825 1187/6221/1825 1190/6222/1825 1189/6223/1825 1478/6224/1825 1475/6225/1825 1476/6226/1825 995/6227/1825 1246/6228/1825
f 1053/6229/1826 997/6230/1826 1475/6231/1826 1478/6232/1826
f 996/6233/1827 1475/6234/1827 997/6235/1827
f 996/6236/1828 1476/6237/1828 1475/6238/1828
f 995/6239/1829 1476/6240/1829 996/6241/1829 542/6242/1829
s 0
f 950/6243/1830 1480/6244/1830 1481/6245/1830
f 1482/6246/1831 953/6247/1831 950/6248/1831 1481/6249/1831
f 950/6243/1832 665/6250/1832 675/6251/1832 1480/6244/1832
f 1483/6252/1833 665/6253/1833 950/6254/1833 953/6255/1833 957/6256/1833
f 668/6257/1834 951/6258/1834 1484/6259/1834 673/6260/1834
f 951/6261/1835 665/6253/1835 1483/6252/1835 958/6262/1835
s 1
f 1480/6263/1836 675/6264/1836 673/6265/1836 1484/6266/1836 951/6267/1836 821/6268/1836 1479/6269/1836 1482/6270/1836 1481/6271/1836
f 953/6272/935 1482/6273/935 1479/6274/935 957/6275/935
f 821/6276/1837 958/6277/1837 1483/6278/1837 957/6279/1837 1479/6280/1837
s 0
f 530/6281/1838 1486/6282/1838 372/6283/1838
f 359/6284/1839 372/6285/1839 1486/6282/1839
f 1486/6282/1840 530/6281/1840 529/6286/1840
f 1485/6287/1841 1487/6288/1841 366/6289/1841
f 365/6290/1842 366/6291/1842 1487/6288/1842
s 1
f 371/6292/1843 365/6293/1843 530/6294/1843 372/6295/1843
f 359/6296/1844 1486/6297/1844 529/6298/1844 1485/6299/1844 366/6300/1844 370/6301/1844
f 1487/6302/1845 1485/6303/1845 529/6304/1845 530/6305/1845 365/6306/1845
s 0
f 31/6307/1846 1488/6308/1846 1347/6309/1846
f 1488/6308/1847 935/6310/1847 1347/6311/1847
f 35/6312/1848 1488/6313/1848 31/6314/1848
s 1
f 35/6315/1849 28/6316/1849 1347/6317/1849 935/6318/1849 1488/6319/1849
s 0
f 1319/6320/1850 1490/6321/1850 1489/6322/1850 1318/6323/1850
f 1491/6324/1851 1489/6322/1851 1490/6321/1851 1492/6325/1851
f 632/6326/1852 631/6327/1852 1494/6328/1852 1493/6329/1852
f 630/6330/1853 629/6331/1853 1493/6329/1853 1494/6328/1853
f 630/6330/1854 1323/6332/1854 1495/6333/1854 629/6331/1854
f 1318/6334/1855 1495/6333/1855 1323/6332/1855 1319/6335/1855
s 1
f 631/6336/17 1492/6337/17 1490/6338/17 1319/6339/17 1323/6340/17 630/6341/17 1494/6342/17
f 1491/6343/1 632/6344/1 1493/6345/1 629/6346/1 1495/6347/1 1318/6348/1 1489/6349/1
f 1492/6350/1856 631/6351/1856 632/6352/1856 1491/6353/1856
s 0
f 366/6354/1857 368/6355/1857 369/6356/1857 365/6357/1857
f 1328/6358/1858 1327/6359/1858 1497/6360/1858
f 1328/6361/1859 1497/6360/1859 1157/6362/1859 1158/6363/1859
s 1
f 365/6364/1860 369/6365/1860 1328/6366/1860 1158/6367/1860 1156/6368/1860 1496/6369/1860
f 1497/6370/1861 1327/6371/1861 368/6372/1861 366/6373/1861 1485/6374/1861 1155/6375/1861 1157/6376/1861
f 368/6377/1862 1327/6378/1862 1328/6379/1862 369/6380/1862
f 365/6381/1863 1496/6382/1863 1485/6383/1863 1487/6384/1863
f 1155/6385/1252 1485/6386/1252 1496/6387/1252 1156/6388/1252
s 0
f 1144/6389/1864 1128/6390/1864 856/6391/1864 1498/6392/1864
s 1
f 1147/6393/1865 174/6394/1865 1499/6395/1865 1498/6396/1865 856/6397/1865 1128/6398/1865
f 1498/6399/1866 1499/6400/1866 1144/6401/1866
f 1499/6402/1867 174/6403/1867 1144/6404/1867
s 0
f 559/6405/1868 1182/6406/1868 1185/6407/1868 563/6408/1868
f 1182/6406/1869 559/6405/1869 83/6409/1869
f 1182/6410/1870 83/6411/1870 1502/6412/1870
f 1502/6412/1871 83/6411/1871 1504/6413/1871 1501/6414/1871 1503/6415/1871
f 1503/6415/1872 1501/6414/1872 610/6416/1872
f 1404/6417/1873 1400/6418/1873 559/6419/1873 560/6420/1873
f 1406/6421/1874 83/6422/1874 559/6423/1874 1400/6424/1874
f 1406/6421/1875 1400/6424/1875 1407/6425/1875
f 1505/6426/1876 1501/6414/1876 1504/6413/1876
f 1500/6427/1877 610/6428/1877 1501/6429/1877
f 1407/6425/1878 1400/6424/1878 1501/6429/1878 1505/6430/1878
f 1400/6424/1879 1500/6427/1879 1501/6429/1879
f 1500/6431/1880 611/6432/1880 610/6433/1880
f 611/6432/1881 1500/6431/1881 1400/6434/1881 1404/6435/1881
s 1
f 83/6436/17 1406/6437/17 1407/6438/17 1505/6439/17 1504/6440/17
f 611/6441/1882 560/6442/1882 559/6443/1882 563/6444/1882 1185/6445/1882 1182/6446/1882 1502/6447/1882 1503/6448/1882 610/6449/1882
f 560/6450/1883 611/6451/1883 1404/6452/1883
s 0
f 839/6453/1884 988/6454/1884 1506/6455/1884
f 1349/6456/1885 839/6457/1885 840/6458/1885
s 1
f 1506/6459/1886 840/6460/1886 839/6461/1886
f 988/6462/1887 1349/6463/1887 840/6464/1887 1506/6465/1887
s 0
f 1201/6466/1888 1508/6467/1888 515/6468/1888 1115/6469/1888
f 1510/6470/1889 1509/6471/1889 1115/6472/1889 515/6473/1889
s 1
f 1510/6474/1890 1507/6475/1890 1509/6476/1890
f 1201/6477/1891 1115/6478/1891 1509/6479/1891 1507/6480/1891
f 515/6481/1892 1508/6482/1892 1201/6483/1892 1507/6484/1892 1510/6485/1892
s 0
f 857/6486/1893 859/6487/1893 1511/6488/1893 1512/6489/1893
f 258/6490/1894 969/6491/1894 259/6492/1894
f 964/6493/1895 969/6494/1895 258/6490/1895
f 964/6495/1896 1465/6496/1896 971/6497/1896 969/6498/1896
f 1465/6496/1897 857/6486/1897 1512/6489/1897 971/6497/1897
f 857/6499/1898 258/6490/1898 259/6500/1898
f 964/6495/1899 258/6501/1899 1465/6496/1899
s 1
f 259/6502/1900 969/6503/1900 1511/6504/1900 859/6505/1900 857/6506/1900
f 1511/6507/1901 969/6508/1901 971/6509/1901 1512/6510/1901
s 0
f 1337/6511/1902 978/6512/1902 1420/6513/1902
f 978/6512/1903 828/6514/1903 1513/6515/1903 1420/6513/1903
f 828/6514/1904 618/6516/1904 1513/6515/1904
f 1337/6511/1905 1332/6517/1905 795/6518/1905
f 1337/6511/1906 795/6518/1906 978/6512/1906
f 1452/6519/1907 984/6520/1907 978/6521/1907 1514/6522/1907
f 1514/6522/1908 978/6521/1908 795/6523/1908 803/6524/1908
f 828/6525/1909 832/6526/1909 618/6527/1909
f 618/6528/1910 832/6526/1910 1515/6529/1910
f 795/6530/1911 1516/6531/1911 803/6532/1911
f 1516/6531/1912 795/6530/1912 1332/6533/1912
s 1
f 1452/6534/1913 1514/6535/1913 803/6536/1913 1516/6537/1913 1332/6538/1913 1337/6539/1913 1420/6540/1913 1513/6541/1913 618/6542/1913 1515/6543/1913
f 832/6544/1914 984/6545/1914 1452/6546/1914 1515/6547/1914
s 0
f 1242/6548/1915 145/6549/1915 755/6550/1915
f 145/6549/1916 1242/6548/1916 1237/6551/1916 149/6552/1916
f 1237/6551/1917 1242/6553/1917 1241/6554/1917
s 1
f 1237/6555/1918 151/6556/1918 149/6557/1918
f 755/6558/1 756/6559/1 1517/6560/1 1331/6561/1 1242/6562/1
f 151/6563/133 1517/6564/133 756/6565/133 148/6566/133
f 1241/6567/1919 1331/6568/1919 1517/6569/1919 151/6570/1919 1237/6571/1919
s 0
f 302/6572/1920 872/6573/1920 308/6574/1920
f 1247/6575/1921 302/6576/1921 304/6577/1921 1412/6578/1921
f 1412/6579/1922 1250/6580/1922 1247/6575/1922
s 1
f 304/6581/1923 1249/6582/1923 1250/6583/1923 1412/6584/1923
f 872/6585/1924 1249/6586/1924 304/6587/1924 308/6588/1924
s 0
f 1508/6589/1925 1112/6590/1925 1113/6591/1925
f 1112/6592/1926 1508/6593/1926 1518/6594/1926
s 1
f 1518/6595/1927 1111/6596/1927 1112/6597/1927
f 1508/6598/1928 1113/6599/1928 1111/6600/1928 1518/6601/1928
f 169/6602/1929 1085/6603/1929 173/6604/1929
f 1085/6605/1930 169/6606/1930 166/6607/1930 1377/6608/1930
f 168/6609/1931 173/6610/1931 1085/6611/1931 1377/6612/1931 164/6613/1931
s 0
f 1522/6614/1932 506/6615/1932 870/6616/1932
f 870/6616/1933 506/6615/1933 869/6617/1933
f 869/6618/1934 506/6619/1934 866/6620/1934
f 869/6621/1935 866/6620/1935 1523/6622/1935 1521/6623/1935 307/6624/1935
f 866/6620/1936 506/6625/1936 1523/6622/1936
f 508/6626/1937 1523/6622/1937 506/6625/1937
f 221/6627/1938 213/6628/1938 506/6629/1938 1520/6630/1938
f 1520/6630/1939 506/6631/1939 1522/6614/1939
f 508/6632/1940 506/6633/1940 1524/6634/1940
f 1524/6634/1941 506/6633/1941 213/6635/1941 214/6636/1941
s 1
f 214/6637/1942 221/6638/1942 1520/6639/1942 1519/6640/1942 307/6641/1942 1521/6642/1942 1523/6643/1942 508/6644/1942 1524/6645/1942
f 1519/6646/1943 869/6647/1943 307/6648/1943
f 869/6649/1944 1519/6650/1944 1520/6651/1944 1522/6652/1944 870/6653/1944
s 0
f 1526/6654/1945 1527/6655/1945 1525/6656/1945 902/6657/1945
f 901/6658/1946 902/6659/1946 903/6660/1946 899/6661/1946
f 901/6662/1947 899/6663/1947 1528/6664/1947
f 1373/6665/1948 901/6662/1948 1528/6664/1948 1437/6666/1948
f 903/6667/1949 902/6668/1949 1525/6656/1949
s 1
f 1525/6669/17 1527/6670/17 1437/6671/17 1528/6672/17 899/6673/17 903/6674/17
f 1376/6675/1950 1371/6676/1950 1526/6677/1950 902/6678/1950 901/6679/1950
f 1437/6680/1951 1527/6681/1951 1526/6682/1951 1371/6683/1951 1373/6684/1951
s 0
f 1404/6685/1952 1400/6686/1952 1529/6687/1952
f 1529/6687/1953 1400/6686/1953 1500/6688/1953
f 1500/6688/1954 611/6689/1954 1529/6687/1954
f 611/6690/1955 287/6691/1955 286/6692/1955 1530/6693/1955
f 611/6694/1956 1500/6695/1956 287/6691/1956
f 288/6696/1957 287/6697/1957 1500/6698/1957
f 1531/6699/1958 288/6696/1958 1400/6700/1958 1404/6701/1958
f 1400/6700/1959 288/6696/1959 1500/6698/1959
s 1
f 286/6702/1960 288/6703/1960 1531/6704/1960 1404/6705/1960 611/6706/1960 1530/6707/1960
f 1529/6708/1961 611/6709/1961 1404/6710/1961
s 0
f 1087/6711/1962 1533/6712/1962 1090/6713/1962
f 909/6714/1963 1533/6712/1963 1087/6711/1963 1532/6715/1963
f 1532/6715/1964 541/6716/1964 909/6717/1964
f 555/6718/1965 556/6719/1965 558/6720/1965
f 1087/6721/1966 1091/6722/1966 1433/6723/1966
f 1087/6721/1967 1433/6723/1967 540/6724/1967
f 1532/6725/1968 1087/6721/1968 540/6724/1968
f 541/6726/1969 1532/6725/1969 540/6724/1969
f 556/6727/1970 555/6718/1970 1433/6728/1970 1444/6729/1970
f 555/6718/1971 540/6730/1971 1433/6728/1971
s 1
f 555/6731/1972 558/6732/1972 909/6733/1972 541/6734/1972 543/6735/1972
f 1091/6736/1973 1444/6737/1973 1433/6738/1973
f 1444/6739/1974 1445/6740/1974 1090/6741/1974 1533/6742/1974 909/6743/1974 558/6744/1974 556/6745/1974
s 0
f 1361/6746/1975 1362/6747/1975 262/6748/1975
f 1535/6749/1976 1361/6750/1976 262/6751/1976 280/6752/1976
f 273/6753/1977 262/6754/1977 1536/6755/1977 1537/6756/1977
f 1537/6756/1978 1536/6755/1978 1538/6757/1978 1539/6758/1978
f 772/6759/1979 1540/6760/1979 1539/6758/1979 1538/6757/1979 1542/6761/1979 1541/6762/1979
s 1
f 262/6763/1980 1362/6764/1980 1363/6765/1980 1542/6766/1980 1538/6767/1980 1536/6768/1980
f 772/6769/1981 1534/6770/1981 1535/6771/1981 280/6772/1981 274/6773/1981 273/6774/1981 1537/6775/1981 1539/6776/1981 1540/6777/1981
f 1541/6778/1982 1534/6779/1982 772/6780/1982
f 1363/6781/1983 1361/6782/1983 1535/6783/1983 1534/6784/1983 1541/6785/1983 1542/6786/1983
s 0
f 874/6787/1984 880/6788/1984 881/6789/1984
f 725/6790/1985 876/6791/1985 880/6788/1985 874/6787/1985
f 725/6792/1986 1544/6793/1986 735/6794/1986
f 725/6792/1987 724/6795/1987 1544/6793/1987
f 725/6790/1988 874/6787/1988 724/6796/1988
s 1
f 1374/6797/1989 1543/6798/1989 1168/6799/1989 735/6800/1989 1544/6801/1989 724/6802/1989 1438/6803/1989
f 1543/6804/1990 881/6805/1990 880/6806/1990 876/6807/1990 1168/6808/1990
f 881/6809/1991 1543/6810/1991 1374/6811/1991
s 0
f 294/6812/1992 1018/6813/1992 1418/6814/1992
f 1420/6815/1993 294/6816/1993 1418/6817/1993
f 1420/6818/1994 289/6819/1994 294/6820/1994
f 293/6821/1995 1018/6822/1995 294/6812/1995
f 293/6821/1996 291/6823/1996 1018/6824/1996
f 291/6823/1997 1012/6825/1997 1018/6826/1997
f 289/6819/1998 1420/6818/1998 1513/6827/1998 618/6828/1998
f 618/6829/1999 1079/6830/1999 289/6819/1999
f 1079/6830/2000 291/6831/2000 289/6819/2000
f 1012/6825/2001 291/6832/2001 1545/6833/2001
f 1545/6834/2002 291/6832/2002 623/6835/2002
f 623/6836/2003 1079/6830/2003 618/6829/2003
s 1
f 618/6837/2004 1513/6838/2004 1420/6839/2004 1418/6840/2004 1018/6841/2004 1012/6842/2004 1545/6843/2004 620/6844/2004 621/6845/2004
f 623/6846/2005 620/6847/2005 1545/6848/2005
s 0
f 333/6849/2006 1547/4474/2006 1546/6850/2006
f 333/6851/2007 331/6852/2007 1547/6853/2007
s 1
f 1546/6854/2008 1547/6855/2008 331/6856/2008 329/6857/2008
f 333/6858/2009 1546/6859/2009 329/6860/2009
s 0
f 698/6861/2010 1549/6862/2010 1550/6863/2010 701/6864/2010
f 702/6865/2011 1425/6866/2011 698/6867/2011
f 1425/6868/2012 1549/6869/2012 698/6861/2012
f 1549/6870/2013 1425/6871/2013 1427/6872/2013
s 1
f 1291/6873/2014 1551/6874/2014 1427/6875/2014
f 703/6876/1 701/6877/1 1550/6878/1 1548/6879/1
f 1427/6880/2015 1551/6881/2015 1548/6882/2015 1550/6883/2015 1549/6884/2015
f 1291/6885/2016 703/6886/2016 1548/6887/2016 1551/6888/2016
f 702/6889/2017 703/6890/2017 1291/6891/2017
s 0
f 1468/6892/2018 1472/6893/2018 1471/6894/2018
f 922/6895/2019 1472/6896/2019 1553/6897/2019 925/6898/2019
f 922/6895/2020 1429/6899/2020 1472/6896/2020
f 925/6900/2021 923/6901/2021 922/6902/2021
f 923/6903/2022 926/6904/2022 922/6902/2022
s 1
f 1472/6905/2023 1469/6906/2023 1468/6907/2023 1552/6908/2023 923/6909/2023 925/6910/2023 1553/6911/2023
f 1552/6912/2024 1431/6913/2024 926/6914/2024 923/6915/2024
f 1431/6916/2025 1552/6917/2025 1468/6918/2025 1471/6919/2025 1432/6920/2025
s 0
f 1555/6921/2026 1054/6922/2026 1189/6923/2026
f 403/6924/2027 398/6925/2027 718/6926/2027
f 403/6924/2028 718/6926/2028 1054/6922/2028 1555/6921/2028
f 1058/6927/2029 1054/6922/2029 718/6926/2029
f 398/6928/2030 402/6929/2030 722/6930/2030
f 718/6931/2031 398/6928/2031 722/6932/2031
f 1058/6933/2032 718/6931/2032 722/6934/2032
f 1464/6935/2033 1058/6933/2033 722/6936/2033
s 1
f 402/6937/2034 403/6938/2034 1555/6939/2034 1189/6940/2034 1191/6941/2034 1554/6942/2034
f 1464/6943/2035 1554/6944/2035 1191/6945/2035
f 1464/6946/2036 722/6947/2036 402/6948/2036 1554/6949/2036
s 0
f 988/6950/2037 31/6951/2037 536/6952/2037 989/6953/2037
f 839/6954/2038 31/6951/2038 988/6955/2038
f 839/6956/2039 935/6957/2039 31/6958/2039
f 1488/6959/2040 31/6960/2040 935/6961/2040
f 31/6960/2041 1488/6959/2041 1556/6962/2041
f 536/6963/2042 31/6960/2042 1556/6962/2042
f 935/6964/2043 839/6956/2043 988/6965/2043
s 1
f 936/6966/2044 989/6967/2044 536/6968/2044 1556/6969/2044 1488/6970/2044 935/6971/2044
f 988/6972/2045 936/6973/2045 935/6974/2045
f 988/6975/2046 989/6976/2046 936/6977/2046
s 0
f 1318/6978/2047 1491/6979/2047 1492/6980/2047 1319/6981/2047
f 238/6982/2048 239/6983/2048 1559/6984/2048
s 1
f 1492/6985/17 1557/6986/17 1070/6987/17 231/6988/17 1559/6989/17 239/6990/17 1317/6991/17 1319/6992/17
f 238/6993/1 230/6994/1 1069/6995/1 1558/6996/1 1491/6997/1 1318/6998/1 1316/6999/1
f 1070/7000/2049 1557/7001/2049 1558/7002/2049 1069/7003/2049
f 1491/7004/2050 1558/7005/2050 1557/7006/2050 1492/7007/2050
s 0
f 230/7008/2051 238/7009/2051 1559/6984/2051 231/7010/2051
f 67/7011/2052 608/7012/2052 1563/7013/2052 1562/7014/2052
f 1013/7015/2053 1563/7013/2053 608/7012/2053
f 67/7016/2054 1562/7017/2054 1350/7018/2054
f 608/7019/2055 67/7011/2055 73/7020/2055
f 1013/7021/2056 608/7022/2056 1014/7023/2056
s 1
f 1350/7024/2057 1562/7025/2057 1563/7026/2057 1013/7027/2057 1014/7028/2057 1560/7029/2057 1561/7030/2057
f 608/7031/2058 1560/7032/2058 1014/7033/2058
f 73/7034/2059 1561/7035/2059 1560/7036/2059 608/7037/2059
f 73/7038/2060 1350/7039/2060 1561/7040/2060
f 73/7041/2061 67/7042/2061 1350/7043/2061
s 0
f 1564/7044/2062 987/7045/2062 841/7046/2062
f 32/7047/2063 841/7046/2063 987/7045/2063
s 1
f 987/7048/2064 1564/7049/2064 257/7050/2064
f 257/7051/2065 1564/7052/2065 256/7053/2065
f 256/7054/2066 1564/7055/2066 841/7056/2066 32/7057/2066 748/7058/2066
s 0
f 933/7059/2067 1175/7060/2067 925/7061/2067
f 860/7062/2068 857/7063/2068 1472/7064/2068 1566/7065/2068
f 933/7066/2069 925/7067/2069 934/7068/2069
f 925/7067/2070 922/7069/2070 934/7068/2070
f 1472/7070/2071 857/7071/2071 863/7072/2071
f 863/7072/2072 1429/7073/2072 1472/7070/2072
f 934/7068/2073 922/7069/2073 1429/7073/2073 1567/7074/2073
f 1567/7074/2074 1429/7073/2074 863/7072/2074
s 1
f 1175/7075/2075 1565/7076/2075 1566/7077/2075 1472/7078/2075 1553/7079/2075 925/7080/2075
f 860/7081/2076 1566/7082/2076 1565/7083/2076 861/7084/2076
f 1565/7085/2077 1175/7086/2077 865/7087/2077 864/7088/2077 861/7089/2077
f 863/7090/1 862/7091/1 865/7092/1 1439/7093/1 933/7094/1 934/7095/1 1567/7096/1
s 0
f 1465/7097/2078 1468/7098/2078 258/7099/2078
f 964/7100/2079 258/7101/2079 974/7102/2079 970/7103/2079
f 1472/7104/2080 964/7105/2080 970/7106/2080
f 1472/7104/2081 1465/7107/2081 964/7105/2081
f 1465/7097/2082 1472/7108/2082 1468/7098/2082
f 1568/7109/2083 258/7110/2083 1468/7111/2083
f 258/7110/2084 1568/7109/2084 974/7112/2084
s 1
f 1468/7113/2085 1472/7114/2085 970/7115/2085 974/7116/2085 1568/7117/2085
s 0
f 1505/7118/2086 1501/7119/2086 1570/7120/2086
f 1205/7121/2087 1204/7122/2087 1206/7123/2087 94/7124/2087 95/7125/2087
f 1504/7126/2088 610/7127/2088 1501/7128/2088
f 1184/7129/2089 1182/7130/2089 83/7131/2089 77/7132/2089
f 1182/7130/2090 610/7127/2090 1504/7126/2090 83/7131/2090
s 1
f 83/7133/17 1504/7134/17 1505/7135/17 1570/7136/17 1205/7137/17 95/7138/17 84/7139/17
f 77/7140/2091 94/7141/2091 1206/7142/2091 1569/7143/2091 610/7144/2091 1182/7145/2091 1184/7146/2091
f 1204/7147/2092 1569/7148/2092 1206/7149/2092
f 1205/7150/2093 1570/7151/2093 1501/7152/2093 610/7153/2093 1569/7154/2093 1204/7155/2093
s 0
f 100/7156/2094 92/7157/2094 91/7158/2094 98/7159/2094 99/7160/2094
f 1573/7161/2095 1001/7162/2095 1574/7163/2095
f 1001/7164/2096 92/7165/2096 1010/7166/2096
f 1575/7167/2097 1001/7168/2097 1010/7169/2097
f 1001/7162/2098 91/7170/2098 92/7171/2098
f 1576/7172/2099 1574/7173/2099 1001/7168/2099 1575/7167/2099
s 1
f 99/7174/2100 1571/7175/2100 1576/7176/2100 1575/7177/2100 1010/7178/2100 92/7179/2100 100/7180/2100
f 1571/7181/2101 1572/7182/2101 1573/7183/2101 1574/7184/2101 1576/7185/2101
f 1572/7186/2102 1571/7187/2102 99/7188/2102 98/7189/2102
s 0
f 1001/7162/2103 1573/7161/2103 1572/7190/2103 98/7191/2103 91/7170/2103
f 757/7192/2104 1578/7193/2104 1213/7194/2104
f 1578/7193/2105 757/7195/2105 573/7196/2105
f 757/7197/2106 574/7198/2106 573/7199/2106
f 574/7198/2107 757/7197/2107 759/7200/2107
s 1
f 1214/7201/2108 1213/7202/2108 1578/7203/2108 573/7204/2108 572/7205/2108 1577/7206/2108
f 574/7207/2109 1577/7208/2109 572/7209/2109
f 759/7210/2110 1214/7211/2110 1577/7212/2110 574/7213/2110
f 1214/7214/2111 759/7215/2111 1215/7216/2111
s 0
f 573/7217/2112 574/7198/2112 572/7218/2112
f 411/7219/2113 527/7220/2113 1026/7221/2113
f 418/7222/2114 411/7219/2114 1026/7223/2114
f 1050/7224/2115 418/7225/2115 1026/7226/2115
s 1
f 527/7227/2116 526/7228/2116 1026/7229/2116
f 411/7230/2117 410/7231/2117 418/7232/2117 1050/7233/2117 1026/7234/2117 526/7235/2117
s 0
f 752/7236/2118 751/7237/2118 750/7238/2118 1580/7239/2118
f 1580/7240/2119 750/7241/2119 1223/7242/2119
f 944/7243/2120 941/7244/2120 1223/7245/2120 750/7246/2120
s 1
f 751/7247/2121 752/7248/2121 1579/7249/2121 939/7250/2121 944/7251/2121 750/7252/2121
f 1223/7253/2122 1579/7254/2122 752/7255/2122 1580/7256/2122
f 939/7257/2123 1579/7258/2123 1223/7259/2123
f 939/7260/2124 1223/7261/2124 941/7262/2124
s 0
f 774/7263/2125 772/7264/2125 1582/7265/2125
s 1
f 1582/7266/17 1581/7267/17 1119/7268/17 777/7269/17 774/7270/17
f 1581/7271/2126 778/7272/2126 779/7273/2126 780/7274/2126 1119/7275/2126
f 778/7276/2127 1581/7277/2127 1582/7278/2127 772/7279/2127
s 0
f 209/7280/2128 1034/7281/2128 784/7282/2128
f 1034/7281/2129 1040/7283/2129 784/7282/2129
s 1
f 791/7284/2130 792/7285/2130 1040/7286/2130
f 211/7287/2131 212/7288/2131 790/7289/2131 791/7290/2131 1040/7291/2131 1034/7292/2131
s 0
f 380/7293/2132 1584/7294/2132 1270/7295/2132 373/7296/2132
f 380/7297/2133 1585/7298/2133 1584/7299/2133
f 373/7300/2134 1270/7301/2134 1586/7302/2134 376/7303/2134
f 1583/7304/2135 384/7305/2135 1587/7306/2135
f 380/7307/2136 373/7296/2136 377/7308/2136
f 377/7308/2137 277/7309/2137 380/7310/2137
f 277/7309/2138 279/7311/2138 380/7312/2138
f 279/7311/2139 384/7313/2139 380/7312/2139
f 1587/7306/2140 384/7314/2140 279/7315/2140
s 1
f 377/7316/2141 376/7317/2141 1586/7318/2141 1270/7319/2141 1584/7320/2141 1585/7321/2141 1583/7322/2141 1587/7323/2141 279/7324/2141 277/7325/2141
f 380/7326/2142 1583/7327/2142 1585/7328/2142
f 384/7329/2143 1583/7330/2143 380/7331/2143
s 0
f 440/7332/2144 439/7333/2144 1592/7334/2144
f 794/7335/2145 451/7336/2145 440/7337/2145
s 1
f 439/7338/2146 1588/7339/2146 1589/7340/2146 1074/7341/2146 1073/7342/2146 1335/7343/2146 1334/7344/2146 1592/7345/2146
f 1591/7346/2147 1590/7347/2147 794/7348/2147 440/7349/2147 1417/7350/2147 1072/7351/2147
f 451/7352/2148 794/7353/2148 1590/7354/2148 1588/7355/2148 439/7356/2148
f 1588/7357/2149 1590/7358/2149 1591/7359/2149 1589/7360/2149
f 1074/7361/2150 1589/7362/2150 1591/7363/2150 1072/7364/2150
s 0
f 1334/7365/2151 1417/7366/2151 440/7367/2151 1592/7334/2151
f 262/7368/2152 272/7369/2152 271/7370/2152 273/7371/2152
f 1540/7372/2153 772/7373/2153 1594/7374/2153 1541/7375/2153 1542/7376/2153 1536/7377/2153 1537/7378/2153
f 271/7379/2154 272/7380/2154 1595/7381/2154
f 772/7373/2155 1540/7372/2155 271/7379/2155 1595/7381/2155 774/7382/2155
s 1
f 1542/7383/2156 1593/7384/2156 1582/7385/2156 774/7386/2156 1595/7387/2156 272/7388/2156 262/7389/2156 1536/7390/2156
f 1540/7391/1 1537/7392/1 273/7393/1 271/7394/1
f 1582/7395/2157 1593/7396/2157 1541/7397/2157 1594/7398/2157 772/7399/2157
f 1541/7400/2158 1593/7401/2158 1542/7402/2158
s 0
f 1498/7403/2159 1128/7404/2159 1144/7405/2159
s 1
f 1498/7406/2160 856/7407/2160 1128/7408/2160
f 1149/7409/2161 1151/7410/2161 617/7411/2161 616/7412/2161 1596/7413/2161
f 1128/7414/2162 1129/7415/2162 617/7416/2162 1151/7417/2162 1150/7418/2162
f 1498/7419/2163 1596/7420/2163 616/7421/2163 856/7422/2163
f 1144/7423/2164 1149/7424/2164 1596/7425/2164 1498/7426/2164
s 0
f 97/7427/2165 91/7428/2165 1001/7429/2165 1598/7430/2165 1597/7431/2165
f 1598/7430/2166 1001/7429/2166 1599/7432/2166
f 1600/7433/2167 1599/7432/2167 1001/7429/2167
f 1600/7434/2168 1001/7435/2168 1574/7436/2168 680/7437/2168
s 1
f 680/7438/2169 1574/7439/2169 1573/7440/2169 1572/7441/2169 1598/7442/2169
f 98/7443/2170 1597/7444/2170 1598/7445/2170 1572/7446/2170
f 1597/7447/2171 98/7448/2171 97/7449/2171
f 680/7450/2172 1598/7451/2172 1599/7452/2172 1600/7453/2172
s 0
f 375/7454/2173 384/7455/2173 279/7456/2173 281/7457/2173 387/7458/2173
f 281/7459/2174 279/7460/2174 1601/7461/2174 1602/7462/2174
f 265/7463/2175 266/7464/2175 1602/7462/2175 1601/7461/2175
s 1
f 1136/7465/17 387/7466/17 281/7467/17 1602/7468/17 266/7469/17
f 1583/7470/2176 1133/7471/2176 1132/7472/2176 265/7473/2176 1601/7474/2176 279/7475/2176 1587/7476/2176
f 1583/7477/2177 384/7478/2177 375/7479/2177
f 1134/7480/2178 1133/7481/2178 1583/7482/2178 375/7483/2178 387/7484/2178 1136/7485/2178
s 0
f 379/7486/2179 1279/7487/2179 373/7488/2179
f 1604/7489/2180 380/7490/2180 1584/7491/2180 1605/7492/2180 1603/7493/2180
s 1
f 381/7494/2181 1603/7495/2181 1282/7496/2181 1279/7497/2181 379/7498/2181 378/7499/2181
f 1281/7500/1 1605/7501/1 1584/7502/1 1270/7503/1
f 1282/7504/2182 1603/7505/2182 1605/7506/2182 1281/7507/2182
f 1604/7508/2183 1603/7509/2183 381/7510/2183 380/7511/2183
s 0
f 1386/7512/2184 171/7513/2184 1385/7514/2184
f 1385/7515/2185 171/7516/2185 170/7517/2185
s 1
f 1386/7518/2186 1606/7519/2186 161/7520/2186 171/7521/2186
f 170/7522/2187 161/7523/2187 1606/7524/2187 1385/7525/2187
f 1385/7526/2188 1606/7527/2188 1386/7528/2188
s 0
f 1390/7529/2189 705/7530/2189 143/7531/2189
f 138/7532/2190 47/7533/2190 53/7534/2190 662/7535/2190
s 1
f 54/7536/2191 705/7537/2191 1390/7538/2191 143/7539/2191 142/7540/2191 662/7541/2191 53/7542/2191
s 0
f 479/7543/2192 478/7544/2192 1608/7545/2192
f 1608/7545/2193 478/7546/2193 576/7547/2193 1441/7548/2193
f 1609/7549/2194 576/7547/2194 478/7546/2194
f 576/7547/2195 1609/7550/2195 1274/7551/2195 1273/7552/2195
f 377/7553/2196 383/7554/2196 385/7555/2196
f 383/7554/2197 377/7553/2197 376/7556/2197 382/7557/2197
f 1357/7558/2198 1611/7559/2198 1610/7560/2198 377/7561/2198 385/7562/2198
s 1
f 1609/7563/2199 478/7564/2199 482/7565/2199 480/7566/2199 1357/7567/2199 385/7568/2199 383/7569/2199 382/7570/2199 1274/7571/2199
f 1273/7572/2200 376/7573/2200 377/7574/2200 1610/7575/2200 1611/7576/2200 1607/7577/2200 479/7578/2200 1608/7579/2200 1441/7580/2200 1303/7581/2200
f 480/7582/1589 1607/7583/1589 1611/7584/1589 1357/7585/1589
f 479/7586/2201 1607/7587/2201 480/7588/2201 481/7589/2201
s 0
f 1428/7590/2202 698/7591/2202 1614/7592/2202 1615/7593/2202
f 698/7594/2203 700/7595/2203 1617/7596/2203
f 1613/7597/2204 1614/7598/2204 698/7594/2204 1617/7596/2204
f 700/7599/2205 698/7591/2205 1428/7600/2205 1618/7601/2205
s 1
f 1428/7602/2206 1615/7603/2206 1612/7604/2206 817/7605/2206 1618/7606/2206
f 1613/7607/2207 1612/7608/2207 1615/7609/2207 1614/7610/2207
f 817/7611/2208 1612/7612/2209 1613/7613/2209 816/7614/2209 1616/7615/2210
f 700/7616/2211 1618/7617/2211 817/7618/2208 1616/7619/2210 816/7620/2211
f 700/7621/2212 816/7622/2212 1613/7623/2212 1617/7624/2212
s 0
f 1619/7625/2213 62/7626/2213 309/7627/2213
f 44/7628/2214 309/7629/2214 62/7626/2214
s 1
f 309/7630/2215 1121/7631/2215 55/7632/2215 63/7633/2215 312/7634/2215
f 62/7635/2216 1619/7636/2216 312/7637/2216 63/7638/2216
f 312/7639/2217 1619/7640/2217 309/7641/2217
s 0
f 603/7642/2218 591/7643/2218 1127/7644/2218 1623/7645/2218 1622/7646/2218
f 1624/7647/2219 1622/7646/2219 1623/7645/2219 1620/7648/2219 1625/7649/2219
f 1625/7649/2220 1626/7650/2220 1624/7647/2220
f 604/7651/2221 602/7652/2221 591/7653/2221 603/7654/2221
s 1
f 602/7655/2222 1620/7656/2222 1623/7657/2222 1127/7658/2222
f 1622/7659/1 1624/7660/1 1626/7661/1 1621/7662/1 604/7663/1 603/7664/1
f 1620/7665/1693 1621/7666/1693 1626/7667/1693 1625/7668/1693
f 604/7669/543 1621/7670/543 1620/7671/543 602/7672/543
s 0
f 555/7673/2223 540/7674/2223 553/7675/2223
f 553/7676/2224 552/7677/2224 1628/7678/2224 555/7679/2224
f 555/7679/2225 1628/7678/2225 551/7680/2225 554/7681/2225
f 556/7682/2226 555/7679/2226 554/7681/2226
f 991/7683/2227 992/7684/2227 540/7674/2227
f 992/7684/2228 553/7685/2228 540/7674/2228
f 552/7686/2229 553/7687/2229 992/7688/2229
f 1243/7689/2230 992/7688/2230 1244/7690/2230 1627/7691/2230
s 1
f 1433/7692/2231 1444/7693/2231 1627/7694/2231 1244/7695/2231
f 1444/7696/2232 556/7697/2232 554/7698/2232 551/7699/2232 1627/7700/2232
f 1627/7701/2233 551/7702/2233 1628/7703/2233 552/7704/2233 1243/7705/2233
s 0
f 1244/7706/2234 991/7683/2234 540/7674/2234 1433/7707/2234
f 320/7708/2235 1630/7709/2235 321/7710/2235
f 1630/7709/2236 320/7708/2236 688/7711/2236 687/7712/2236 689/7713/2236
f 326/7714/2237 328/7715/2237 327/7716/2237 1631/7717/2237 320/7718/2237 321/7719/2237
f 1632/7720/2238 687/7712/2238 688/7711/2238
s 1
f 321/7721/2239 1630/7722/2239 689/7723/2239 1629/7724/2239 329/7725/2239 331/7726/2239 326/7727/2239
f 688/7728/2240 320/7729/2240 1631/7730/2240 327/7731/2240 1632/7732/2240
f 329/7733/2241 1629/7734/2241 327/7735/2241 328/7736/2241
f 1632/7737/623 327/7738/623 1629/7739/623 689/7740/623 687/7741/623
s 0
f 209/7742/2242 1387/7743/2242 1391/7744/2242 1035/7745/2242 1034/7746/2242
f 784/7747/2243 1387/7743/2243 209/7742/2243
s 1
f 211/7748/2244 1634/7749/2244 1633/7750/2244 1388/7751/2244 1387/7752/2244 784/7753/2244 209/7754/2244
f 1391/7755/2245 1388/7756/2245 1633/7757/2245
f 1391/7758/2246 1633/7759/2246 1634/7760/2246 1035/7761/2246
f 1035/7762/2247 1634/7763/2247 211/7764/2247 1034/7765/2247
s 0
f 258/7766/2248 976/7767/2248 974/7768/2248
f 1468/7769/2249 258/7770/2249 974/7771/2249
s 1
f 1635/7772/2250 1468/7773/2250 974/7774/2250 976/7775/2250
f 1468/7776/2251 1635/7777/2251 1467/7778/2251
f 1467/7779/2252 1635/7780/2252 976/7781/2252 258/7782/2252 260/7783/2252
s 0
f 1428/7784/2253 1425/7785/2253 698/7786/2253
s 1
f 1618/1740/17 1426/7787/17 1428/7788/17
f 700/7789/2254 702/7790/2254 1426/7791/2254 1618/7792/2254
s 0
f 28/7793/2255 27/7794/2255 38/7795/2255 37/7796/2255
f 805/7797/2256 28/7793/2256 37/7796/2256
f 1636/7798/2257 38/7799/2257 27/7800/2257
s 1
f 28/7801/2258 804/7802/2258 1346/7803/2258
f 37/7804/2259 38/7805/2259 1636/7806/2259 1346/7807/2259 804/7808/2259 805/7809/2259
f 1346/7810/2260 1636/7811/2260 27/7812/2260
s 0
f 33/7813/2261 29/7814/2261 753/7815/2261
f 33/7813/2262 31/7816/2262 29/7817/2262
f 753/7815/2263 750/7818/2263 33/7813/2263
f 538/7819/2264 33/7813/2264 750/7818/2264
f 536/7820/2265 33/7813/2265 538/7819/2265 1637/7821/2265
s 1
f 29/7822/2266 34/7823/2266 35/7824/2266 31/7825/2266 1488/7826/2266 1556/7827/2266 536/7828/2266 1637/7829/2266 538/7830/2266 750/7831/2266 753/7832/2266
s 0
f 1639/7833/2267 152/7834/2267 336/7835/2267 1196/7836/2267
f 156/7837/2268 152/7838/2268 1640/7839/2268 153/7840/2268
f 1641/7841/2269 1640/7839/2269 152/7842/2269 1642/7843/2269
f 155/7844/2270 1641/7841/2270 1642/7843/2270
s 1
f 152/7845/2271 1639/7846/2271 1196/7847/2271 1638/7848/2271 155/7849/2271 1642/7850/2271
f 155/7851/2272 1638/7852/2272 1640/7853/2272 1641/7854/2272
f 153/7855/2273 1640/7856/2273 1638/7857/2273 1196/7858/2273 336/7859/2273 156/7860/2273
s 0
f 1304/7861/2274 1307/7862/2274 1306/7863/2274 1305/7864/2274
f 1645/7865/2275 1644/7866/2275 1366/7867/2275
f 1306/7868/2276 1307/7869/2276 1646/7870/2276
f 1306/7868/2277 1646/7870/2277 1644/7871/2277 1645/7872/2277 1647/7873/2277 136/7874/2277 137/7875/2277
s 1
f 1305/7876/1 1643/7877/1 1366/7878/1 1644/7879/1 1646/7880/1 1307/7881/1 1304/7882/1
f 135/7883/2278 1305/7884/2278 1306/7885/2278 137/7886/2278
f 1643/7887/2279 1305/7888/2279 135/7889/2279 704/7890/2279
f 1645/7891/2280 1366/7892/2280 1643/7893/2280 704/7894/2280 136/7895/2280 1647/7896/2280
s 0
f 506/7897/2281 509/7898/2281 871/7899/2281
f 866/7900/2282 506/7897/2282 871/7899/2282 1648/7901/2282
f 866/7902/2283 1523/7903/2283 508/7904/2283
f 506/7905/2284 866/7902/2284 508/7906/2284
f 873/7907/2285 302/7908/2285 866/7900/2285 1648/7901/2285
f 866/7900/2286 302/7908/2286 305/7909/2286 1523/7910/2286
f 509/7911/2287 506/7912/2287 508/7913/2287 512/7914/2287 511/7915/2287
f 1415/7916/2288 305/7917/2288 302/7918/2288 1414/7919/2288
f 302/7920/2289 1255/7921/2289 1414/7922/2289
s 1
f 871/7923/2290 509/7924/2290 511/7925/2290 1255/7926/2290 873/7927/2290 1648/7928/2290
f 508/7929/2291 1523/7930/2291 305/7931/2291 1415/7932/2291 512/7933/2291
f 1415/7934/2292 1414/7935/2292 1255/7936/2292 511/7937/2292 512/7938/2292
s 0
f 513/7939/2293 1651/7940/2293 207/7941/2293
f 207/7942/2294 1651/7943/2294 202/7944/2294 204/7945/2294
s 1
f 513/7946/2295 1650/7947/2295 1649/7948/2295 1449/7949/2295 202/7950/2295 1651/7951/2295
f 1448/7952/2296 1449/7953/2296 1649/7954/2297 204/7955/2298
f 1649/7954/2297 1650/7956/2299 204/7957/2298
f 1650/7958/2300 207/7959/2300 204/7960/2300
f 1650/7961/2301 513/7962/2301 207/7963/2301
s 0
f 760/7964/2302 1653/7965/2302 757/7966/2302
f 573/7967/2303 757/7966/2303 1653/7968/2303
s 1
f 759/7969/2304 574/7970/2304 1652/7971/2304 760/7972/2304 761/7973/2304
f 575/7974/2305 1652/7975/2305 574/7976/2305
f 573/7977/2306 1653/7978/2306 760/7979/2306 1652/7980/2306 575/7981/2306
s 0
f 1143/7982/2307 1142/7983/2307 1139/7984/2307
f 1343/7985/2308 389/7986/2308 1041/7987/2308
f 1045/7988/2309 1046/7989/2309 1657/7990/2309 1656/7991/2309
f 1443/7992/2310 1656/7991/2310 1657/7990/2310 1658/7993/2310
s 1
f 1443/7994/2311 1658/7995/2312 1657/7996/2312 1046/7997/2312 397/7998/2312 393/7999/2312 1342/8000/2312 1143/8001/2312 1139/8002/2312 1654/8003/2312 1442/8004/2313
f 1655/8005/2314 1142/8006/2314 1341/8007/2314 1343/8008/2314 1041/8009/2314 1045/8010/2314 1656/8011/2314
f 1442/8012/2313 1654/8013/2315 1655/8014/2315 1656/8015/2315 1443/8016/2311
f 1655/8017/1237 1654/8018/1237 1139/8019/1237 1142/8020/1237
s 0
f 697/8021/2316 1660/8022/2316 696/8023/2316 694/8024/2316
f 1660/8022/2317 687/8025/2317 688/8026/2317 696/8023/2317
s 1
f 1632/8027/1 1659/8028/1 694/8029/1 696/8030/1 688/8031/1
f 697/8032/623 1659/8033/623 1632/8034/623 687/8035/623 1660/8036/623
f 694/8037/624 1659/8038/624 697/8039/624
s 0
f 39/8040/2318 26/8041/2318 840/8042/2318
s 1
f 39/8043/1 1661/8044/1 1636/8045/1 38/8046/1
f 27/8047/2319 1636/8048/2319 1661/8049/2319
f 27/8050/2320 1661/8051/2320 39/8052/2320 1348/8053/2320
f 840/8054/2321 839/8055/2321 1348/8056/2321 39/8057/2321
s 0
f 839/8058/2322 26/8059/2322 27/8060/2322 1348/8061/2322
f 291/8062/2323 1012/8063/2323 1545/8064/2323 623/8065/2323
f 1663/8066/2324 1012/8067/2324 291/8068/2324 1080/8069/2324
f 1012/8067/2325 1663/8070/2325 1021/8071/2325
f 1545/8064/2326 1012/8063/2326 1021/8072/2326
s 1
f 1021/8073/2327 1663/8074/2327 1662/8075/2327 1545/8076/2327
f 1545/8077/2328 1080/8078/2328 623/8079/2328
f 1080/8080/2329 1545/8081/2329 1662/8082/2329
f 1080/8083/2330 1662/8084/2330 1663/8085/2330
s 0
f 1645/8086/2331 1644/8087/2331 1667/8088/2331 1666/8089/2331
f 850/8090/2332 849/8091/2332 1666/8089/2332 1667/8088/2332
f 115/8092/2333 116/8093/2333 849/8091/2333 850/8090/2333
f 112/8094/2334 114/8095/2334 113/8096/2334
f 111/8097/2335 114/8095/2335 112/8094/2335 116/8098/2335 115/8099/2335
s 1
f 113/8100/2336 1665/8101/2336 1664/8102/2336 1645/8103/2336 1666/8104/2336 849/8105/2336 116/8106/2336 112/8107/2336
f 115/8108/1 850/8109/1 1667/8110/1 1644/8111/1 1366/8112/1 1367/8113/1 111/8114/1
f 1366/8115/2337 1645/8116/2337 1664/8117/2337 1364/8118/2337 1368/8119/2337
f 1364/8120/2338 1664/8121/2338 1665/8122/2338 1369/8123/2338
f 1665/8124/2339 113/8125/2339 114/8126/2339 1369/8127/2339
s 0
f 758/8128/2340 766/8129/2340 1669/8130/2340 961/8131/2340
f 1670/8132/2341 766/8133/2341 758/8134/2341 757/8135/2341 762/8136/2341
f 961/8137/2342 1669/8130/2342 1671/8138/2342
f 573/8139/2343 757/8140/2343 1213/8141/2343
f 1213/8142/2344 757/8140/2344 961/8143/2344
f 758/8134/2345 961/8144/2345 757/8140/2345
s 1
f 961/8145/2346 1671/8146/2346 1668/8147/2346 573/8148/2346 1213/8149/2346
f 762/8150/2347 1668/8151/2347 1671/8152/2347 1669/8153/2347 766/8154/2347 1670/8155/2347
f 573/8156/2348 1668/8157/2348 762/8158/2348 760/8159/2348 1653/8160/2348
s 0
f 1037/8161/2349 1035/8162/2349 464/8163/2349
f 784/8164/2350 464/8165/2350 1035/8166/2350 1034/8167/2350
f 464/8168/2351 784/8169/2351 465/8170/2351
f 465/8171/2352 784/8169/2352 1387/8172/2352
f 1387/8172/2353 470/8173/2353 465/8174/2353
f 1064/8175/2354 1066/8176/2354 1037/8177/2354
f 1387/8172/2355 784/8178/2355 1034/8179/2355 1035/8180/2355 1391/8181/2355
f 1387/8172/2356 1062/8182/2356 470/8173/2356
s 1
f 464/8183/2357 465/8184/2357 470/8185/2357 1065/8186/2357 1064/8187/2357 1037/8188/2357
f 1391/8189/2358 1037/8190/2358 1066/8191/2358
f 1035/8192/2359 1037/8193/2359 1391/8194/2359
s 0
f 871/8195/2360 506/8196/2360 870/8197/2360
f 213/8198/2361 506/8199/2361 509/8200/2361 215/8201/2361
s 1
f 509/8202/17 871/8203/17 1672/8204/17 217/8205/17 215/8206/17
f 1522/8207/2362 1672/8208/2362 871/8209/2362 870/8210/2362
f 1672/8211/2363 1522/8212/2363 1520/8213/2363 221/8214/2363 216/8215/2363 217/8216/2363
s 0
f 1675/8217/2364 1674/8218/2364 969/8219/2364
f 1674/8218/2365 1675/8217/2365 965/8220/2365 967/8221/2365 968/8222/2365
s 1
f 968/8223/2366 1673/8224/2366 969/8225/2366 1674/8226/2366
f 1675/8227/1901 969/8228/1901 1673/8229/1901 965/8230/1901
f 1673/8231/2367 968/8232/2367 967/8233/2367 965/8234/2367
s 0
f 1682/8235/2368 1681/8236/2368 1679/8237/2368 1680/8238/2368
f 953/8239/2369 950/8240/2369 1677/8241/2369
f 1481/8242/2370 1678/8243/2370 950/8244/2370
f 1681/8245/2371 1682/8235/2371 1683/8246/2371
s 1
f 1482/8247/17 1683/8248/17 1682/8249/17 1680/8250/17 1678/8251/17 1481/8252/17
f 1677/8253/2372 950/8254/2372 1679/8255/2372 1681/8256/2372 1676/8257/2372 953/8258/2372
f 1683/8259/2373 1482/8260/2373 1676/8261/2373 1681/8262/2373
f 953/8263/935 1676/8264/935 1482/8265/935
s 0
f 1679/8266/2374 950/8267/2374 1678/8243/2374 1680/8268/2374
f 822/8269/2375 821/8270/2375 825/8271/2375 1685/8272/2375
f 822/8269/2376 1685/8272/2376 824/8273/2376 826/8274/2376
f 106/8275/2377 1686/8276/2377 955/8277/2377 105/8278/2377
f 951/8279/2378 955/8277/2378 1686/8276/2378
s 1
f 104/8280/2379 825/8281/2379 821/8282/2379 951/8283/2379 1686/8284/2379 106/8285/2379
f 955/8286/1 954/8287/1 826/8288/1 824/8289/1 1684/8290/1 103/8291/1 105/8292/1
f 103/8293/2380 1684/8294/2380 825/8295/2380 104/8296/2380
f 821/8297/2381 822/8298/2381 826/8299/2381 954/8300/2381
f 825/8301/783 1684/8302/783 824/8303/783 1685/8304/783
s 0
f 886/8305/2382 683/8306/2382 684/8307/2382 786/8308/2382
f 455/8309/2383 1687/8310/2383 1688/8311/2383
f 1687/8310/2384 455/8309/2384 458/8312/2384
s 1
f 453/8313/2385 789/8314/2385 788/8315/2385 684/8316/2385 680/8317/2385 1600/8318/2385 1000/8319/2385
s 0
f 1001/8320/2386 1574/8321/2386 1576/8322/2386 1010/8323/2386
f 786/8324/2387 684/8325/2387 788/8326/2387
f 788/8326/2388 789/8327/2388 786/8324/2388
f 789/8327/2389 455/8328/2389 786/8324/2389
f 455/8309/2390 1688/8311/2390 786/8329/2390
f 453/8330/2391 455/8309/2391 789/8331/2391
s 1
f 458/8332/17 1011/8333/17 1010/8334/17 1576/8335/17 887/8336/17 886/8337/17 786/8338/17 1688/8339/17 1687/8340/17
f 887/8341/2392 683/8342/2392 886/8343/2392
f 680/8344/2393 683/8345/2393 887/8341/2393 1576/8346/2393 1574/8347/2393
s 0
f 1000/8348/2394 1600/8349/2394 1001/8350/2394
f 1392/8351/2395 619/8352/2395 1082/8353/2395
f 1079/8354/2396 1082/8355/2396 619/8352/2396
f 829/8356/2397 619/8352/2397 1392/8351/2397
f 289/8357/2398 1079/8354/2398 619/8352/2398
f 829/8358/2399 289/8359/2399 619/8360/2399
f 290/8361/2400 291/8362/2400 300/8363/2400
f 300/8364/2401 289/8359/2401 829/8358/2401 980/8365/2401
f 291/8362/2402 289/8366/2402 300/8367/2402
s 1
f 980/8368/2403 1689/8369/2403 1081/8370/2403 290/8371/2403 300/8372/2403
f 980/8373/2404 829/8374/2404 1392/8375/2404 1689/8376/2404
f 1082/8377/2405 1689/8378/2405 1392/8379/2405
f 1082/8380/2406 1081/8381/2406 1689/8382/2406
s 0
f 828/8383/2407 980/8384/2407 981/8385/2407
f 980/8386/2408 828/8383/2408 829/8387/2408
f 289/8388/2409 292/8389/2409 298/8390/2409 300/8391/2409
f 828/8383/2410 981/8385/2410 982/8392/2410
f 978/8393/2411 828/8383/2411 982/8392/2411 983/8394/2411
f 828/8395/2412 978/8396/2412 618/8397/2412
f 618/8397/2413 829/8398/2413 828/8395/2413
f 618/8397/2414 619/8399/2414 829/8398/2414
f 618/8400/2415 289/8388/2415 829/8401/2415
f 618/8397/2416 294/8402/2416 289/8403/2416
f 1690/8404/2417 978/8396/2417 983/8405/2417
f 1691/8406/2418 795/8407/2418 978/8396/2418 1690/8404/2418
f 618/8397/2419 978/8396/2419 795/8407/2419
f 294/8402/2420 618/8397/2420 1513/8408/2420 1420/8409/2420
f 618/8397/2421 795/8407/2421 1692/8410/2421 1513/8408/2421
f 1693/8411/2422 1334/8412/2422 1332/8413/2422 1338/8414/2422
f 1332/8415/2423 795/8416/2423 1338/8417/2423
f 1692/8410/2424 795/8407/2424 1337/8418/2424
s 1
f 795/8419/2425 1691/8420/2425 1690/8421/2425 983/8422/2425 982/8423/2425 981/8424/2425 980/8425/2425 300/8426/2425 298/8427/2425 292/8428/2425 1334/8429/2425 1693/8430/2425 1338/8431/2425
f 1337/8432/2426 1420/8433/2426 1513/8434/2426 1692/8435/2426
s 0
f 21/8436/2427 810/8437/2427 814/8438/2427 811/8439/2427 815/8440/2427 14/8441/2427
f 15/8442/2428 14/8443/2428 815/8444/2428 1101/8445/2428 16/8446/2428
f 15/8447/2429 16/8448/2429 17/8449/2429 12/8450/2429 21/8451/2429 14/8452/2429
f 12/8453/2430 810/8437/2430 21/8454/2430
f 12/8450/2431 17/8449/2431 23/8455/2431
s 1
f 16/8456/2432 1101/8457/2432 1694/8458/2432 998/8459/2432 23/8460/2432 17/8461/2432
f 1694/8462/2433 811/8463/2433 814/8464/2433 998/8465/2433
f 815/8466/775 811/8467/775 1694/8468/775 1101/8469/775
s 0
f 246/8470/2434 241/8471/2434 244/8472/2434 1696/8473/2434
f 244/8474/2435 241/8471/2435 1697/8475/2435
s 1
f 1697/8476/2436 1695/8477/2436 244/8478/2436
f 244/8479/2437 1695/8480/2437 246/8481/2437 1696/8482/2437
f 241/8483/2438 246/8484/2438 1695/8485/2438 1697/8486/2438
s 0
f 1269/8487/2439 1278/8488/2439 1276/8489/2439 1275/8490/2439
f 578/8491/2440 1301/8492/2440 1699/8493/2440 1273/8494/2440 576/8495/2440
f 478/8496/2441 576/8495/2441 1273/8494/2441
f 478/8496/2442 1273/8494/2442 1274/8497/2442
s 1
f 1278/8498/2443 1698/8499/2443 579/8500/2443 478/8501/2443 1274/8502/2443 1276/8503/2443
f 1273/8504/2444 1699/8505/2444 1301/8506/2444 1269/8507/2444 1275/8508/2444
f 579/8509/2445 1698/8510/2445 1269/8511/2445 1301/8512/2445 578/8513/2445
f 1278/8514/2446 1269/8515/2446 1698/8516/2446
s 0
f 269/8517/2447 264/8518/2447 263/8519/2447 1702/8520/2447
f 1702/8520/2448 283/8521/2448 284/8522/2448 269/8517/2448
f 775/8523/2449 1703/8524/2449 284/8525/2449
f 1704/8526/2450 1705/8527/2450 1703/8524/2450 775/8523/2450
f 1679/8528/2451 1680/8529/2451 1705/8527/2451 1704/8526/2451
s 1
f 1700/8530/17 1299/8531/17 264/8532/17 269/8533/17 284/8534/17 1703/8535/17 1705/8536/17 1680/8537/17 1682/8538/17 1683/8539/17
f 775/8540/2452 283/8541/2452 1702/8542/2452 263/8543/2452 1300/8544/2452 1701/8545/2452 1681/8546/2452 1679/8547/2452 1704/8548/2452
f 1299/8549/1470 1700/8550/1470 1701/8551/1470 1300/8552/1470
f 1681/8553/2453 1701/8554/2453 1700/8555/2453 1683/8556/2453
s 0
f 250/8557/2454 1707/8558/2454 1706/8559/2454
f 522/8560/2455 433/8561/2455 519/8562/2455
f 519/8563/2456 709/8564/2456 521/8565/2456
f 521/8566/2457 709/8564/2457 717/8567/2457
f 521/8568/2458 717/8569/2458 1706/8570/2458 1707/8571/2458
f 249/8572/2459 715/8573/2459 1706/8574/2459
f 715/8575/2460 250/8557/2460 1706/8559/2460
f 1706/8574/2461 717/8576/2461 433/8577/2461 252/8578/2461 249/8572/2461
f 240/8579/2462 250/8557/2462 715/8575/2462
f 433/8561/2463 709/8580/2463 519/8562/2463
f 248/8581/2464 240/8582/2464 249/8583/2464
f 240/8582/2465 242/8584/2465 249/8583/2465
f 242/8584/2466 240/8582/2466 715/8585/2466
s 1
f 433/8586/2467 522/8587/2467 521/8588/2467 254/8589/2467 253/8590/2467 251/8591/2467 252/8592/2467
f 250/8593/2468 254/8594/2468 521/8595/2468 1707/8596/2468
s 0
f 717/8597/2469 709/8598/2469 433/8599/2469
f 770/8600/2470 1338/8601/2470 1333/8602/2470
f 1333/8602/2471 1338/8603/2471 1332/8604/2471 1710/8605/2471
f 66/8606/2472 1712/8607/2472 1713/8608/2472
f 1715/8609/2473 1714/8610/2473 1712/8607/2473 66/8606/2473 798/8611/2473
f 803/8612/2474 795/8613/2474 1714/8610/2474 1715/8609/2474
f 66/8614/2475 1713/8615/2475 1711/8616/2475
s 1
f 1709/8617/2476 1711/8618/2477 1713/8619/2478 1712/8620/2478 1714/8621/2478 795/8622/2478 1338/8623/2478 770/8624/2478
f 1708/8625/2479 1333/8626/2479 1710/8627/2479 1332/8628/2479 1516/8629/2479 803/8630/2479 1715/8631/2479 798/8632/2479
f 1708/8633/2480 66/8634/2480 1711/8635/2477 1709/8636/2476 770/8637/2480 1333/8638/2480
f 66/8639/2481 1708/8640/2481 798/8641/2481
f 64/8642/17 65/8643/17 1260/8644/17 1717/8645/17 1716/8646/17
f 64/8647/2482 1716/8648/2482 1619/8649/2482 62/8650/2482
f 1716/8651/2483 1717/8652/2483 314/8653/2483 309/8654/2483 1619/8655/2483
f 313/8656/2484 314/8657/2484 1717/8658/2484 1260/8659/2484
s 0
f 1247/8660/2485 1254/8661/2485 1252/8662/2485 1253/8663/2485 1250/8664/2485
s 1
f 1719/8665/1 1718/8666/1 1413/8667/1 1412/8668/1
f 1718/8669/2486 1719/8670/2486 1294/8671/2486 1252/8672/2486
f 1253/8673/2487 1294/8674/2487 1719/8675/2487 1412/8676/2487 1250/8677/2487
f 1718/8678/2488 1252/8679/2488 1254/8680/2488 1247/8681/2488 1413/8682/2488
s 0
f 1721/8683/2489 523/8684/2489 519/8685/2489 709/8686/2489
f 717/8687/2490 1707/8688/2490 1722/8689/2490
f 717/8687/2491 521/8690/2491 1707/8688/2491
s 1
f 717/8691/2492 1722/8692/2492 1720/8693/2492 1721/8694/2492 709/8695/2492
f 521/8696/2493 523/8697/2493 1721/8698/2493 1720/8699/2493
f 521/8700/2494 1720/8701/2494 1722/8702/2494 1707/8703/2494
s 0
f 1722/8704/2495 1707/8705/2495 1706/8706/2495
f 715/8707/2496 1706/8708/2496 1707/8709/2496
f 250/8710/2497 715/8707/2497 1707/8711/2497
f 240/8712/2498 241/8713/2498 715/8714/2498
f 241/8713/2499 240/8712/2499 1257/8715/2499 1697/8716/2499
f 240/8712/2500 250/8717/2500 1724/8718/2500
f 240/8712/2501 1724/8718/2501 1257/8719/2501
s 1
f 1257/8720/2502 1723/8721/2502 1722/8722/2502 1706/8723/2502 715/8724/2502 241/8725/2502 1697/8726/2502
f 250/8727/2503 1707/8728/2503 1722/8729/2503 1723/8730/2503
f 1723/8731/2504 1257/8732/2504 1724/8733/2504 250/8734/2504
s 0
f 48/8735/2505 470/8736/2505 469/8737/2505 474/8738/2505
f 468/8739/2506 454/8740/2506 834/8741/2506 469/8742/2506
f 834/8741/2507 454/8740/2507 1725/8743/2507
f 470/8744/2508 464/8745/2508 465/8746/2508
f 454/8740/2509 455/8747/2509 1687/8748/2509 459/8749/2509
f 454/8740/2510 459/8749/2510 1725/8743/2510
f 455/8750/2511 786/8751/2511 1687/8752/2511
f 1389/8753/2512 1387/8754/2512 1062/8755/2512 48/8756/2512
f 1387/8754/2513 464/8745/2513 470/8757/2513
f 455/8747/2514 465/8758/2514 464/8759/2514
f 464/8745/2515 1387/8754/2515 784/8760/2515
s 1
f 459/8761/2516 1687/8762/2516 786/8763/2516 784/8764/2516 1387/8765/2516 1389/8766/2516 48/8767/2516 474/8768/2516 469/8769/2516 834/8770/2516 1725/8771/2516
s 0
f 909/8772/2517 1532/8773/2517 1533/8774/2517
f 1532/8773/2518 1087/8775/2518 1533/8774/2518
f 1093/8776/2519 1533/8774/2519 1087/8775/2519 1092/8777/2519
s 1
f 909/8778/2520 1727/8779/2520 1726/8780/2520 1532/8781/2520
f 1532/8782/2521 1726/8783/2521 1092/8784/2521 1087/8785/2521
f 1092/1123/2522 1726/8786/2522 1727/8787/2522 1093/8788/2522
f 1727/8789/2523 909/8790/2523 1533/8791/2523 1093/8792/2523
s 0
f 246/8793/2524 240/8794/2524 241/8795/2524
f 242/8796/2525 240/8794/2525 246/8793/2525 247/8797/2525
f 242/8798/2526 711/8799/2526 715/8800/2526
s 1
f 711/8801/2527 716/8802/2527 1728/8803/2527 246/8804/2527 241/8805/2527 715/8806/2527
f 246/8807/2528 1728/8808/2528 247/8809/2528
f 242/8810/2529 247/8811/2529 1728/8812/2529 716/8813/2529
f 242/8814/2530 716/8815/2530 711/8816/2530
s 0
f 1456/8817/2531 1457/8818/2531 1454/8819/2531 1216/8820/2531 1222/8821/2531
f 1222/8822/2532 1216/8820/2532 938/8823/2532
f 945/8824/2533 1222/8825/2533 938/8823/2533
f 1216/8820/2534 1454/8819/2534 1453/8826/2534
f 1216/8820/2535 1163/8827/2535 938/8823/2535
f 1163/8827/2536 1216/8820/2536 1453/8826/2536 1226/8828/2536
s 1
f 1729/8829/2537 1457/8830/2537 1456/8831/2537 1222/8832/2537 945/8833/2537 942/8834/2537
f 1226/8835/2538 1729/8836/2538 942/8837/2538
f 1454/8838/2539 1457/8839/2539 1729/8840/2539 1226/8841/2539 1453/8842/2539
s 0
f 1453/8843/2540 1216/8844/2540 1163/8845/2540
s 1
f 1453/8846/2541 1163/8847/2541 1164/8848/2541 1221/8849/2541 1220/8850/2541
s 0
f 286/8851/2542 287/8852/2542 1500/8853/2542 611/8854/2542 1530/8855/2542
f 1500/8853/2543 287/8852/2543 610/8856/2543
f 613/8857/2544 1730/8858/2544 610/8859/2544
f 611/8860/2545 610/8861/2545 1730/8858/2545
s 1
f 1530/8862/2546 611/8863/2546 1730/8864/2546 613/8865/2546 287/8866/2546 286/8867/2546
f 610/8868/2547 287/8869/2547 613/8870/2547
s 0
f 1091/8871/2548 540/8872/2548 1433/8873/2548
f 1532/8874/2549 540/8872/2549 1091/8871/2549
f 1532/8874/2550 1091/8871/2550 1087/8875/2550
s 1
f 1433/8876/2551 544/8877/2551 1731/8878/2551 1094/8879/2551 1091/8880/2551
f 1731/8881/2552 544/8882/2552 541/8883/2552 1532/8884/2552
f 1532/8885/2553 1087/8886/2553 1094/8887/2553 1731/8888/2553
s 0
f 850/8889/2554 1735/8890/2554 1734/8891/2554 849/8892/2554
f 1734/8891/2555 1735/8890/2555 1644/8893/2555 1645/8894/2555
f 1647/8895/2556 1645/8896/2556 1644/8897/2556 1736/8898/2556
f 136/8899/2557 1736/8898/2557 1644/8897/2557 1646/8900/2557 1306/8901/2557 135/8902/2557
f 1737/8903/2558 846/8904/2558 842/8905/2558 844/8906/2558 847/8907/2558 848/8908/2558
f 842/8909/2559 1307/8910/2559 844/8911/2559
f 842/8912/2560 1306/8901/2560 1307/8913/2560
s 1
f 137/8914/2561 1733/8915/2561 1732/8916/2561 846/8917/2561 1737/8918/2561 848/8919/2561 849/8920/2561 1734/8921/2561 1645/8922/2561 1647/8923/2561 1736/8924/2561 136/8925/2561
f 1644/8926/1 1735/8927/1 850/8928/1 847/8929/1 844/8930/1 1307/8931/1 1646/8932/1
f 842/8933/2562 1732/8934/2562 1733/8935/2562 1306/8936/2562
f 1306/8937/2563 1733/8938/2563 137/8939/2563 135/8940/2563
f 846/8941/2564 1732/8942/2564 842/8943/2564
s 0
f 1738/8944/2565 1185/8945/2565 1182/8946/2565
f 766/8947/2566 758/8948/2566 1671/8949/2566
f 1671/8949/2567 758/8948/2567 961/8950/2567
f 961/8951/2568 1739/8952/2568 1352/8953/2568 1355/8954/2568
f 959/8955/2569 1739/8952/2569 961/8951/2569
s 1
f 767/8956/2570 766/8957/2570 1352/8958/2570 1739/8959/2570 959/8960/2570
f 1671/8961/1 961/8962/1 1355/8963/1
f 1352/8964/2571 766/8965/2571 1671/8966/2571 1355/8967/2571
s 0
f 641/8968/2572 651/8969/2572 652/8970/2572 1740/8971/2572
f 641/8968/2573 1740/8971/2573 647/8972/2573 643/8973/2573
f 1126/8974/2574 652/8975/2574 651/8976/2574 601/8977/2574 591/8978/2574
f 1126/8974/2575 591/8978/2575 1127/8979/2575
s 1
f 1620/8980/17 1424/8981/17 647/8982/17 1740/8983/17 652/8984/17 1126/8985/17 1127/8986/17 1623/8987/17
f 603/8988/1 601/8989/1 651/8990/1 641/8991/1 643/8992/1 1423/8993/1 1626/8994/1 1624/8995/1 1622/8996/1
f 1423/8997/1693 1424/1958/1693 1620/8998/1693 1625/8999/1693 1626/9000/1693
s 0
f 1058/9001/2576 403/9002/2576 1555/9003/2576
f 1058/9001/2577 398/9004/2577 403/9005/2577
f 1058/9001/2578 1555/9003/2578 1189/9006/2578
f 718/9007/2579 398/9004/2579 1058/9001/2579
f 1189/9008/2580 1054/9009/2580 1058/9001/2580
f 398/9010/2581 718/9011/2581 408/9012/2581
f 1053/9013/2582 1189/9014/2582 1478/9015/2582
f 1053/9016/2583 1054/9017/2583 1189/9014/2583
f 718/9011/2584 1058/9018/2584 408/9012/2584
s 1
f 1059/9019/2585 408/9020/2585 1058/9021/2585
f 1189/9022/2586 1555/9023/2586 403/9024/2586 407/9025/2586 1741/9026/2586 1478/9027/2586
f 408/9028/2587 1059/9029/2587 1741/9030/2587 407/9031/2587 406/9032/2587
f 1741/9033/2588 1059/9034/2588 1053/9035/2588 1478/9036/2588
s 0
f 700/9037/2589 1617/9038/2589 1613/9039/2589
f 1617/9038/2590 700/9037/2590 698/9040/2590 1614/9041/2590
f 1614/9042/2591 698/9040/2591 1549/9043/2591
s 1
f 1742/9044/2592 1613/9045/2592 1617/9046/2592 1614/9047/2592
f 1742/9048/2593 1614/9049/2593 1549/9050/2593 1550/9051/2593
f 700/9052/2594 1613/9053/2594 1742/9054/2594 1550/9055/2594 701/9056/2594
s 0
f 288/9057/2595 1500/9058/2595 1745/9059/2595 1744/9060/2595
f 1746/9061/2596 1500/9062/2596 288/9063/2596
f 1400/9064/2597 1745/9065/2597 1500/9066/2597
f 1404/9067/2598 1500/9062/2598 1746/9061/2598
f 1400/9068/2599 1500/9062/2599 1404/9067/2599
s 1
f 1401/9069/2600 1743/9070/2600 1744/9071/2600 1745/9072/2600 1400/9073/2600
f 288/9074/2601 1744/9075/2601 1743/9076/2601 1746/9077/2601
f 1743/9078/2602 1401/9079/2602 1404/9080/2602 1746/9081/2602
s 0
f 1107/9082/2603 905/9083/2603 1105/9084/2603 1108/5868/2603
f 1105/9085/2604 905/9083/2604 904/9086/2604
s 1
f 903/9087/2605 905/9088/2605 1107/9089/2605 1108/9090/2605 1527/9091/2605 1525/9092/2605
f 902/9093/2606 1526/9094/2606 1105/9095/2606 904/9096/2606
f 1105/9097/2607 1526/9098/2607 1527/9099/2607 1108/9100/2607
s 0
f 1748/9101/2608 1749/9102/2608 1605/9103/2608
f 1603/9104/2609 1749/9102/2609 1748/9101/2609 1584/9105/2609 380/9106/2609
s 1
f 1605/9107/2610 1747/9108/2610 1585/9109/2610 1584/9110/2610 1748/9111/2610
f 1603/9112/2611 1747/9113/2611 1605/9114/2611 1749/9115/2611
f 1747/9116/2612 1603/9117/2612 380/9118/2612 1585/9119/2612
s 0
f 1745/9120/2613 1500/9121/2613 1501/9122/2613 1750/9123/2613
f 1750/9123/2614 1501/9124/2614 1751/9125/2614
s 1
f 1751/9126/2615 1570/9127/2615 1505/9128/2615 1407/9129/2615 1400/9130/2615 1745/9131/2615 1750/9132/2615
f 1501/9133/2616 1570/9134/2616 1751/9135/2616
s 0
f 1510/9136/2617 1753/9137/2617 515/9138/2617 1115/9139/2617 1509/9140/2617
s 1
f 1115/9141/2618 516/9142/2618 1752/9143/2618 1509/9144/2618
f 517/9145/2619 1752/9146/2619 516/9147/2619
f 515/9148/2620 1753/9149/2620 1510/9150/2620 1752/9151/2620 517/9152/2620
f 1509/9153/1890 1752/9154/1890 1510/9155/1890
s 0
f 734/9156/2621 723/9157/2621 1755/9158/2621
s 1
f 893/9159/2622 1759/9160/2622 1758/9161/2622 1296/9162/2622 1295/9163/2622 729/9164/2622 733/9165/2622
s 0
f 1756/9166/2623 1757/9167/2623 723/9168/2623 734/9169/2623
f 1758/9170/2624 723/9168/2624 1757/9167/2624
f 1759/9171/2625 723/9168/2625 1758/9172/2625
f 893/9173/2626 723/9168/2626 1759/9171/2626
s 1
f 732/9174/17 1754/9175/17 1756/9176/17 734/9177/17 1755/9178/17
f 1756/9179/2627 1754/9180/2627 1296/9181/2627 1758/9182/2627 1757/9183/2627
f 1296/9184/2628 1754/9185/2628 732/9186/2628 535/9187/2628
s 0
f 733/9188/2629 729/9189/2629 535/9190/2629 732/9191/2629 1755/9158/2629 723/9157/2629
f 947/9192/2630 946/9193/2630 1044/9194/2630
f 389/9195/2631 1041/9196/2631 1044/9194/2631 946/9193/2631
f 1760/9197/2632 1041/9198/2632 389/9199/2632
f 389/9199/2633 1343/9200/2633 1760/9197/2633
f 389/9201/2634 388/9202/2634 1340/9203/2634
f 388/9202/2635 1761/9204/2635 1340/9205/2635
f 1340/9206/2636 1343/9207/2636 389/9201/2636
f 388/9202/2637 390/9208/2637 1325/9209/2637 1761/9204/2637
f 390/9208/2638 946/9210/2638 949/9211/2638 1325/9209/2638
f 390/9212/2639 389/9195/2639 946/9193/2639
s 1
f 947/9213/2640 1044/9214/2640 1041/9215/2640 1760/9216/2640 1343/9217/2640 1340/9218/2640 1761/9219/2640 1325/9220/2640 949/9221/2640
s 0
f 1501/9222/2641 1500/9223/2641 1745/9224/2641
s 1
f 1744/9225/2642 1762/9226/2642 1501/9227/2642 1745/9228/2642
f 287/9229/2643 1762/9230/2643 1744/9231/2643 288/9232/2643
f 1501/9233/2644 1762/9234/2644 287/9235/2644 610/9236/2644
s 0
f 1066/8379/2645 1063/9237/2645 1037/9238/2645 1064/9239/2645
s 1
f 1063/9240/2646 1066/9241/2646 1037/9242/2646
s 0
f 1054/9243/2647 1055/9244/2647 990/9245/2647
f 1054/9243/2648 1057/9246/2648 1055/9244/2648
f 1187/9247/2649 990/9248/2649 1764/9249/2649 1194/9250/2649
f 553/9251/2650 552/9252/2650 1764/9249/2650 990/9248/2650
f 1463/9253/2651 1054/9254/2651 1192/9255/2651
f 1057/9256/2652 1054/9254/2652 1463/9253/2652
s 1
f 1463/9257/2653 1763/9258/2653 552/9259/2653 553/9260/2653 990/9261/2653 1055/9262/2653 1057/9263/2653
f 552/9264/2654 1763/9265/2654 1194/9266/2654 1764/9267/2654
f 1192/9268/2655 1193/9269/2655 1194/9270/2655 1763/9271/2655 1463/9272/2655
s 0
f 292/9273/2656 293/9274/2656 297/9275/2656 296/9276/2656
f 295/9277/2657 292/9278/2657 296/9279/2657
f 68/9280/2658 292/9281/2658 295/9282/2658 1765/9283/2658
f 1013/9284/2659 608/9285/2659 67/9286/2659 1563/9287/2659
f 67/9286/2660 1562/9288/2660 1563/9287/2660
f 1562/9288/2661 67/9286/2661 68/9289/2661 1765/9290/2661
f 608/9291/2662 606/9292/2662 69/9293/2662
f 606/9292/2663 608/9294/2663 607/9295/2663
s 1
f 295/9296/17 296/9297/17 297/9298/17 1019/9299/17 1013/9300/17 1563/9301/17 1562/9302/17 1765/9303/17
f 1018/9304/2664 1418/9305/2664 71/9306/2664 72/9307/2664 69/9308/2664 606/9309/2664 607/9310/2664
f 69/9311/2665 73/9312/2665 608/9313/2665
s 0
f 723/9314/2666 893/9315/2666 734/9316/2666
f 734/9316/2667 893/9315/2667 1757/9317/2667 1756/9318/2667
f 888/9319/2668 1768/9320/2668 1769/9321/2668 1770/9322/2668 890/9323/2668
f 1767/9324/2669 723/9325/2669 742/9326/2669
f 893/9327/2670 723/9325/2670 1767/9324/2670 896/9328/2670
f 893/9329/2671 896/9330/2671 1769/9321/2671 1768/9320/2671
s 1
f 742/9331/2672 734/9332/2672 1756/9333/2672 1766/9334/2672 890/9335/2672 1770/9336/2672 1769/9337/2672 896/9338/2672 1767/9339/2672
f 888/9340/2673 1758/9341/2673 893/9342/2673 1768/9343/2673
f 890/9344/2674 1766/9345/2674 888/9346/2674
f 1766/9347/2675 1756/9348/2675 1757/9349/2675 1758/9350/2675 888/9351/2675
s 0
f 893/9315/2676 1758/9352/2676 1757/9317/2676
f 96/9353/2677 92/9354/2677 102/9355/2677
f 1771/9356/2678 92/9354/2678 96/9353/2678
f 1597/9357/2679 1599/9358/2679 91/9359/2679 97/9360/2679
f 97/9361/2680 92/9354/2680 1771/9356/2680
f 1001/9362/2681 1000/9363/2681 92/9364/2681
f 87/9365/2682 92/9364/2682 1000/9363/2682 1006/9366/2682
f 97/9367/2683 91/9359/2683 92/9354/2683
f 1006/9366/2684 1000/9363/2684 1772/9368/2684
f 1600/9369/2685 1773/9370/2685 1001/9371/2685
f 1600/9369/2686 1001/9371/2686 91/9359/2686 1599/9358/2686
f 1000/9372/2687 1001/9373/2687 1773/9370/2687
s 1
f 1600/9374/2688 1599/9375/2688 1597/9376/2688 97/9377/2688 1771/9378/2688 96/9379/2688 102/9380/2688 87/9381/2688 1006/9382/2688 1772/9383/2688 1000/9384/2688 1773/9385/2688
s 0
f 1382/9386/2689 1381/9387/2689 1227/9388/2689
f 1383/9389/2690 1382/9390/2690 1227/9391/2690 1384/9392/2690
f 443/9393/2691 1774/9394/2691 74/9395/2691 444/9396/2691
f 74/9397/2692 292/9398/2692 1775/9399/2692
f 1776/9400/2693 1777/9401/2693 440/9402/2693 439/9403/2693
f 1776/9400/2694 443/9404/2694 444/9405/2694 1777/9401/2694
f 1765/9406/2695 74/9395/2695 1774/9394/2695
f 1765/9407/2696 68/9408/2696 74/9409/2696
f 292/9398/2697 1334/9410/2697 1417/9411/2697 1775/9399/2697
f 1417/9412/2698 1334/9410/2698 1778/9413/2698 440/9414/2698
f 1592/9415/2699 440/9414/2699 1778/9413/2699
s 1
f 295/9416/2700 1765/9417/2700 1774/9418/2700 443/9419/2700 1776/9420/2700 439/9421/2700 1592/9422/2700 1778/9423/2700 1334/9424/2700 292/9425/2700
f 444/9426/1 74/9427/1 1775/9428/1 1417/9429/1 440/9430/1 1777/9431/1
s 0
f 1058/9432/2701 718/9433/2701 720/9434/2701
f 722/9435/2702 718/9436/2702 1058/9437/2702 1462/9438/2702
s 1
f 1058/9439/2703 720/9440/2703 721/9441/2703 1462/9442/2703 1057/9443/2703
f 1462/9444/2704 721/9445/2704 722/9446/2704
s 0
f 839/9447/2705 988/9448/2705 987/9449/2705
f 841/9450/2706 839/9447/2706 987/9451/2706
s 1
f 988/9452/2707 1506/9453/2707 1564/9454/2707 987/9455/2707
f 841/9456/2708 1564/9457/2708 1506/9458/2708 839/9459/2708
s 0
f 1309/9460/2709 1308/9461/2709 427/9462/2709 1779/9463/2709
f 1779/9463/2710 427/9462/2710 429/9464/2710
f 429/9465/2711 428/9466/2711 1781/6570/2711 712/9467/2711
f 428/9468/2712 409/9469/2712 413/9470/2712 1780/9471/2712
f 428/9468/2713 1780/9471/2713 1781/8343/2713
s 1
f 413/9472/2714 1309/9473/2714 1779/9474/2714 429/9475/2714 712/9476/2714 1781/9477/2714 1780/9478/2714
s 0
f 1614/9479/2715 1783/9480/2715 698/9481/2715
f 1783/9480/2716 1549/9482/2716 698/9481/2716
f 1784/9483/2717 1425/9484/2717 1427/9485/2717
f 1425/9484/2718 1784/9483/2718 1428/9486/2718
s 1
f 1428/9487/17 1784/9488/17 1427/9489/17 1782/9490/17 1615/9491/17
f 1615/9492/2207 1782/9493/2207 1614/9494/2207
f 1549/9495/2719 1783/9496/2719 1614/9497/2719 1782/9498/2719 1427/9499/2719
s 0
f 1021/9500/2720 291/9501/2720 301/9502/2720 1017/9503/2720 1786/9504/2720
f 1021/9500/2721 1012/9505/2721 291/9501/2721
f 609/9506/2722 1786/9504/2722 1017/9507/2722
s 1
f 1081/9508/2723 1785/9509/2723 1017/9510/2723 301/9511/2723 290/9512/2723
f 1021/9513/2724 1786/9514/2724 609/9515/2724 1663/9516/2724
f 1663/9517/2725 1785/9518/2725 1081/9519/2725 1080/9520/2725
f 1663/9521/2726 609/9522/2726 1017/9523/2726 1785/9524/2726
s 0
f 33/9525/2727 1218/9526/2727 796/9527/2727
f 33/9525/2728 32/9528/2728 748/9529/2728
f 749/9530/2729 33/9525/2729 1787/9531/2729
f 33/9525/2730 748/9532/2730 1787/9531/2730
s 1
f 796/9533/2731 1218/9534/2731 749/9535/2731 1787/9536/2731 748/9537/2731 32/9538/2731 40/9539/2731 30/9540/2731
s 0
f 1523/9541/2732 866/9542/2732 869/9543/2732 307/9544/2732 1519/9545/2732
s 1
f 307/9546/1 305/9547/1 1523/9548/1 1519/9549/1
f 869/9550/2733 306/9551/2733 307/9552/2733
s 0
f 1779/9553/2734 432/9554/2734 1309/9555/2734
f 429/9556/2735 427/9557/2735 1788/9558/2735
f 1779/9553/2736 1788/9558/2736 427/9557/2736 432/9554/2736
s 1
f 1779/9559/2737 429/9560/2737 1788/9561/2737
f 429/9562/2738 1779/9563/2738 427/9564/2738 437/9565/2738
f 427/9566/2739 1779/9567/2739 1309/9568/2739 432/9569/2739
s 0
f 1791/9570/2740 1790/9571/2740 74/9572/2740 1765/9573/2740
f 1790/9571/2741 1791/9570/2741 443/9574/2741 444/9575/2741
f 1789/9576/2742 1350/9577/2742 67/9578/2742
f 68/9579/2743 74/9580/2743 76/9581/2743
f 67/9582/2744 68/9579/2744 76/9583/2744 75/9584/2744
s 1
f 1350/9585/2745 1789/9586/2745 1231/9587/2745 1228/9588/2745 443/9589/2745 1791/9590/2745 1765/9591/2745 1562/9592/2745
f 74/9593/1 1790/9594/1 444/9595/1 1229/9596/1 1230/9597/1 76/9598/1
f 1789/9599/2746 67/9600/2746 75/9601/2746
f 1231/9602/2747 1789/9603/2747 75/9604/2747 76/9605/2747 1230/9606/2747
s 0
f 417/9607/2748 527/9608/2748 1792/9609/2748
s 1
f 194/9610/2749 417/9611/2749 1792/9612/2749
f 527/9613/2750 194/9614/2750 1792/9615/2750
s 0
f 13/9616/2751 18/9617/2751 1793/9618/2751
f 1443/9619/2752 1657/9620/2752 1045/9621/2752 1656/9622/2752
f 24/9623/2753 25/9624/2753 1793/9618/2753 18/9625/2753
f 1045/9626/2754 1657/9620/2754 1046/9627/2754
s 1
f 1443/9628/2755 13/9629/2755 1793/9630/2755 25/9631/2755 1046/9632/2755 1657/9633/2755
f 24/9634/2756 18/9635/2756 1656/9636/2756 1045/9637/2756
f 1656/9638/2757 18/9639/2757 13/9640/2757 1443/9641/2757
s 0
f 1480/9642/2758 665/9643/2758 950/9644/2758 1481/9645/2758
f 675/9646/2759 665/9643/2759 1480/9642/2759
f 1678/9647/2760 950/9648/2760 1796/9649/2760 1797/9650/2760
f 1679/9651/2761 1680/9652/2761 1797/9650/2761 1796/9649/2761
f 283/9653/2762 776/9654/2762 284/9655/2762
f 776/9654/2763 1798/9656/2763 1116/9657/2763 284/9655/2763
f 586/9658/2764 587/9659/2764 1116/9657/2764 1798/9656/2764
f 196/9660/2765 1799/9661/2765 197/9662/2765
f 196/9660/2766 666/9663/2766 1799/9661/2766
f 675/9664/2767 198/9665/2767 665/9666/2767
f 666/9663/2768 196/9660/2768 198/9665/2768 675/9664/2768
f 1800/9667/2769 196/9660/2769 197/9662/2769 201/9668/2769
f 198/9665/2770 196/9660/2770 1800/9667/2770
s 1
f 587/9669/2771 1794/9670/2771 1799/9671/2771 666/9672/2771 675/9673/2771 1480/9674/2771 1481/9675/2771 1678/9676/2771 1797/9677/2771 1680/9678/2771 284/9679/2771 1116/9680/2771
f 283/9681/2772 1679/9682/2772 1796/9683/2772 950/9684/2772 956/9685/2772 198/9686/2772 1800/9687/2772 201/9688/2772 1795/9689/2772 589/9690/2772 586/9691/2772 1798/9692/2772 776/9693/2772
f 1794/9694/2773 1795/9695/2773 201/9696/2773 197/9697/2773 1799/9698/2773
f 589/9699/2774 1795/9700/2774 1794/9701/2774 587/9702/2774 590/9703/2774
s 0
f 1679/9704/2775 283/9705/2775 284/9706/2775 1680/9707/2775
f 857/9708/2776 1566/9709/2776 1472/9710/2776
f 857/9708/2777 860/9711/2777 1566/9709/2777
f 1512/9712/2778 1465/9713/2778 964/9714/2778 971/9715/2778
f 964/9716/2779 1802/9717/2779 970/9718/2779
f 1802/9717/2780 964/9716/2780 1472/9719/2780
s 1
f 1472/9720/2781 1566/9721/2781 1801/9722/2781 972/9723/2781 970/9724/2781 1802/9725/2781
f 971/9726/2782 972/9727/2782 1801/9728/2782 1511/9729/2782 1512/9730/2782
f 1511/9731/2783 1801/9732/2783 1566/9733/2783 860/9734/2783 859/9735/2783
s 0
f 857/9736/2784 1465/9713/2784 1512/9712/2784 1511/9737/2784 859/9738/2784
f 1115/9739/2785 1112/9740/2785 1508/9741/2785
f 1201/9742/2786 1115/9743/2786 515/9744/2786
f 515/9745/2787 1115/9746/2787 1508/9747/2787
s 1
f 1201/9748/2788 1508/9749/2788 1518/9750/2788 1112/9751/2788 1115/9752/2788
f 1508/9753/2789 1201/9754/2789 515/9755/2789
f 1379/9756/2790 769/9757/2790 1381/9758/2790 1382/9759/2790
s 0
f 1804/9760/2791 1000/9761/2791 1005/9762/2791 90/9763/2791
f 1003/9764/2792 1005/9762/2792 1000/9761/2792 462/9765/2792
s 1
f 1804/9766/2793 90/9767/2793 1803/9768/2793 463/9769/2793 453/9770/2793 1000/9771/2793
f 1803/9772/2794 90/9773/2794 1005/9774/2794 1003/9775/2794
f 463/9776/2795 1803/9777/2795 1003/9778/2795 462/9779/2795
s 0
f 1806/9780/2796 495/9781/2796 496/9782/2796
s 1
f 497/9783/2797 1805/9784/2797 1262/9785/2797 1806/9786/2797 496/9787/2797
f 1261/9788/2798 1262/9789/2798 1805/8018/2798
f 495/9790/2799 1261/9791/2799 1805/9792/2799 497/9793/2799
s 0
f 1262/9794/2800 1261/9795/2800 495/9781/2800 1806/9780/2800
f 1357/9796/2801 1808/9797/2801 385/9798/2801 377/9799/2801 1610/9800/2801 1611/9801/2801
f 1357/9802/2802 1360/9803/2802 1809/9804/2802 1810/9805/2802
f 1810/9805/2803 1809/9804/2803 1361/9806/2803 1811/9807/2803
f 1361/9808/2804 1362/9809/2804 1811/9807/2804
f 280/9810/2805 262/9811/2805 1813/9812/2805 1812/9813/2805
f 1812/9813/2806 1813/9812/2806 1362/9814/2806 1361/9815/2806 1535/9816/2806
s 1
f 262/9817/2807 278/9818/2807 386/9819/2807 385/9820/2807 1808/9821/2807 1357/9822/2807 1810/9823/2807 1811/9824/2807 1362/9825/2807 1813/9826/2807
f 280/9827/2808 1812/9828/2808 1535/9829/2808 1807/9830/2808 1611/9831/2808 1610/9832/2808 377/9833/2808 277/9834/2808
f 1361/9835/1588 1809/9836/1588 1360/9837/1588 1807/9838/1588 1535/9839/1588
f 1357/9840/1589 1611/9841/1589 1807/9842/1589 1360/9843/1589
s 0
f 433/9844/2809 428/9845/2809 409/9846/2809 1815/9847/2809
f 1781/9848/2810 428/9849/2810 433/9850/2810
f 1780/9851/2811 409/9846/2811 428/9845/2811 1781/9852/2811
f 409/9846/2812 411/9853/2812 1461/9854/2812 1815/9847/2812
f 409/9846/2813 1780/9851/2813 413/9855/2813
f 413/9856/2814 411/9857/2814 409/9846/2814
f 519/9858/2815 709/9859/2815 433/9850/2815 522/9860/2815
f 411/9861/2816 524/9862/2816 525/9863/2816 523/9864/2816 522/9865/2816
f 523/9866/2817 519/9867/2817 522/9868/2817
f 1781/9848/2818 433/9850/2818 709/9869/2818
f 411/9857/2819 413/9856/2819 417/9870/2819
s 1
f 433/9871/2820 1815/9872/2820 1461/9873/2820 411/9874/2820 522/9875/2820
f 417/9876/2821 413/9877/2821 1780/9878/2821 1781/9879/2821 709/9880/2821 1721/9881/2821 1814/9882/2821 1792/9883/2821
f 1814/9884/2822 525/9885/2822 524/9886/2822 527/9887/2822 1792/9888/2822
f 523/9889/2823 525/9890/2823 1814/9891/2823 1721/9892/2823
l 43 42
l 908 909
l 908 541
l 1085 1086
l 1053 1259
l 1291 1292
o Shards
v -0.090976 0.044292 0.046612
v -0.266773 0.134584 0.046612
v -0.445991 0.132532 0.046612
v -0.482929 0.154421 0.046612
v -0.688140 0.155790 0.046612
v -0.776380 0.222141 0.046612
v -0.865305 0.253607 0.046612
v -0.876934 0.318590 0.046612
v -0.826999 0.399991 0.046612
v -0.692928 0.525854 0.046612
v -0.664882 0.505332 0.046612
v -0.651202 0.507384 0.046612
v -0.600583 0.541586 0.046612
v -0.393320 0.401359 0.046612
v -0.298239 0.394518 0.046612
v -0.158695 0.205724 0.046612
v -0.156643 0.174259 0.046612
v -0.066350 0.053184 0.046612
v -0.100861 0.377459 0.046612
v -0.091521 0.369034 0.046612
v -0.071009 0.306949 0.046612
v -0.070643 0.285339 0.046612
v -0.075954 0.283508 0.046612
v -0.103792 0.320685 0.046612
v -0.114963 0.340647 0.046612
v -0.115879 0.353101 0.046612
v -0.003234 0.568768 0.046612
v 0.030522 0.594876 0.046612
v 0.043972 0.599360 0.046612
v 0.044763 0.588547 0.046612
v 0.043972 0.570614 0.046612
v 0.009952 0.433478 0.046612
v 0.003622 0.432950 0.046612
v -0.022750 0.450884 0.046612
v 0.138247 0.636361 0.046612
v 0.062028 0.383455 0.046612
v 0.721553 0.871199 0.046612
v 0.133470 0.653691 0.046612
v 0.118728 0.665030 0.046612
v 0.115326 0.677504 0.046612
v 0.235526 0.779560 0.046612
v 0.245732 0.803373 0.046612
v 0.292224 0.815847 0.046612
v 0.335315 0.958726 0.046612
v 0.393147 0.988209 0.046612
v 0.059762 0.412157 0.046612
v 0.109657 0.556170 0.046612
v 0.145944 0.567510 0.046612
v 0.714058 0.883885 0.046612
v 0.047289 0.081041 0.046612
v 0.050691 0.253403 0.046612
v 0.066566 0.325976 0.046612
v 0.743540 0.833990 0.046612
v 0.717459 0.712656 0.046612
v 0.716325 0.646887 0.046612
v 0.721995 0.584519 0.046612
v 0.699316 0.541429 0.046612
v 0.702718 0.508544 0.046612
v 0.633546 0.448444 0.046612
v 0.630144 0.435970 0.046612
v 0.643752 0.425765 0.046612
v 0.622207 0.389478 0.046612
v 0.609733 0.336182 0.046612
v 0.312636 0.210312 0.046612
v 0.200373 0.187633 0.046612
v 0.178828 0.155882 0.046612
v 0.159095 0.057772 0.046612
v 0.241693 0.079608 0.046612
v 0.275239 0.100495 0.046612
v 0.344862 0.115369 0.046612
v 0.407522 0.100178 0.046612
v 0.446131 0.046695 0.046612
v 0.450245 0.029606 0.046612
v 0.330621 0.032454 0.046612
v 0.295493 0.028657 0.046612
v 0.262263 0.026441 0.046612
v 0.238845 0.022960 0.046612
v 0.158462 0.042581 0.046612
v 0.118388 -0.025655 0.046612
v 0.109598 -0.034666 0.046612
v 0.127619 -0.045215 0.046612
v 0.137289 -0.050709 0.046612
v 0.151574 -0.063236 0.046612
v 0.162782 -0.071367 0.046612
v 0.174430 -0.079938 0.046612
v 0.180803 -0.083455 0.046612
v 0.195088 -0.088290 0.046612
v 0.210032 -0.097080 0.046612
v 0.235745 -0.113343 0.046612
v 0.292446 -0.176197 0.046612
v 0.332443 -0.187625 0.046612
v 0.341893 -0.195317 0.046612
v 0.354200 -0.242567 0.046612
v 0.452877 -0.325640 0.046612
v 0.461228 -0.325640 0.046612
v 0.468700 -0.327398 0.046612
v 0.511555 -0.358606 0.046612
v 0.519247 -0.351793 0.046612
v 0.527599 -0.348277 0.046612
v 0.536389 -0.347837 0.046612
v 0.543641 -0.349814 0.046612
v 0.551772 -0.347397 0.046612
v 0.556168 -0.339705 0.046612
v 0.559464 -0.325860 0.046612
v 0.560564 -0.321685 0.046612
v 0.567596 -0.308059 0.046612
v 0.568255 -0.254655 0.046612
v 0.569134 -0.248062 0.046612
v 0.572870 -0.243227 0.046612
v 0.579463 -0.238172 0.046612
v 0.592649 -0.233337 0.046612
v 0.562541 -0.212899 0.046612
v 0.533531 -0.191581 0.046612
v 0.499028 -0.158176 0.046612
v 0.492435 -0.150704 0.046612
v 0.483864 -0.146309 0.046612
v 0.473754 -0.141694 0.046612
v 0.467821 -0.135540 0.046612
v 0.462326 -0.126310 0.046612
v 0.461448 -0.118838 0.046612
v 0.462326 -0.108288 0.046612
v 0.419911 -0.089389 0.046612
v 0.414637 -0.089828 0.046612
v 0.405627 -0.089830 0.046612
v 0.396175 -0.088948 0.046612
v 0.382550 -0.087190 0.046612
v 0.247174 -0.043238 0.046612
v 0.238602 -0.046534 0.046612
v 0.228053 -0.050489 0.046612
v 0.222778 -0.051149 0.046612
v 0.210251 -0.048292 0.046612
v 0.605818 -0.033160 0.046612
v 0.623216 -0.030871 0.046612
v 0.691436 -0.051016 0.046612
v 0.702577 -0.058494 0.046612
v 0.697388 -0.063073 0.046612
v 0.643057 -0.063683 0.046612
v 0.621690 -0.058342 0.046612
v 0.105830 -0.104418 0.046612
v 0.124848 -0.121826 0.046612
v 0.081930 -0.095271 0.046612
v 0.143282 -0.160897 0.046612
v 0.135194 -0.165628 0.046612
v 0.109554 -0.152350 0.046612
v 0.095818 -0.130220 0.046612
v 0.000737 -0.087503 0.046612
v 0.014473 -0.112044 0.046612
v 0.014839 -0.126146 0.046612
v 0.013557 -0.147390 0.046612
v 0.013008 -0.281998 0.046612
v 0.060075 -0.436203 0.046612
v 0.045139 -0.462266 0.046612
v 0.043359 -0.468625 0.046612
v 0.043613 -0.474984 0.046612
v 0.106186 -0.644135 0.046612
v 0.101831 -0.712166 0.046612
v 0.102710 -0.729088 0.046612
v 0.102710 -0.743593 0.046612
v 0.099853 -0.749307 0.046612
v 0.107325 -0.813480 0.046612
v 0.093919 -0.843808 0.046612
v 0.031944 -0.843148 0.046612
v -0.059920 -0.794360 0.046612
v -0.090907 -0.732605 0.046612
v -0.077501 -0.566679 0.046612
v -0.100980 -0.424654 0.046612
v -0.094777 -0.394268 0.046612
v -0.036263 -0.248257 0.046612
v -0.039724 -0.185381 0.046612
v -0.198138 -0.185456 0.046612
v -0.201953 -0.216284 0.046612
v -0.193864 -0.221931 0.046612
v -0.164409 -0.208501 0.046612
v -0.151895 -0.203312 0.046612
v -0.136938 -0.199191 0.046612
v -0.102446 -0.190034 0.046612
v -0.091000 -0.165768 0.046612
v -0.090084 -0.159663 0.046612
v -0.091305 -0.155848 0.046612
v -0.090084 -0.150506 0.046612
v -0.079096 -0.121967 0.046612
v -0.077112 -0.104568 0.046612
v -0.076807 -0.099990 0.046612
v -0.074670 -0.087780 0.046612
v -0.077417 -0.085033 0.046612
v -0.082759 -0.086559 0.046612
v -0.096952 -0.093885 0.046612
v -0.134191 -0.120898 0.046612
v -0.161967 -0.145164 0.046612
v -0.186997 -0.172025 0.046612
v -0.253644 -0.158915 0.046612
v -0.222908 -0.156583 0.046612
v -0.224922 -0.164214 0.046612
v -0.276218 -0.195585 0.046612
v -0.278338 -0.194208 0.046612
v -0.594756 -0.095589 0.046612
v -0.603870 -0.081461 0.046612
v -0.585641 -0.065056 0.046612
v -0.572881 -0.054119 0.046612
v -0.569236 -0.042270 0.046612
v -0.568780 -0.030877 0.046612
v -0.545994 -0.014016 0.046612
v -0.533234 0.006036 0.046612
v -0.379203 -0.014471 0.046612
v -0.360974 -0.014016 0.046612
v -0.340467 -0.017206 0.046612
v -0.170030 -0.012649 0.046612
v -0.148611 -0.023586 0.046612
v -0.172308 -0.044093 0.046612
v -0.185524 -0.055030 0.046612
v -0.199195 -0.071891 0.046612
v -0.203753 -0.078271 0.046612
v -0.243400 -0.077816 0.046612
v -0.255811 -0.077788 0.046612
v -0.264996 -0.082999 0.046612
v -0.271709 -0.090506 0.046612
v -0.275771 -0.108258 0.046612
v -0.300501 -0.122655 0.046612
v -0.316045 -0.122036 0.046612
v -0.338126 -0.122655 0.046612
v -0.359588 -0.117797 0.046612
v -0.417084 -0.105167 0.046612
v -0.425475 -0.105962 0.046612
v -0.513265 -0.098543 0.046612
v -0.307808 0.022567 0.046612
v -0.332379 0.054465 0.046612
v -0.356493 0.073084 0.046612
v -0.357866 0.086209 0.046612
v -0.307960 0.086362 0.046612
v -0.286441 0.084378 0.046612
v -0.250728 0.080257 0.046612
v -0.228904 0.077205 0.046612
v -0.201433 0.058890 0.046612
v -0.169841 0.037066 0.046612
v -0.152748 0.019210 0.046612
v -0.222799 0.019668 0.046612
v -0.257749 0.034319 0.046612
v -0.262785 0.035387 0.046612
v -0.269958 0.034319 0.046612
v -0.090976 0.044292 0.015730
v -0.266773 0.134584 0.015730
v -0.445991 0.132532 0.015730
v -0.482929 0.154421 0.015730
v -0.688140 0.155790 0.015730
v -0.776380 0.222141 0.015730
v -0.865305 0.253607 0.015730
v -0.876934 0.318590 0.015730
v -0.826999 0.399991 0.015730
v -0.692928 0.525854 0.015730
v -0.664882 0.505332 0.015730
v -0.651202 0.507384 0.015730
v -0.600583 0.541586 0.015730
v -0.393320 0.401359 0.015730
v -0.298239 0.394518 0.015730
v -0.158695 0.205724 0.015730
v -0.156643 0.174259 0.015730
v -0.066350 0.053184 0.015730
v -0.100861 0.377459 0.015730
v -0.091521 0.369034 0.015730
v -0.071009 0.306949 0.015730
v -0.070643 0.285339 0.015730
v -0.075954 0.283508 0.015730
v -0.103792 0.320685 0.015730
v -0.114963 0.340647 0.015730
v -0.115879 0.353101 0.015730
v -0.003234 0.568768 0.015730
v 0.030522 0.594876 0.015730
v 0.043972 0.599360 0.015730
v 0.044763 0.588547 0.015730
v 0.043972 0.570614 0.015730
v 0.009952 0.433478 0.015730
v 0.003622 0.432950 0.015730
v -0.022750 0.450884 0.015730
v 0.138247 0.636361 0.015730
v 0.133470 0.653691 0.015730
v 0.118728 0.665030 0.015730
v 0.115326 0.677504 0.015730
v 0.235526 0.779560 0.015730
v 0.245732 0.803373 0.015730
v 0.292224 0.815847 0.015730
v 0.335315 0.958726 0.015730
v 0.393147 0.988209 0.015730
v 0.062028 0.383455 0.015730
v 0.059762 0.412157 0.015730
v 0.109657 0.556170 0.015730
v 0.145944 0.567510 0.015730
v 0.714058 0.883885 0.015730
v 0.721553 0.871199 0.015730
v 0.047289 0.081041 0.015730
v 0.050691 0.253403 0.015730
v 0.066566 0.325976 0.015730
v 0.743540 0.833990 0.015730
v 0.717459 0.712656 0.015730
v 0.716325 0.646887 0.015730
v 0.721995 0.584519 0.015730
v 0.699316 0.541429 0.015730
v 0.702718 0.508544 0.015730
v 0.633546 0.448444 0.015730
v 0.630144 0.435970 0.015730
v 0.643752 0.425765 0.015730
v 0.622207 0.389478 0.015730
v 0.609733 0.336182 0.015730
v 0.312636 0.210312 0.015730
v 0.200373 0.187633 0.015730
v 0.178828 0.155882 0.015730
v 0.159095 0.057772 0.015730
v 0.241693 0.079608 0.015730
v 0.275239 0.100495 0.015730
v 0.344862 0.115369 0.015730
v 0.407522 0.100178 0.015730
v 0.446131 0.046695 0.015730
v 0.450245 0.029606 0.015730
v 0.330621 0.032454 0.015730
v 0.295493 0.028657 0.015730
v 0.262263 0.026441 0.015730
v 0.238845 0.022960 0.015730
v 0.158462 0.042581 0.015730
v 0.118388 -0.025655 0.015730
v 0.109598 -0.034666 0.015730
v 0.127619 -0.045215 0.015730
v 0.137289 -0.050709 0.015730
v 0.151574 -0.063236 0.015730
v 0.162782 -0.071367 0.015730
v 0.174430 -0.079938 0.015730
v 0.180803 -0.083455 0.015730
v 0.195088 -0.088290 0.015730
v 0.210032 -0.097080 0.015730
v 0.235745 -0.113343 0.015730
v 0.292446 -0.176197 0.015730
v 0.332443 -0.187625 0.015730
v 0.341893 -0.195317 0.015730
v 0.354200 -0.242567 0.015730
v 0.452877 -0.325640 0.015730
v 0.461228 -0.325640 0.015730
v 0.468700 -0.327398 0.015730
v 0.511555 -0.358606 0.015730
v 0.519247 -0.351793 0.015730
v 0.527599 -0.348277 0.015730
v 0.536389 -0.347837 0.015730
v 0.543641 -0.349814 0.015730
v 0.551772 -0.347397 0.015730
v 0.556168 -0.339705 0.015730
v 0.559464 -0.325860 0.015730
v 0.560564 -0.321685 0.015730
v 0.567596 -0.308059 0.015730
v 0.568255 -0.254655 0.015730
v 0.569134 -0.248062 0.015730
v 0.572870 -0.243227 0.015730
v 0.579463 -0.238172 0.015730
v 0.592649 -0.233337 0.015730
v 0.562541 -0.212899 0.015730
v 0.533531 -0.191581 0.015730
v 0.499028 -0.158176 0.015730
v 0.492435 -0.150704 0.015730
v 0.483864 -0.146309 0.015730
v 0.473754 -0.141694 0.015730
v 0.467821 -0.135540 0.015730
v 0.462326 -0.126310 0.015730
v 0.461448 -0.118838 0.015730
v 0.462326 -0.108288 0.015730
v 0.419911 -0.089389 0.015730
v 0.414637 -0.089828 0.015730
v 0.405627 -0.089830 0.015730
v 0.396175 -0.088948 0.015730
v 0.382550 -0.087190 0.015730
v 0.247174 -0.043238 0.015730
v 0.238602 -0.046534 0.015730
v 0.228053 -0.050489 0.015730
v 0.222778 -0.051149 0.015730
v 0.210251 -0.048292 0.015730
v 0.605818 -0.033160 0.015730
v 0.623216 -0.030871 0.015730
v 0.691436 -0.051016 0.015730
v 0.702577 -0.058494 0.015730
v 0.697388 -0.063073 0.015730
v 0.643057 -0.063683 0.015730
v 0.621690 -0.058342 0.015730
v 0.105830 -0.104418 0.015730
v 0.124848 -0.121826 0.015730
v 0.081930 -0.095271 0.015730
v 0.143282 -0.160897 0.015730
v 0.135194 -0.165628 0.015730
v 0.109554 -0.152350 0.015730
v 0.095818 -0.130220 0.015730
v 0.000737 -0.087503 0.015730
v 0.014473 -0.112044 0.015730
v 0.014839 -0.126146 0.015730
v 0.013557 -0.147390 0.015730
v 0.013008 -0.281998 0.015730
v 0.060075 -0.436203 0.015730
v 0.045139 -0.462266 0.015730
v 0.043359 -0.468625 0.015730
v 0.043613 -0.474984 0.015730
v 0.106186 -0.644135 0.015730
v 0.101831 -0.712166 0.015730
v 0.102710 -0.729088 0.015730
v 0.102710 -0.743593 0.015730
v 0.099853 -0.749307 0.015730
v 0.107325 -0.813480 0.015730
v 0.093919 -0.843808 0.015730
v 0.031944 -0.843148 0.015730
v -0.059920 -0.794360 0.015730
v -0.090907 -0.732605 0.015730
v -0.077501 -0.566679 0.015730
v -0.100980 -0.424654 0.015730
v -0.094777 -0.394268 0.015730
v -0.036263 -0.248257 0.015730
v -0.039724 -0.185381 0.015730
v -0.198138 -0.185456 0.015730
v -0.201953 -0.216284 0.015730
v -0.193864 -0.221931 0.015730
v -0.164409 -0.208501 0.015730
v -0.151895 -0.203312 0.015730
v -0.136938 -0.199191 0.015730
v -0.102446 -0.190034 0.015730
v -0.091000 -0.165768 0.015730
v -0.090084 -0.159663 0.015730
v -0.091305 -0.155848 0.015730
v -0.090084 -0.150506 0.015730
v -0.079096 -0.121967 0.015730
v -0.077112 -0.104568 0.015730
v -0.076807 -0.099990 0.015730
v -0.074670 -0.087780 0.015730
v -0.077417 -0.085033 0.015730
v -0.082759 -0.086559 0.015730
v -0.096952 -0.093885 0.015730
v -0.134191 -0.120898 0.015730
v -0.161967 -0.145164 0.015730
v -0.186997 -0.172025 0.015730
v -0.253644 -0.158915 0.015730
v -0.222908 -0.156583 0.015730
v -0.224922 -0.164214 0.015730
v -0.276218 -0.195585 0.015730
v -0.278338 -0.194208 0.015730
v -0.594756 -0.095589 0.015730
v -0.603870 -0.081461 0.015730
v -0.585641 -0.065056 0.015730
v -0.572881 -0.054119 0.015730
v -0.569236 -0.042270 0.015730
v -0.568780 -0.030877 0.015730
v -0.545994 -0.014016 0.015730
v -0.533234 0.006036 0.015730
v -0.379203 -0.014471 0.015730
v -0.360974 -0.014016 0.015730
v -0.340467 -0.017206 0.015730
v -0.170030 -0.012649 0.015730
v -0.148611 -0.023586 0.015730
v -0.172308 -0.044093 0.015730
v -0.185524 -0.055030 0.015730
v -0.199195 -0.071891 0.015730
v -0.203753 -0.078271 0.015730
v -0.243400 -0.077816 0.015730
v -0.255811 -0.077788 0.015730
v -0.264996 -0.082999 0.015730
v -0.271709 -0.090506 0.015730
v -0.275771 -0.108258 0.015730
v -0.300501 -0.122655 0.015730
v -0.316045 -0.122036 0.015730
v -0.338126 -0.122655 0.015730
v -0.359588 -0.117797 0.015730
v -0.417084 -0.105167 0.015730
v -0.425475 -0.105962 0.015730
v -0.513265 -0.098543 0.015730
v -0.307808 0.022567 0.015730
v -0.332379 0.054465 0.015730
v -0.356493 0.073084 0.015730
v -0.357866 0.086209 0.015730
v -0.307960 0.086362 0.015730
v -0.286441 0.084378 0.015730
v -0.250728 0.080257 0.015730
v -0.228904 0.077205 0.015730
v -0.201433 0.058890 0.015730
v -0.169841 0.037066 0.015730
v -0.152748 0.019210 0.015730
v -0.222799 0.019668 0.015730
v -0.257749 0.034319 0.015730
v -0.262785 0.035387 0.015730
v -0.269958 0.034319 0.015730
vn -0.0000 -0.0000 -1.0000
vn -0.0000 -0.0000 1.0000
vn -0.6752 -0.7376 -0.0000
vn -0.7224 -0.6915 -0.0000
vn 0.1305 -0.9915 -0.0000
vn 0.3162 -0.9487 -0.0000
vn 0.0065 1.0000 -0.0000
vn -0.2832 -0.9591 -0.0000
vn -0.9973 -0.0730 -0.0000
vn 0.3866 0.9222 -0.0000
vn -0.5573 -0.8303 -0.0000
vn -0.9990 0.0441 -0.0000
vn 0.2075 0.9782 -0.0000
vn -0.6616 0.7498 -0.0000
vn -0.9706 0.2408 -0.0000
vn -0.1473 0.9891 -0.0000
vn -0.0112 0.9999 -0.0000
vn -0.0830 0.9965 -0.0000
vn -0.2965 0.9550 -0.0000
vn 0.2425 0.9701 -0.0000
vn 0.5623 0.8269 -0.0000
vn 0.8460 0.5332 -0.0000
vn 0.9866 -0.1633 -0.0000
vn 0.9640 0.2658 -0.0000
vn -0.3574 -0.9339 -0.0000
vn 0.6097 0.7926 -0.0000
vn -0.9044 -0.4267 -0.0000
vn 0.9648 0.2631 -0.0000
vn -0.5049 0.8632 -0.0000
vn 0.6472 -0.7623 -0.0000
vn 0.4599 0.8880 -0.0000
vn 0.9191 -0.3939 -0.0000
vn 0.8496 0.5274 -0.0000
vn 0.2591 -0.9658 -0.0000
vn 0.9293 0.3693 -0.0000
vn 0.9574 -0.2887 -0.0000
vn 0.4542 -0.8909 -0.0000
vn 0.9969 0.0787 -0.0000
vn -0.8726 -0.4884 -0.0000
vn 0.9449 -0.3274 -0.0000
vn -0.9997 -0.0259 -0.0000
vn 0.2983 -0.9545 -0.0000
vn -0.9982 0.0602 -0.0000
vn 0.9938 0.1111 -0.0000
vn -1.0000 0.0041 -0.0000
vn -0.3092 -0.9510 -0.0000
vn -0.9564 -0.2919 -0.0000
vn -0.8609 -0.5087 -0.0000
vn -0.8676 0.4972 -0.0000
vn 0.9998 -0.0197 -0.0000
vn -0.9630 0.2696 -0.0000
vn 0.9769 -0.2137 -0.0000
vn -0.9992 -0.0400 -0.0000
vn -0.9379 -0.3469 -0.0000
vn -0.9980 0.0639 -0.0000
vn -0.9777 0.2102 -0.0000
vn -0.9987 -0.0519 -0.0000
vn -0.9999 0.0172 -0.0000
vn -1.0000 -0.0000 -0.0000
vn -0.9959 -0.0905 -0.0000
vn -0.8944 0.4472 -0.0000
vn -0.8849 0.4657 -0.0000
vn -0.9933 -0.1157 -0.0000
vn -0.9947 -0.1029 -0.0000
vn -0.9146 0.4043 -0.0000
vn -0.6559 0.7549 -0.0000
vn 0.0106 0.9999 -0.0000
vn -0.9648 0.2631 -0.0000
vn 0.4690 0.8832 -0.0000
vn -0.6000 -0.8000 -0.0000
vn 0.8938 0.4485 -0.0000
vn -0.8599 0.5105 -0.0000
vn 0.9968 -0.0805 -0.0000
vn -0.9737 0.2279 -0.0000
vn 0.9866 0.1631 -0.0000
vn -0.3901 0.9208 -0.0000
vn 0.9798 -0.2000 -0.0000
vn -0.1980 0.9802 -0.0000
vn 0.9282 -0.3720 -0.0000
vn -0.8275 0.5615 -0.0000
vn 0.9985 0.0550 -0.0000
vn -0.4945 0.8692 -0.0000
vn 0.9241 -0.3820 -0.0000
vn 0.2556 -0.9668 -0.0000
vn 0.9924 -0.1228 -0.0000
vn 0.5286 -0.8489 -0.0000
vn 0.5724 0.8200 -0.0000
vn 0.2089 -0.9779 -0.0000
vn -0.4149 0.9099 -0.0000
vn -0.2356 -0.9719 -0.0000
vn -0.3830 0.9237 -0.0000
vn -0.8108 -0.5853 -0.0000
vn -0.2656 0.9641 -0.0000
vn -0.2611 0.9653 -0.0000
vn -0.9722 -0.2341 -0.0000
vn -0.2566 0.9665 -0.0000
vn 0.0238 0.9997 -0.0000
vn -0.9044 0.4266 -0.0000
vn -0.1075 0.9942 -0.0000
vn -0.9889 0.1483 -0.0000
vn -0.0665 0.9978 -0.0000
vn -0.9524 -0.3048 -0.0000
vn -0.1470 0.9891 -0.0000
vn -0.9749 0.2228 -0.0000
vn 0.2371 0.9715 -0.0000
vn -0.9332 0.3593 -0.0000
vn 0.9991 -0.0416 -0.0000
vn -0.9936 0.1133 -0.0000
vn 0.7158 -0.6983 -0.0000
vn -0.9978 0.0665 -0.0000
vn 0.5052 0.8630 -0.0000
vn 0.4996 0.8663 -0.0000
vn -0.9850 0.1724 -0.0000
vn 0.4940 0.8695 -0.0000
vn -0.7071 -0.7071 -0.0000
vn 0.6593 0.7519 -0.0000
vn 0.2747 -0.9615 -0.0000
vn 0.5872 0.8094 -0.0000
vn 0.5900 0.8074 -0.0000
vn 0.4586 -0.8886 -0.0000
vn 0.5927 0.8054 -0.0000
vn 0.5872 -0.8095 -0.0000
vn 0.4831 0.8756 -0.0000
vn 0.6579 -0.7531 -0.0000
vn 0.3206 0.9472 -0.0000
vn 0.7316 -0.6817 -0.0000
vn 0.5070 0.8619 -0.0000
vn 0.7697 -0.6385 -0.0000
vn 0.5345 0.8451 -0.0000
vn 0.0756 -0.9971 -0.0000
vn 0.7425 0.6698 -0.0000
vn -0.9669 0.2551 -0.0000
vn 0.2747 0.9615 -0.0000
vn -0.5217 0.8531 -0.0000
vn 0.6313 0.7756 -0.0000
vn 0.5450 0.8384 -0.0000
vn 0.9677 0.2521 -0.0000
vn 0.8193 -0.5733 -0.0000
vn 0.6440 0.7650 -0.0000
vn 0.8403 0.5421 -0.0000
vn -0.0000 1.0000 -0.0000
vn 0.6690 -0.7433 -0.0000
vn 0.2290 0.9734 -0.0000
vn 0.6508 -0.7593 -0.0000
vn 0.5887 0.8084 -0.0000
vn 0.9558 -0.2941 -0.0000
vn -0.6630 0.7486 -0.0000
vn 0.9992 -0.0400 -0.0000
vn -0.3880 0.9216 -0.0000
vn 0.5948 -0.8038 -0.0000
vn -0.0500 0.9987 -0.0000
vn 0.8437 -0.5369 -0.0000
vn 0.2631 0.9648 -0.0000
vn -0.1320 -0.9913 -0.0000
vn -0.2849 0.9585 -0.0000
vn 0.0250 -0.9997 -0.0000
vn -0.8683 0.4961 -0.0000
vn -0.1537 -0.9881 -0.0000
vn -0.9728 0.2316 -0.0000
vn 0.0267 -0.9996 -0.0000
vn -0.9670 0.2546 -0.0000
vn -0.4548 -0.8906 -0.0000
vn -0.8886 0.4586 -0.0000
vn 0.4569 0.8895 -0.0000
vn -0.6544 0.7562 -0.0000
vn -0.9999 0.0123 -0.0000
vn -0.0114 0.9999 -0.0000
vn -0.6376 0.7704 -0.0000
vn -0.9912 0.1322 -0.0000
vn 0.5098 0.8603 -0.0000
vn -0.7768 0.6298 -0.0000
vn -0.7913 0.6115 -0.0000
vn 0.0067 1.0000 -0.0000
vn -0.8137 0.5812 -0.0000
vn -0.6085 0.7936 -0.0000
vn 0.6010 0.7993 -0.0000
vn 0.0069 1.0000 -0.0000
vn 0.0115 0.9999 -0.0000
vn -0.3443 0.9389 -0.0000
vn 0.3336 0.9427 -0.0000
vn 0.0023 1.0000 -0.0000
vn -0.5616 -0.8274 -0.0000
vn 0.9844 0.1761 -0.0000
vn -0.4934 0.8698 -0.0000
vn -0.5922 -0.8058 -0.0000
vn 0.8524 -0.5229 -0.0000
vn -0.7455 0.6665 -0.0000
vn -0.6956 -0.7185 -0.0000
vn 0.6844 -0.7291 -0.0000
vn -0.9748 0.2231 -0.0000
vn -0.7499 -0.6616 -0.0000
vn -0.5905 -0.8070 -0.0000
vn -0.5031 0.8642 -0.0000
vn -0.4563 -0.8898 -0.0000
vn 0.1483 -0.9889 -0.0000
vn 0.0397 0.9992 -0.0000
vn -0.4153 -0.9097 -0.0000
vn 0.5599 -0.8286 -0.0000
vn -0.0280 0.9996 -0.0000
vn -0.7198 -0.6941 -0.0000
vn -0.5604 -0.8282 -0.0000
vn 0.2177 0.9760 -0.0000
vn 0.2208 0.9753 -0.0000
vn -0.8593 -0.5115 -0.0000
vn -0.0718 -0.9974 -0.0000
vn 0.2145 0.9767 -0.0000
vn -0.9932 -0.1168 -0.0000
vn -0.8042 -0.5944 -0.0000
vn -0.0943 0.9955 -0.0000
vn -0.9966 0.0830 -0.0000
vn -0.9979 -0.0651 -0.0000
vn 0.0842 0.9964 -0.0000
vn -0.4070 -0.9134 -0.0000
vn -0.8016 -0.5978 -0.0000
vn 0.0362 0.9993 -0.0000
vn 0.0830 -0.9965 -0.0000
vn -0.3396 0.9406 -0.0000
vn 0.7922 0.6103 -0.0000
vn 0.0002 -1.0000 -0.0000
vn -0.6698 -0.7426 -0.0000
vn 0.6112 0.7915 -0.0000
vn -0.0929 -0.9957 -0.0000
vn -0.9495 -0.3137 -0.0000
vn 0.9946 0.1041 -0.0000
vn -0.1279 -0.9918 -0.0000
vn -0.9999 -0.0169 -0.0000
vn 0.0031 -1.0000 -0.0000
vn -0.3088 -0.9511 -0.0000
vn -0.3260 0.9454 -0.0000
vn -0.0918 -0.9958 -0.0000
vn 0.3589 -0.9334 -0.0000
vn 0.3550 -0.9349 -0.0000
vn 0.8005 0.5994 -0.0000
vn -0.1146 -0.9934 -0.0000
vn 0.3511 -0.9363 -0.0000
vn 0.8726 0.4884 -0.0000
vn -0.1385 -0.9904 -0.0000
vn 0.1240 -0.9923 -0.0000
vn 0.9973 0.0733 -0.0000
vn -0.5547 -0.8320 -0.0000
vn -0.2224 -0.9750 -0.0000
vn 0.8512 -0.5248 -0.0000
vn -0.5684 -0.8228 -0.0000
vn -0.2393 -0.9710 -0.0000
vn 0.6118 -0.7910 -0.0000
vt 0.788089 0.077637
vt 0.828240 -0.000000
vt 0.839101 0.010564
vt 0.836613 0.124905
vt 0.883048 0.217650
vt 0.881007 0.242414
vt 0.932241 0.349552
vt 0.920049 0.412268
vt 0.926184 0.466510
vt 0.895310 0.489011
vt 0.840309 0.483630
vt 0.740872 0.445720
vt 0.744452 0.425930
vt 0.739921 0.419330
vt 0.709309 0.401646
vt 0.729818 0.258290
vt 0.709309 0.207078
vt 0.772234 0.086670
vt 0.444176 0.905514
vt 0.442418 0.912524
vt 0.429745 0.923181
vt 0.426142 0.916857
vt 0.426142 0.879018
vt 0.429864 0.867077
vt 0.433114 0.867035
vt 0.441661 0.892517
vt 0.668804 0.827788
vt 0.686115 0.834186
vt 0.691579 0.903117
vt 0.676257 0.922485
vt 0.669327 0.926878
vt 0.667376 0.920915
vt 0.665322 0.910732
vt 0.665322 0.828966
vt 0.349967 0.173040
vt 0.354655 0.189028
vt 0.343475 0.276517
vt 0.324266 0.287244
vt 0.336792 0.325330
vt 0.341553 0.334579
vt 0.351248 0.339253
vt 0.354655 0.345915
vt 0.298676 0.417978
vt 0.295720 0.432676
vt 0.270866 0.445256
vt 0.263405 0.531296
vt 0.234145 0.554854
vt 0.040003 0.533826
vt 0.034253 0.527530
vt 0.017386 0.509062
vt 0.017767 0.437244
vt 0.010609 0.399856
vt 0.000000 0.365203
vt 0.007735 0.338106
vt 0.001908 0.319883
vt 0.033959 0.277637
vt 0.034406 0.270169
vt 0.025489 0.266002
vt 0.033388 0.242893
vt 0.034132 0.211226
vt 0.187483 0.104693
vt 0.248380 0.078532
vt 0.256818 0.057993
vt 0.322447 -0.000000
vt 0.340963 0.098032
vt 0.340579 0.141021
vt 0.591536 0.600992
vt 0.604346 0.554855
vt 0.613121 0.555497
vt 0.624250 0.603670
vt 0.635721 0.623453
vt 0.643058 0.663994
vt 0.633132 0.699962
vt 0.601495 0.721321
vt 0.591536 0.723390
vt 0.595358 0.654249
vt 0.593800 0.633862
vt 0.593123 0.614601
vt 0.237638 0.579578
vt 0.244712 0.583580
vt 0.249411 0.584593
vt 0.252944 0.584428
vt 0.256180 0.582345
vt 0.279975 0.562621
vt 0.288619 0.560615
vt 0.290872 0.559535
vt 0.298213 0.555799
vt 0.303252 0.554855
vt 0.307365 0.557534
vt 0.309211 0.561473
vt 0.312700 0.565184
vt 0.317380 0.567549
vt 0.323267 0.568387
vt 0.325567 0.598980
vt 0.327593 0.602934
vt 0.330722 0.606616
vt 0.331074 0.681261
vt 0.314852 0.704396
vt 0.315002 0.711446
vt 0.324953 0.733366
vt 0.318489 0.781924
vt 0.320954 0.799357
vt 0.322679 0.809241
vt 0.325901 0.817352
vt 0.326739 0.821480
vt 0.327325 0.829829
vt 0.327940 0.837818
vt 0.327770 0.848812
vt 0.328972 0.855135
vt 0.331074 0.867035
vt 0.323806 0.866536
vt 0.299359 0.817545
vt 0.295924 0.810951
vt 0.293657 0.808872
vt 0.287959 0.805703
vt 0.283293 0.803159
vt 0.251937 0.726993
vt 0.247605 0.720326
vt 0.244452 0.715828
vt 0.241074 0.711856
vt 0.238904 0.709695
vt 0.231341 0.683909
vt 0.236322 0.680343
vt 0.239288 0.677155
vt 0.241298 0.671273
vt 0.241788 0.666350
vt 0.240034 0.660163
vt 0.238760 0.654736
vt 0.239584 0.649029
vt 0.241382 0.621295
vt 0.239910 0.600514
vt 0.707076 0.872706
vt 0.695701 0.885642
vt 0.691579 0.876361
vt 0.691579 0.835197
vt 0.693904 0.827788
vt 0.697295 0.829917
vt 0.706539 0.859972
vt 0.972023 0.951234
vt 0.967985 0.936870
vt 0.970845 0.912034
vt 0.976266 0.912176
vt 0.984820 0.926530
vt 0.984820 0.941602
vt 0.980983 0.963025
vt 0.231341 0.800976
vt 0.227179 0.818434
vt 0.190573 0.901778
vt 0.191385 0.938211
vt 0.166130 0.994057
vt 0.158650 0.979603
vt 0.158705 0.971439
vt 0.159849 0.959176
vt 0.162713 0.881330
vt 0.138407 0.791249
vt 0.147539 0.776457
vt 0.148689 0.772813
vt 0.148662 0.769130
vt 0.115671 0.670111
vt 0.119477 0.630845
vt 0.119289 0.621041
vt 0.119563 0.612651
vt 0.121324 0.609401
vt 0.118216 0.572142
vt 0.126543 0.554854
vt 0.162377 0.556408
vt 0.214587 0.586365
vt 0.231341 0.622670
vt 0.220448 0.718386
vt 0.490619 0.920490
vt 0.488376 0.920642
vt 0.483868 0.915062
vt 0.481989 0.913186
vt 0.475162 0.905697
vt 0.466908 0.890042
vt 0.465045 0.887476
vt 0.462917 0.886555
vt 0.460605 0.883832
vt 0.454388 0.869605
vt 0.463529 0.851086
vt 0.467428 0.842999
vt 0.469931 0.835569
vt 0.475293 0.817619
vt 0.480833 0.816244
vt 0.492816 0.829644
vt 0.494428 0.839613
vt 0.496604 0.860748
vt 0.496604 0.882092
vt 0.494199 0.908607
vt 0.491987 0.917581
vt 0.695901 0.554854
vt 0.705869 0.577702
vt 0.697740 0.593580
vt 0.694581 0.590282
vt 0.694581 0.555485
vt 0.454388 0.567558
vt 0.460072 0.554855
vt 0.472628 0.567940
vt 0.479342 0.575253
vt 0.489493 0.582653
vt 0.493316 0.585097
vt 0.494231 0.608024
vt 0.494584 0.615198
vt 0.497869 0.620351
vt 0.502407 0.624007
vt 0.512788 0.625828
vt 0.521843 0.639692
vt 0.521948 0.648694
vt 0.522962 0.661436
vt 0.520792 0.673984
vt 0.515203 0.707589
vt 0.515911 0.712415
vt 0.514234 0.763373
vt 0.514949 0.810556
vt 0.507055 0.816244
vt 0.497032 0.806197
vt 0.490332 0.799147
vt 0.483376 0.797393
vt 0.476778 0.797468
vt 0.466355 0.784801
vt 0.454388 0.778022
vt 0.461660 0.688393
vt 0.460855 0.677871
vt 0.462089 0.665924
vt 0.617321 0.733628
vt 0.627312 0.723390
vt 0.628429 0.763914
vt 0.620645 0.784417
vt 0.620126 0.787351
vt 0.620885 0.791478
vt 0.628429 0.813137
vt 0.610465 0.827977
vt 0.600172 0.842291
vt 0.592608 0.843345
vt 0.591536 0.814484
vt 0.592259 0.801999
vt 0.593937 0.781263
vt 0.595272 0.768580
vt 0.605322 0.752330
vt 0.853461 0.566647
vt 0.869316 0.575680
vt 0.932241 0.696089
vt 0.911732 0.747301
vt 0.932241 0.890657
vt 0.901629 0.908341
vt 0.897098 0.914941
vt 0.900678 0.934731
vt 0.801241 0.972641
vt 0.746240 0.978022
vt 0.715366 0.955520
vt 0.721502 0.901279
vt 0.709309 0.838563
vt 0.760543 0.731425
vt 0.758503 0.706661
vt 0.804937 0.613916
vt 0.802449 0.499575
vt 0.813310 0.489011
vt 0.454388 0.959121
vt 0.456902 0.946124
vt 0.465449 0.920642
vt 0.468700 0.920684
vt 0.472422 0.932625
vt 0.472422 0.970463
vt 0.468819 0.976788
vt 0.456145 0.966130
vt 0.614311 0.843345
vt 0.617793 0.844523
vt 0.617793 0.926289
vt 0.615739 0.936472
vt 0.613788 0.942434
vt 0.606858 0.938042
vt 0.591536 0.918674
vt 0.597000 0.849743
vt 0.359342 0.173040
vt 0.368730 0.141021
vt 0.368346 0.098032
vt 0.386862 -0.000000
vt 0.452491 0.057993
vt 0.460929 0.078532
vt 0.521826 0.104693
vt 0.675177 0.211226
vt 0.675921 0.242893
vt 0.683821 0.266002
vt 0.674903 0.270168
vt 0.675350 0.277637
vt 0.707401 0.319883
vt 0.701574 0.338106
vt 0.709309 0.365203
vt 0.698700 0.399856
vt 0.691542 0.437244
vt 0.691923 0.509062
vt 0.675056 0.527530
vt 0.669306 0.533826
vt 0.475164 0.554854
vt 0.445904 0.531296
vt 0.438443 0.445256
vt 0.413589 0.432676
vt 0.410633 0.417978
vt 0.354655 0.345915
vt 0.358061 0.339253
vt 0.367756 0.334579
vt 0.372517 0.325330
vt 0.385043 0.287244
vt 0.365834 0.276517
vt 0.694581 0.600992
vt 0.692993 0.614601
vt 0.692316 0.633862
vt 0.690758 0.654249
vt 0.694581 0.723390
vt 0.684621 0.721321
vt 0.652984 0.699962
vt 0.650396 0.623453
vt 0.661867 0.603670
vt 0.672995 0.555497
vt 0.681770 0.554855
vt 0.448091 0.579578
vt 0.445819 0.600514
vt 0.444347 0.621295
vt 0.446145 0.649029
vt 0.446969 0.654736
vt 0.445695 0.660163
vt 0.443941 0.666350
vt 0.444430 0.671273
vt 0.446441 0.677155
vt 0.449407 0.680343
vt 0.454388 0.683909
vt 0.446825 0.709695
vt 0.444654 0.711856
vt 0.441277 0.715828
vt 0.438123 0.720327
vt 0.433792 0.726993
vt 0.402436 0.803159
vt 0.397770 0.805703
vt 0.392072 0.808873
vt 0.389805 0.810951
vt 0.386370 0.817546
vt 0.361922 0.866536
vt 0.354655 0.867035
vt 0.356757 0.855135
vt 0.357959 0.848812
vt 0.357789 0.837818
vt 0.358404 0.829829
vt 0.358990 0.821480
vt 0.359828 0.817352
vt 0.363050 0.809241
vt 0.364774 0.799357
vt 0.367240 0.781924
vt 0.360775 0.733366
vt 0.370727 0.711446
vt 0.370877 0.704396
vt 0.354655 0.681261
vt 0.355006 0.606616
vt 0.358136 0.602934
vt 0.360161 0.598980
vt 0.362462 0.568388
vt 0.368349 0.567549
vt 0.373029 0.565184
vt 0.376518 0.561473
vt 0.378364 0.557534
vt 0.382477 0.554855
vt 0.387516 0.555799
vt 0.394857 0.559535
vt 0.397110 0.560615
vt 0.405753 0.562621
vt 0.429549 0.582345
vt 0.432785 0.584428
vt 0.436317 0.584593
vt 0.441017 0.583580
vt 0.967985 0.899098
vt 0.968522 0.886364
vt 0.977766 0.856309
vt 0.981157 0.854180
vt 0.983482 0.861589
vt 0.983482 0.902753
vt 0.979360 0.912034
vt 0.385323 0.975191
vt 0.376364 0.986982
vt 0.372526 0.965559
vt 0.372526 0.950487
vt 0.381081 0.936134
vt 0.386502 0.935991
vt 0.389362 0.960828
vt 0.231341 0.988901
vt 0.231341 0.977833
vt 0.249213 0.977833
vt 0.249213 0.988901
vt -0.000000 0.800977
vt 0.010893 0.718386
vt 0.000000 0.622670
vt 0.016755 0.586365
vt 0.068964 0.556409
vt 0.104798 0.554855
vt 0.113125 0.572142
vt 0.110018 0.609401
vt 0.111778 0.612652
vt 0.112053 0.621041
vt 0.111864 0.630845
vt 0.115671 0.670111
vt 0.082679 0.769130
vt 0.082652 0.772813
vt 0.083802 0.776457
vt 0.092934 0.791250
vt 0.068628 0.881330
vt 0.071493 0.959176
vt 0.072636 0.971439
vt 0.072691 0.979603
vt 0.065211 0.994057
vt 0.039956 0.938211
vt 0.040768 0.901778
vt 0.004162 0.818434
vt 0.671307 0.827636
vt 0.669939 0.824727
vt 0.667727 0.815753
vt 0.665322 0.789239
vt 0.665322 0.767894
vt 0.667499 0.746759
vt 0.669110 0.736790
vt 0.681093 0.723390
vt 0.686633 0.724765
vt 0.691995 0.742715
vt 0.694498 0.750145
vt 0.698397 0.758232
vt 0.707538 0.776751
vt 0.701321 0.790978
vt 0.699009 0.793701
vt 0.696881 0.794622
vt 0.695018 0.797188
vt 0.686764 0.812843
vt 0.679937 0.820332
vt 0.678058 0.822208
vt 0.673550 0.827788
vt 0.704549 0.593580
vt 0.705869 0.594210
vt 0.705869 0.629007
vt 0.702709 0.632305
vt 0.694581 0.616427
vt 0.591536 0.567558
vt 0.583835 0.665924
vt 0.585069 0.677871
vt 0.584263 0.688393
vt 0.591536 0.778022
vt 0.579568 0.784801
vt 0.569146 0.797468
vt 0.562548 0.797393
vt 0.555592 0.799147
vt 0.548891 0.806197
vt 0.538868 0.816244
vt 0.530974 0.810556
vt 0.531689 0.763373
vt 0.530012 0.712415
vt 0.530721 0.707589
vt 0.525131 0.673984
vt 0.523975 0.648694
vt 0.524080 0.639692
vt 0.533136 0.625828
vt 0.543516 0.624007
vt 0.548054 0.620351
vt 0.551339 0.615198
vt 0.551692 0.608024
vt 0.552607 0.585097
vt 0.556430 0.582653
vt 0.566581 0.575253
vt 0.573295 0.567940
vt 0.585851 0.554855
vt 0.639536 0.733628
vt 0.651535 0.752330
vt 0.661586 0.768580
vt 0.662920 0.781263
vt 0.664599 0.801999
vt 0.665322 0.814484
vt 0.664249 0.843345
vt 0.656685 0.842291
vt 0.646392 0.827977
vt 0.628429 0.813137
vt 0.635972 0.791478
vt 0.636732 0.787351
vt 0.636213 0.784417
vt 0.628429 0.763914
vt 0.629546 0.723390
vt 0.617793 0.962284
vt 0.617793 0.952328
vt 0.635665 0.952328
vt 0.635665 0.962284
vt 0.932241 0.918261
vt 0.932241 0.908201
vt 0.950113 0.908201
vt 0.950113 0.918261
vt 0.617793 0.989492
vt 0.617793 0.981725
vt 0.635665 0.981725
vt 0.635665 0.989492
vt 0.267085 0.907198
vt 0.267085 0.867035
vt 0.284957 0.867035
vt 0.284957 0.907198
vt 0.932241 0.957811
vt 0.950113 0.957811
vt 0.231341 0.873257
vt 0.231341 0.867035
vt 0.249213 0.867035
vt 0.249213 0.873257
vt 0.267085 0.928425
vt 0.284957 0.928425
vt 0.932241 0.964285
vt 0.950113 0.964285
vt 0.231341 0.883645
vt 0.249213 0.883645
vt 0.267085 0.931398
vt 0.284957 0.931398
vt 0.350201 0.662085
vt 0.353012 0.662085
vt 0.353012 0.679957
vt 0.350201 0.679957
vt 0.231341 0.963970
vt 0.249213 0.963970
vt 0.267085 0.935418
vt 0.284957 0.935418
vt 0.302828 0.967298
vt 0.302828 0.936228
vt 0.320700 0.936228
vt 0.320700 0.967298
vt 0.478732 0.979055
vt 0.478732 0.975473
vt 0.496604 0.975473
vt 0.496604 0.979055
vt 0.267085 0.956129
vt 0.284957 0.956129
vt 0.302828 0.979977
vt 0.320700 0.979977
vt 0.478732 0.995640
vt 0.496604 0.995640
vt 0.694581 0.668048
vt 0.708273 0.668048
vt 0.708273 0.685920
vt 0.694581 0.685920
vt 0.372526 0.935991
vt 0.372526 0.867035
vt 0.390398 0.867035
vt 0.390398 0.935991
vt 0.390398 0.976926
vt 0.390398 0.967186
vt 0.408270 0.967186
vt 0.408270 0.976926
vt 0.655943 0.861216
vt 0.665322 0.861216
vt 0.665322 0.879088
vt 0.655943 0.879088
vt 0.932241 0.986272
vt 0.950113 0.986272
vt 0.447374 0.884907
vt 0.454388 0.884907
vt 0.454388 0.902778
vt 0.447374 0.902778
vt 0.454388 0.981031
vt 0.454388 0.976788
vt 0.472259 0.976788
vt 0.472259 0.981031
vt 0.302828 0.936228
vt 0.302828 0.867035
vt 0.320700 0.867035
vt 0.320700 0.936228
vt 0.454388 0.996813
vt 0.472259 0.996813
vt 0.694581 0.650177
vt 0.708835 0.650177
vt 0.708835 0.668048
vt 0.249213 0.971275
vt 0.249213 0.959231
vt 0.267085 0.959231
vt 0.267085 0.971275
vt 0.550219 0.989412
vt 0.550219 0.962552
vt 0.568091 0.962552
vt 0.568091 0.989412
vt 0.249213 0.990700
vt 0.267085 0.990700
vt 0.284956 0.951618
vt 0.284956 0.867035
vt 0.302828 0.867035
vt 0.302828 0.951618
vt 0.967985 0.478268
vt 0.967985 0.444907
vt 0.985856 0.444907
vt 0.985856 0.478268
vt 0.950113 0.191494
vt 0.950113 0.175068
vt 0.967985 0.175068
vt 0.967985 0.191494
vt 0.932241 0.487908
vt 0.932241 0.474166
vt 0.950113 0.474166
vt 0.950113 0.487908
vt 0.950113 0.277084
vt 0.967985 0.277084
vt 0.932241 0.496045
vt 0.950113 0.496045
vt 0.950113 0.987733
vt 0.950113 0.966775
vt 0.967985 0.966775
vt 0.967985 0.987733
vt 0.932241 0.508361
vt 0.950113 0.508361
vt 0.390398 0.927900
vt 0.408270 0.927900
vt 0.932241 0.586158
vt 0.950113 0.586158
vt 0.967985 0.664349
vt 0.985856 0.664349
vt 0.932241 0.673758
vt 0.950113 0.673758
vt 0.950113 0.284174
vt 0.950113 0.277084
vt 0.967985 0.277084
vt 0.967985 0.284174
vt 0.932241 0.689295
vt 0.950113 0.689295
vt 0.950113 0.099522
vt 0.950113 -0.000000
vt 0.967985 -0.000000
vt 0.967985 0.099522
vt 0.932241 0.693026
vt 0.950113 0.693026
vt 0.950113 0.142174
vt 0.967985 0.142174
vt 0.932241 0.696692
vt 0.950113 0.696692
vt 0.932241 0.792434
vt 0.950113 0.792434
vt 0.950113 0.304973
vt 0.967985 0.304973
vt 0.932241 0.831883
vt 0.950113 0.831883
vt 0.950113 0.375914
vt 0.967985 0.375914
vt 0.932241 0.841633
vt 0.950113 0.841633
vt 0.950113 0.413953
vt 0.967985 0.413953
vt 0.932241 0.850014
vt 0.950113 0.850014
vt 0.950113 0.449810
vt 0.967985 0.449810
vt 0.932241 0.853407
vt 0.950113 0.853407
vt 0.950113 0.475432
vt 0.967985 0.475432
vt 0.932241 0.890249
vt 0.950113 0.890249
vt 0.950113 0.494325
vt 0.967985 0.494325
vt 0.932241 0.908201
vt 0.950113 0.908201
vt 0.950113 0.531258
vt 0.967985 0.531258
vt 0.249213 0.902588
vt 0.249213 0.867035
vt 0.267085 0.867035
vt 0.267085 0.902588
vt 0.950113 0.538574
vt 0.967985 0.538574
vt 0.249213 0.959231
vt 0.267085 0.959231
vt 0.446477 0.867035
vt 0.454388 0.867035
vt 0.454388 0.884907
vt 0.446477 0.884907
vt 0.331074 0.588844
vt 0.331074 0.554854
vt 0.348946 0.554854
vt 0.348946 0.588844
vt 0.683194 0.948532
vt 0.683194 0.926878
vt 0.701065 0.926878
vt 0.701065 0.948532
vt 0.331074 0.685174
vt 0.348946 0.685174
vt 0.683194 0.979726
vt 0.701065 0.979726
vt 0.331074 0.765819
vt 0.348946 0.765819
vt 0.967985 0.382475
vt 0.967985 0.222683
vt 0.985857 0.222683
vt 0.985857 0.382475
vt 0.331074 0.783654
vt 0.348946 0.783654
vt 0.967985 0.444907
vt 0.985857 0.444907
vt 0.331074 0.870841
vt 0.348946 0.870841
vt 0.390398 0.995960
vt 0.390398 0.976926
vt 0.408270 0.976926
vt 0.408270 0.995960
vt 0.331074 0.906902
vt 0.348946 0.906902
vt 0.354655 0.936206
vt 0.354655 0.867035
vt 0.372526 0.867035
vt 0.372526 0.936206
vt 0.331074 0.965412
vt 0.348946 0.965412
vt 0.573664 0.863964
vt 0.573664 0.816244
vt 0.591536 0.816244
vt 0.591536 0.863964
vt 0.591536 0.960401
vt 0.591536 0.942434
vt 0.609407 0.942434
vt 0.609407 0.960401
vt 0.573664 0.883302
vt 0.591536 0.883302
vt 0.478732 0.970374
vt 0.496604 0.970374
vt 0.573664 0.923539
vt 0.591536 0.923539
vt 0.478732 0.954610
vt 0.496604 0.954610
vt 0.573664 0.959854
vt 0.591536 0.959854
vt 0.478732 0.947870
vt 0.496604 0.947870
vt 0.635665 0.972719
vt 0.635665 0.943048
vt 0.653536 0.943048
vt 0.653536 0.972719
vt 0.478732 0.939643
vt 0.496604 0.939643
vt 0.635665 0.982462
vt 0.653536 0.982462
vt 0.478732 0.920642
vt 0.496604 0.920642
vt 0.514476 0.884999
vt 0.514476 0.816244
vt 0.532348 0.816244
vt 0.532348 0.884999
vt 0.408270 0.927005
vt 0.408270 0.912619
vt 0.426142 0.912619
vt 0.426142 0.927005
vt 0.514476 0.904806
vt 0.532348 0.904806
vt 0.408270 0.909062
vt 0.426142 0.909062
vt 0.514476 0.923657
vt 0.532348 0.923657
vt 0.408270 0.906896
vt 0.426142 0.906896
vt 0.514476 0.936784
vt 0.532348 0.936784
vt 0.408270 0.903771
vt 0.426142 0.903771
vt 0.514476 0.984445
vt 0.532348 0.984445
vt 0.408270 0.886930
vt 0.426142 0.886930
vt 0.322286 0.867035
vt 0.331074 0.867035
vt 0.331074 0.884907
vt 0.322286 0.884907
vt 0.408270 0.876813
vt 0.426142 0.876813
vt 0.348946 0.554855
vt 0.354595 0.554855
vt 0.354595 0.572726
vt 0.348946 0.572726
vt 0.408270 0.874158
vt 0.426142 0.874158
vt 0.550220 0.962552
vt 0.550220 0.951360
vt 0.568091 0.951360
vt 0.408270 0.867035
vt 0.426142 0.867035
vt 0.550220 0.945368
vt 0.568091 0.945368
vt 0.408270 0.977318
vt 0.408270 0.975718
vt 0.426142 0.975718
vt 0.426142 0.977318
vt 0.550220 0.936152
vt 0.568091 0.936152
vt 0.408270 0.972632
vt 0.426142 0.972632
vt 0.550220 0.929061
vt 0.568091 0.929061
vt 0.408270 0.964445
vt 0.426142 0.964445
vt 0.550220 0.921683
vt 0.568091 0.921683
vt 0.408270 0.942992
vt 0.426142 0.942992
vt 0.550220 0.917742
vt 0.568091 0.917742
vt 0.408270 0.927005
vt 0.426142 0.927005
vt 0.550220 0.909161
vt 0.568091 0.909161
vt 0.591536 0.985497
vt 0.591536 0.968719
vt 0.609407 0.968719
vt 0.609407 0.985497
vt 0.550220 0.899876
vt 0.568091 0.899876
vt 0.550220 0.883806
vt 0.568091 0.883806
vt 0.709309 0.978022
vt 0.727087 0.978022
vt 0.727087 0.995893
vt 0.709309 0.995893
vt 0.550220 0.846144
vt 0.568091 0.846144
vt 0.350121 0.590598
vt 0.354595 0.590598
vt 0.354595 0.608470
vt 0.350121 0.608470
vt 0.550220 0.822291
vt 0.568091 0.822291
vt 0.573664 0.986648
vt 0.573664 0.959854
vt 0.591536 0.959854
vt 0.591536 0.986648
vt 0.550220 0.816244
vt 0.568091 0.816244
vt 0.573664 0.987976
vt 0.591536 0.987976
vt 0.967985 0.989622
vt 0.967985 0.963025
vt 0.985857 0.963025
vt 0.985857 0.989622
vt 0.331074 0.987033
vt 0.348946 0.987033
vt 0.635665 0.943048
vt 0.635665 0.879674
vt 0.653536 0.879674
vt 0.653536 0.943048
vt 0.663613 0.879088
vt 0.663613 0.896960
vt 0.655943 0.896960
vt 0.635665 0.874891
vt 0.653536 0.874891
vt 0.433487 0.977628
vt 0.443977 0.977628
vt 0.443977 0.995500
vt 0.433487 0.995500
vt 0.635665 0.870466
vt 0.653536 0.870466
vt 0.426142 0.977628
vt 0.426142 0.995500
vt 0.635665 0.843345
vt 0.653536 0.843345
vt 0.701171 0.685920
vt 0.708189 0.685920
vt 0.708189 0.703792
vt 0.701171 0.703792
vt 0.354303 0.608470
vt 0.354303 0.626342
vt 0.350121 0.626342
vt 0.694581 0.703792
vt 0.408270 0.995585
vt 0.408270 0.991092
vt 0.426142 0.991092
vt 0.426142 0.995585
vt 0.707706 0.703792
vt 0.707706 0.721664
vt 0.694581 0.721664
vt 0.408270 0.986093
vt 0.426142 0.986093
vt 0.983482 0.854180
vt 0.995700 0.854180
vt 0.995700 0.872052
vt 0.983482 0.872052
vt 0.408270 0.981776
vt 0.426142 0.981776
vt 0.967985 0.089210
vt 0.967985 0.000000
vt 0.985857 0.000000
vt 0.985857 0.089210
vt 0.408270 0.977318
vt 0.426142 0.977318
vt 0.967985 0.099757
vt 0.985857 0.099757
vt 0.390398 0.927900
vt 0.390398 0.923315
vt 0.408270 0.923315
vt 0.408270 0.927900
vt 0.967985 0.111635
vt 0.985857 0.111635
vt 0.390398 0.915209
vt 0.408270 0.915209
vt 0.967985 0.210249
vt 0.985856 0.210249
vt 0.390398 0.912762
vt 0.408270 0.912762
vt 0.967985 0.222683
vt 0.985856 0.222683
vt 0.390398 0.904664
vt 0.408270 0.904664
vt 0.932241 0.121515
vt 0.932241 0.013372
vt 0.950113 0.013372
vt 0.950113 0.121515
vt 0.267085 0.968734
vt 0.267085 0.956129
vt 0.284956 0.956129
vt 0.284956 0.968734
vt 0.390398 0.873785
vt 0.408270 0.873785
vt 0.932241 0.224000
vt 0.950113 0.224000
vt 0.267085 0.975475
vt 0.284956 0.975475
vt 0.390398 0.869948
vt 0.408270 0.869948
vt 0.932241 0.246963
vt 0.950113 0.246963
vt 0.267085 0.985654
vt 0.284956 0.985654
vt 0.408270 0.867035
vt 0.932241 0.364619
vt 0.950113 0.364619
vt 0.267085 0.989486
vt 0.284956 0.989486
vt 0.654808 0.843345
vt 0.658168 0.843345
vt 0.658168 0.861216
vt 0.654808 0.861216
vt 0.932241 0.420635
vt 0.950113 0.420635
vt 0.284956 0.974366
vt 0.284956 0.951618
vt 0.302828 0.951618
vt 0.302828 0.974366
vt 0.665322 0.843345
vt 0.665322 0.861216
vt 0.932241 0.474166
vt 0.950113 0.474166
vt 0.284956 0.981477
vt 0.302828 0.981477
vt 0.426142 0.977628
vt 0.426142 0.960132
vt 0.444013 0.960132
vt 0.444013 0.977628
vt 0.532348 0.853097
vt 0.532348 0.816244
vt 0.550220 0.816244
vt 0.550220 0.853097
vt 0.284956 0.986308
vt 0.302828 0.986308
vt 0.426142 0.943268
vt 0.444013 0.943268
vt 0.532348 0.902600
vt 0.550220 0.902600
vt 0.752822 0.978022
vt 0.757374 0.978022
vt 0.757374 0.995893
vt 0.752822 0.995893
vt 0.426142 0.923182
vt 0.444013 0.923182
vt 0.532348 0.982087
vt 0.550220 0.982087
vt 0.742435 0.978022
vt 0.742435 0.995893
vt 0.350121 0.626342
vt 0.354228 0.626342
vt 0.354228 0.644213
vt 0.350121 0.644213
vt 0.950113 0.554878
vt 0.950113 0.538575
vt 0.967985 0.538575
vt 0.967985 0.554878
vt 0.496604 0.829221
vt 0.496604 0.816244
vt 0.514476 0.816244
vt 0.514476 0.829221
vt 0.694581 0.632305
vt 0.699557 0.632305
vt 0.699557 0.650177
vt 0.950113 0.562787
vt 0.967985 0.562787
vt 0.496604 0.838176
vt 0.514476 0.838176
vt 0.705423 0.632305
vt 0.705423 0.650177
vt 0.950113 0.591957
vt 0.967985 0.591957
vt 0.496604 0.850772
vt 0.514476 0.850772
vt 0.708879 0.632305
vt 0.708879 0.650177
vt 0.950113 0.712400
vt 0.967985 0.712400
vt 0.496604 0.863466
vt 0.514476 0.863466
vt 0.693120 0.903514
vt 0.698279 0.903514
vt 0.698279 0.921385
vt 0.693120 0.921385
vt 0.950113 0.767446
vt 0.967985 0.767446
vt 0.496604 0.897441
vt 0.514476 0.897441
vt 0.702568 0.903514
vt 0.702568 0.921385
vt 0.967985 0.768986
vt 0.967985 0.664349
vt 0.985857 0.664349
vt 0.985857 0.768986
vt 0.496604 0.902182
vt 0.514476 0.902182
vt 0.708692 0.903514
vt 0.708692 0.921385
vt 0.967985 0.787102
vt 0.985857 0.787102
vt 0.496604 0.953079
vt 0.514476 0.953079
vt 0.950113 0.966775
vt 0.950113 0.942162
vt 0.967985 0.942162
vt 0.967985 0.966775
vt 0.967985 0.854180
vt 0.985857 0.854180
vt 0.496604 1.000000
vt 0.514476 1.000000
vt 0.950113 0.939111
vt 0.967985 0.939111
vt 0.932241 -0.000000
vt 0.950113 -0.000000
vt 0.691579 0.885642
vt 0.708692 0.885642
vt 0.691579 0.903514
vt 0.950113 0.933898
vt 0.967985 0.933898
vt 0.349160 0.572726
vt 0.354595 0.572726
vt 0.354595 0.590598
vt 0.349160 0.590598
vt 0.727087 0.978022
vt 0.742435 0.978022
vt 0.727087 0.995893
vt 0.950113 0.928425
vt 0.967985 0.928425
vt 0.354655 0.971425
vt 0.354655 0.936206
vt 0.372526 0.936206
vt 0.372526 0.971425
vt 0.323580 0.884907
vt 0.331074 0.902778
vt 0.323580 0.902778
vt 0.950113 0.920534
vt 0.967985 0.920534
vt 0.354655 0.983901
vt 0.372526 0.983901
vt 0.617793 0.872224
vt 0.617793 0.843345
vt 0.635665 0.843345
vt 0.635665 0.872224
vt 0.950113 0.842036
vt 0.967985 0.842036
vt 0.353012 0.644213
vt 0.353012 0.662085
vt 0.350121 0.662085
vt 0.617793 0.884684
vt 0.635665 0.884684
vt 0.950113 0.837087
vt 0.967985 0.837087
vt 0.665322 0.946864
vt 0.665322 0.926878
vt 0.683194 0.926878
vt 0.683194 0.946864
vt 0.617793 0.905365
vt 0.635665 0.905365
vt 0.950113 0.830997
vt 0.967985 0.830997
vt 0.665322 0.957792
vt 0.683194 0.957792
vt 0.617793 0.918006
vt 0.635665 0.918006
vt 0.950113 0.827947
vt 0.967985 0.827947
vt 0.665322 0.964922
vt 0.683194 0.964922
vt 0.617793 0.933968
vt 0.635665 0.933968
vt 0.950113 0.820687
vt 0.967985 0.820687
vt 0.665322 0.979739
vt 0.683194 0.979739
vt 0.950113 0.767446
vt 0.967985 0.767446
vt 0.617793 0.962284
vt 0.635665 0.962284
s 1
usemtl Stylized_Crystal
f 1832/9893/2824 1833/9894/2824 1816/9895/2824 1817/9896/2824 1818/9897/2824 1819/9898/2824 1820/9899/2824 1821/9900/2824 1822/9901/2824 1823/9902/2824 1824/9903/2824 1825/9904/2824 1826/9905/2824 1827/9906/2824 1828/9907/2824 1829/9908/2824 1830/9909/2824 1831/9910/2824
f 1840/9911/2824 1841/9912/2824 1834/9913/2824 1835/9914/2824 1836/9915/2824 1837/9916/2824 1838/9917/2824 1839/9918/2824
f 1848/9919/2824 1849/9920/2824 1842/9921/2824 1843/9922/2824 1844/9923/2824 1845/9924/2824 1846/9925/2824 1847/9926/2824
f 1851/9927/2824 1861/9928/2824 1862/9929/2824 1863/9930/2824 1850/9931/2824 1853/9932/2824 1854/9933/2824 1855/9934/2824 1856/9935/2824 1857/9936/2824 1858/9937/2824 1859/9938/2824 1860/9939/2824 1864/9940/2824 1852/9941/2824 1868/9942/2824 1869/9943/2824 1870/9944/2824 1871/9945/2824 1872/9946/2824 1873/9947/2824 1874/9948/2824 1875/9949/2824 1876/9950/2824 1877/9951/2824 1878/9952/2824 1879/9953/2824 1880/9954/2824 1881/9955/2824 1865/9956/2824 1866/9957/2824 1867/9958/2824
f 1892/9959/2824 1893/9960/2824 1882/9961/2824 1883/9962/2824 1884/9963/2824 1885/9964/2824 1886/9965/2824 1887/9966/2824 1888/9967/2824 1889/9968/2824 1890/9969/2824 1891/9970/2824
f 1926/9971/2824 1925/9972/2824 1924/9973/2824 1923/9974/2824 1922/9975/2824 1921/9976/2824 1920/9977/2824 1919/9978/2824 1918/9979/2824 1917/9980/2824 1916/9981/2824 1915/9982/2824 1914/9983/2824 1913/9984/2824 1912/9985/2824 1911/9986/2824 1910/9987/2824 1909/9988/2824 1908/9989/2824 1907/9990/2824 1906/9991/2824 1905/9992/2824 1904/9993/2824 1903/9994/2824 1902/9995/2824 1901/9996/2824 1900/9997/2824 1899/9998/2824 1898/9999/2824 1897/10000/2824 1896/10001/2824 1895/10002/2824 1894/10003/2824 1946/10004/2824 1945/10005/2824 1944/10006/2824 1943/10007/2824 1942/10008/2824 1941/10009/2824 1940/10010/2824 1939/10011/2824 1938/10012/2824 1937/10013/2824 1936/10014/2824 1935/10015/2824 1934/10016/2824 1933/10017/2824 1932/10018/2824 1931/10019/2824 1930/10020/2824 1929/10021/2824 1928/10022/2824 1927/10023/2824
f 1953/10024/2824 1947/10025/2824 1948/10026/2824 1949/10027/2824 1950/10028/2824 1951/10029/2824 1952/10030/2824
f 1954/10031/2824 1955/10032/2824 1957/10033/2824 1958/10034/2824 1959/10035/2824 1960/10036/2824 1956/10037/2824
f 1981/10038/2824 1982/10039/2824 1983/10040/2824 1984/10041/2824 1961/10042/2824 1962/10043/2824 1963/10044/2824 1964/10045/2824 1965/10046/2824 1966/10047/2824 1967/10048/2824 1968/10049/2824 1969/10050/2824 1970/10051/2824 1971/10052/2824 1972/10053/2824 1973/10054/2824 1974/10055/2824 1975/10056/2824 1976/10057/2824 1977/10058/2824 1978/10059/2824 1979/10060/2824 1980/10061/2824
f 2000/10062/2824 1999/10063/2824 1998/10064/2824 1997/10065/2824 1996/10066/2824 1995/10067/2824 1994/10068/2824 1993/10069/2824 1992/10070/2824 1991/10071/2824 1990/10072/2824 1989/10073/2824 1988/10074/2824 1987/10075/2824 1986/10076/2824 1985/10077/2824 2005/10078/2824 2004/10079/2824 2003/10080/2824 2002/10081/2824 2001/10082/2824
f 2010/10083/2824 2006/10084/2824 2007/10085/2824 2008/10086/2824 2009/10087/2824
f 2022/10088/2824 2023/10089/2824 2024/10090/2824 2025/10091/2824 2026/10092/2824 2027/10093/2824 2028/10094/2824 2029/10095/2824 2030/10096/2824 2031/10097/2824 2032/10098/2824 2033/10099/2824 2034/10100/2824 2035/10101/2824 2036/10102/2824 2037/10103/2824 2038/10104/2824 2039/10105/2824 2011/10106/2824 2012/10107/2824 2013/10108/2824 2014/10109/2824 2015/10110/2824 2016/10111/2824 2017/10112/2824 2018/10113/2824 2019/10114/2824 2020/10115/2824 2021/10116/2824
f 2049/10117/2824 2050/10118/2824 2051/10119/2824 2052/10120/2824 2053/10121/2824 2054/10122/2824 2040/10123/2824 2041/10124/2824 2042/10125/2824 2043/10126/2824 2044/10127/2824 2045/10128/2824 2046/10129/2824 2047/10130/2824 2048/10131/2824
f 2071/10132/2825 2070/10133/2825 2069/10134/2825 2068/10135/2825 2067/10136/2825 2066/10137/2825 2065/10138/2825 2064/10139/2825 2063/10140/2825 2062/10141/2825 2061/10142/2825 2060/10143/2825 2059/10144/2825 2058/10145/2825 2057/10146/2825 2056/10147/2825 2055/10148/2825 2072/10149/2825
f 2079/10150/2825 2078/10151/2825 2077/10152/2825 2076/10153/2825 2075/10154/2825 2074/10155/2825 2073/10156/2825 2080/10157/2825
f 2087/10158/2825 2086/10159/2825 2085/10160/2825 2084/10161/2825 2083/10162/2825 2082/10163/2825 2081/10164/2825 2088/10165/2825
f 2098/10166/2825 2106/10167/2825 2105/10168/2825 2104/10169/2825 2120/10170/2825 2119/10171/2825 2118/10172/2825 2117/10173/2825 2116/10174/2825 2115/10175/2825 2114/10176/2825 2113/10177/2825 2112/10178/2825 2111/10179/2825 2110/10180/2825 2109/10181/2825 2108/10182/2825 2107/10183/2825 2103/10184/2825 2102/10185/2825 2097/10186/2825 2096/10187/2825 2095/10188/2825 2094/10189/2825 2093/10190/2825 2092/10191/2825 2091/10192/2825 2090/10193/2825 2089/10194/2825 2101/10195/2825 2100/10196/2825 2099/9928/2825
f 2131/10197/2825 2130/10198/2825 2129/10199/2825 2128/10200/2825 2127/10201/2825 2126/10202/2825 2125/10203/2825 2124/9964/2825 2123/10204/2825 2122/10205/2825 2121/10206/2825 2132/10207/2825
f 2165/10208/2825 2166/10209/2825 2167/10210/2825 2168/10211/2825 2169/10212/2825 2170/10213/2825 2171/10214/2825 2172/10215/2825 2173/10216/2825 2174/10217/2825 2175/10218/2825 2176/10219/2825 2177/10220/2825 2178/10221/2825 2179/10222/2825 2180/10223/2825 2181/10224/2825 2182/10225/2825 2183/10226/2825 2184/10227/2825 2185/10228/2825 2133/10229/2825 2134/10230/2825 2135/10231/2825 2136/10232/2825 2137/10233/2825 2138/10234/2825 2139/10235/2825 2140/10236/2825 2141/10237/2825 2142/10238/2825 2143/10239/2825 2144/10240/2825 2145/10241/2825 2146/10242/2825 2147/10243/2825 2148/10244/2825 2149/10245/2825 2150/10246/2825 2151/10247/2825 2152/10248/2825 2153/10249/2825 2154/10250/2825 2155/10251/2825 2156/10252/2825 2157/10253/2825 2158/10254/2825 2159/10255/2825 2160/10256/2825 2161/10257/2825 2162/10258/2825 2163/10259/2825 2164/10260/2825
f 2192/10261/2825 2191/10262/2825 2190/10263/2825 2189/10264/2825 2188/10265/2825 2187/10266/2825 2186/10267/2825
f 2193/10268/2825 2195/10269/2825 2199/10270/2825 2198/10271/2825 2197/10272/2825 2196/10273/2825 2194/10274/2825
f 1955/10275/2826 1954/10276/2826 2193/10277/2826 2194/10278/2826
f 2220/10279/2825 2219/10280/2825 2218/10281/2825 2217/10282/2825 2216/10283/2825 2215/10284/2825 2214/10285/2825 2213/10286/2825 2212/10287/2825 2211/10288/2825 2210/10289/2825 2209/10290/2825 2208/10291/2825 2207/10292/2825 2206/10293/2825 2205/10294/2825 2204/10295/2825 2203/10296/2825 2202/10297/2825 2201/10298/2825 2200/10299/2825 2223/10300/2825 2222/10301/2825 2221/10302/2825
f 2239/10303/2825 2240/10304/2825 2241/10305/2825 2242/10306/2825 2243/10307/2825 2244/10308/2825 2224/10309/2825 2225/10310/2825 2226/10311/2825 2227/10312/2825 2228/10313/2825 2229/10314/2825 2230/10315/2825 2231/10316/2825 2232/10317/2825 2233/10318/2825 2234/10319/2825 2235/10320/2825 2236/10321/2825 2237/10322/2825 2238/10323/2825
f 2249/10324/2825 2248/10325/2825 2247/10326/2825 2246/10327/2825 2245/10328/2825
f 2261/10329/2825 2260/10330/2825 2259/10331/2825 2258/10332/2825 2257/10333/2825 2256/10334/2825 2255/10335/2825 2254/10336/2825 2253/10337/2825 2252/10338/2825 2251/10339/2825 2250/10340/2825 2278/10341/2825 2277/10342/2825 2276/10343/2825 2275/10344/2825 2274/10101/2825 2273/10345/2825 2272/10346/2825 2271/10347/2825 2270/10348/2825 2269/10349/2825 2268/10350/2825 2267/10351/2825 2266/10352/2825 2265/10353/2825 2264/10354/2825 2263/10355/2825 2262/10356/2825
f 2288/10357/2825 2287/10358/2825 2286/10359/2825 2285/10360/2825 2284/10361/2825 2283/10362/2825 2282/10363/2825 2281/10364/2825 2280/10365/2825 2279/10366/2825 2293/10367/2825 2292/10368/2825 2291/10369/2825 2290/10370/2825 2289/10371/2825
f 2050/10372/2827 2049/10373/2827 2288/10374/2827 2289/10375/2827
f 1948/10376/2828 1947/10377/2828 2186/10378/2828 2187/10379/2828
f 1844/10380/2829 1843/10381/2829 2082/10382/2829 2083/10383/2829
f 2051/10384/2830 2050/10385/2830 2289/10386/2830 2290/10387/2830
f 1949/10388/2831 1948/10376/2831 2187/10379/2831 2188/10389/2831
f 1845/10390/2832 1844/10391/2832 2083/10392/2832 2084/10393/2832
f 2052/10394/2833 2051/10384/2833 2290/10387/2833 2291/10395/2833
f 1950/10396/2834 1949/10388/2834 2188/10389/2834 2189/10397/2834
f 1846/10398/2835 1845/10390/2835 2084/10393/2835 2085/10399/2835
f 2053/10400/2836 2052/10394/2836 2291/10395/2836 2292/10401/2836
f 1951/10402/2837 1950/10403/2837 2189/10404/2837 2190/10405/2837
f 1847/10406/2838 1846/10398/2838 2085/10399/2838 2086/10407/2838
f 2054/10408/2839 2053/10400/2839 2292/10401/2839 2293/10409/2839
f 1952/10410/2840 1951/10411/2840 2190/10412/2840 2191/10413/2840
f 1848/10414/2841 1847/10415/2841 2086/10416/2841 2087/10417/2841
f 2040/10418/2842 2054/10408/2842 2293/10409/2842 2279/10419/2842
f 1953/10420/2843 1952/10410/2843 2191/10413/2843 2192/10421/2843
f 1849/10422/2844 1848/10414/2844 2087/10417/2844 2088/10423/2844
f 1947/10424/2845 1953/10425/2845 2192/10426/2845 2186/10427/2845
f 1842/10428/2846 1849/10429/2846 2088/10430/2846 2081/10431/2846
f 1853/10432/2847 1850/10433/2847 2089/10434/2847 2090/10435/2847
f 1954/10276/2848 1956/10406/2848 2195/10407/2848 2193/10277/2848
f 1854/10436/2849 1853/10437/2849 2090/10438/2849 2091/10439/2849
f 1957/10440/2850 1955/10396/2850 2194/10397/2850 2196/10441/2850
f 1855/10442/2851 1854/10443/2851 2091/10444/2851 2092/10445/2851
f 1958/10446/2852 1957/10447/2852 2196/10448/2852 2197/10449/2852
f 1856/10450/2853 1855/10451/2853 2092/10452/2853 2093/10453/2853
f 1959/10454/2854 1958/10446/2854 2197/10449/2854 2198/10455/2854
f 1857/10456/2855 1856/10457/2855 2093/10458/2855 2094/10424/2855
f 1960/10459/2856 1959/10460/2856 2198/10461/2856 2199/10462/2856
f 1858/10463/2857 1857/10464/2857 2094/10465/2857 2095/10466/2857
f 1956/10467/2858 1960/10459/2858 2199/10462/2858 2195/10468/2858
f 1859/10469/2859 1858/10470/2859 2095/10471/2859 2096/10472/2859
f 1860/10473/2860 1859/10474/2860 2096/10475/2860 2097/10476/2860
f 1861/10477/2861 1851/10478/2861 2098/10479/2861 2099/10480/2861
f 1962/10481/2862 1961/10482/2862 2200/10483/2862 2201/10484/2862
f 1862/10485/2863 1861/10477/2863 2099/10480/2863 2100/10486/2863
f 1963/10487/2864 1962/10481/2864 2201/10484/2864 2202/10488/2864
f 1863/10489/2865 1862/10490/2865 2100/10491/2865 2101/10492/2865
f 1964/10493/2866 1963/10487/2866 2202/10488/2866 2203/10494/2866
f 1850/10433/2867 1863/10495/2867 2101/10496/2867 2089/10434/2867
f 1965/10497/2868 1964/10493/2868 2203/10494/2868 2204/10498/2868
f 1864/10499/2869 1860/10473/2869 2097/10476/2869 2102/10500/2869
f 1966/10501/2870 1965/10497/2870 2204/10498/2870 2205/10502/2870
f 1852/10503/2871 1864/10504/2871 2102/10505/2871 2103/10506/2871
f 1967/10507/2872 1966/10501/2872 2205/10502/2872 2206/10508/2872
f 1866/10509/2873 1865/10510/2873 2104/10511/2873 2105/10512/2873
f 1968/10513/2874 1967/10507/2874 2206/10508/2874 2207/10514/2874
f 1867/10515/2875 1866/10509/2875 2105/10512/2875 2106/10516/2875
f 1969/10517/2876 1968/10513/2876 2207/10514/2876 2208/10518/2876
f 1851/10478/2861 1867/10515/2861 2106/10516/2861 2098/10479/2861
f 1970/10519/2877 1969/10517/2877 2208/10518/2877 2209/10520/2877
f 1868/10521/2871 1852/10503/2871 2103/10506/2871 2107/10522/2871
f 1971/10523/2878 1970/10519/2878 2209/10520/2878 2210/10524/2878
f 1869/10525/2879 1868/10521/2879 2107/10522/2879 2108/10526/2879
f 1972/10527/2880 1971/10523/2880 2210/10524/2880 2211/10528/2880
f 1870/10529/2881 1869/10525/2881 2108/10526/2881 2109/10530/2881
f 1973/10531/2882 1972/10527/2882 2211/10528/2882 2212/10532/2882
f 1871/10533/2883 1870/10529/2883 2109/10530/2883 2110/10534/2883
f 1974/10535/2884 1973/10531/2884 2212/10532/2884 2213/10536/2884
f 1872/10537/2885 1871/10533/2885 2110/10534/2885 2111/10538/2885
f 1975/10539/2886 1974/10535/2886 2213/10536/2886 2214/10540/2886
f 1873/10541/2887 1872/10537/2887 2111/10538/2887 2112/10542/2887
f 1976/10543/2888 1975/10539/2888 2214/10540/2888 2215/10544/2888
f 1874/10545/2889 1873/10541/2889 2112/10542/2889 2113/10546/2889
f 1977/10547/2890 1976/10548/2890 2215/10549/2890 2216/10550/2890
f 1875/10551/2891 1874/10545/2891 2113/10546/2891 2114/10552/2891
f 1978/10553/2892 1977/10547/2892 2216/10550/2892 2217/10554/2892
f 1876/10555/2893 1875/10556/2893 2114/10557/2893 2115/10558/2893
f 1979/10559/2894 1978/10560/2894 2217/10561/2894 2218/10562/2894
f 1877/10563/2895 1876/10564/2895 2115/10565/2895 2116/10566/2895
f 1980/10567/2896 1979/10559/2896 2218/10562/2896 2219/10568/2896
f 1878/10569/2897 1877/10563/2897 2116/10566/2897 2117/10570/2897
f 1981/10571/2898 1980/10567/2898 2219/10568/2898 2220/10572/2898
f 1879/10573/2899 1878/10574/2899 2117/10575/2899 2118/10576/2899
f 1982/10577/2900 1981/10571/2900 2220/10572/2900 2221/10578/2900
f 1880/10579/2901 1879/10573/2901 2118/10576/2901 2119/10580/2901
f 1983/10581/2902 1982/10577/2902 2221/10578/2902 2222/10582/2902
f 1881/10583/2903 1880/10584/2903 2119/10585/2903 2120/10586/2903
f 1984/10587/2904 1983/10581/2904 2222/10582/2904 2223/10588/2904
f 1865/10589/2905 1881/10590/2905 2120/10591/2905 2104/10592/2905
f 1961/10593/2906 1984/10587/2906 2223/10588/2906 2200/10594/2906
f 1883/10595/2907 1882/10596/2907 2121/10597/2907 2122/10598/2907
f 1985/10599/2908 1986/10600/2908 2225/10601/2908 2224/10602/2908
f 1884/10603/2909 1883/10595/2909 2122/10598/2909 2123/10604/2909
f 1986/10415/2910 1987/10605/2910 2226/10606/2910 2225/10416/2910
f 1885/10607/2911 1884/10603/2911 2123/10604/2911 2124/10608/2911
f 1987/10605/2912 1988/10609/2912 2227/10610/2912 2226/10606/2912
f 1886/10611/2913 1885/10607/2913 2124/10608/2913 2125/10612/2913
f 1988/10609/2914 1989/10613/2914 2228/10614/2914 2227/10610/2914
f 1887/10615/2915 1886/10616/2915 2125/10617/2915 2126/10618/2915
f 1989/10613/2916 1990/10619/2917 2229/10620/2917 2228/10614/2916
f 1888/10621/2918 1887/10615/2918 2126/10618/2918 2127/10622/2918
f 1990/10619/2917 1991/10623/2919 2230/10624/2919 2229/10620/2917
f 1889/10625/2920 1888/10626/2920 2127/10627/2920 2128/10628/2920
f 1991/10629/2921 1992/10630/2921 2231/10631/2921 2230/10632/2921
f 1890/10633/2922 1889/10625/2922 2128/10628/2922 2129/10634/2922
f 1992/10630/2923 1993/10635/2923 2232/10636/2923 2231/10631/2923
f 1891/10637/2924 1890/10633/2924 2129/10634/2924 2130/10638/2924
f 1993/10635/2925 1994/10639/2925 2233/10640/2925 2232/10636/2925
f 1892/10641/2926 1891/10637/2926 2130/10638/2926 2131/10642/2926
f 1994/10639/2927 1995/10643/2927 2234/10644/2927 2233/10640/2927
f 1893/10645/2928 1892/10641/2928 2131/10642/2928 2132/10646/2928
f 1995/10643/2929 1996/10647/2929 2235/10648/2929 2234/10644/2929
f 1882/10649/2930 1893/10650/2930 2132/10651/2930 2121/10652/2930
f 1996/10647/2931 1997/10653/2931 2236/10654/2931 2235/10648/2931
f 1894/10655/2932 1895/10656/2932 2134/10657/2932 2133/10658/2932
f 1997/10653/2933 1998/10659/2933 2237/10660/2933 2236/10654/2933
f 1895/10661/2934 1896/10662/2935 2135/10663/2935 2134/10465/2934
f 1998/10659/2936 1999/10664/2936 2238/10665/2936 2237/10660/2936
f 1896/10662/2935 1897/10666/2937 2136/10667/2937 2135/10663/2935
f 1999/10668/2938 2000/10669/2938 2239/10670/2938 2238/10671/2938
f 1897/10666/2939 1898/10672/2939 2137/10673/2939 2136/10667/2939
f 2000/10669/2940 2001/10674/2940 2240/10675/2940 2239/10670/2940
f 1898/10672/2941 1899/10676/2942 2138/10677/2942 2137/10673/2941
f 2001/10674/2943 2002/10678/2943 2241/10679/2943 2240/10675/2943
f 1899/10676/2942 1900/10680/2944 2139/10681/2944 2138/10677/2942
f 2002/10678/2945 2003/10682/2945 2242/10683/2945 2241/10679/2945
f 1900/10680/2946 1901/10684/2946 2140/10685/2946 2139/10681/2946
f 2003/10682/2947 2004/10686/2947 2243/10687/2947 2242/10683/2947
f 1901/10684/2948 1902/10688/2948 2141/10689/2948 2140/10685/2948
f 2004/10690/2949 2005/10691/2949 2244/10692/2949 2243/10693/2949
f 1902/10688/2950 1903/10694/2950 2142/10695/2950 2141/10689/2950
f 2005/10691/2951 1985/10599/2951 2224/10602/2951 2244/10692/2951
f 1903/10694/2952 1904/10696/2952 2143/10697/2952 2142/10695/2952
f 2007/10698/2953 2006/10699/2953 2245/10700/2953 2246/10701/2953
f 1904/10696/2954 1905/10702/2954 2144/10703/2954 2143/10697/2954
f 2008/10704/2955 2007/10705/2955 2246/10706/2955 2247/10707/2955
f 1905/10702/2956 1906/10708/2956 2145/10709/2956 2144/10703/2956
f 2009/10710/2957 2008/10711/2957 2247/10712/2957 2248/10713/2957
f 1906/10708/2958 1907/10714/2958 2146/10715/2958 2145/10709/2958
f 2010/10716/2959 2009/10710/2959 2248/10713/2959 2249/10717/2959
f 1907/10718/2960 1908/10719/2960 2147/10720/2960 2146/10721/2960
f 2006/10722/2961 2010/10593/2961 2249/10594/2961 2245/10723/2961
f 1908/10724/2962 1909/10725/2962 2148/10726/2962 2147/10727/2962
f 2012/10439/2963 2011/10728/2963 2250/10729/2963 2251/10730/2963
f 1909/10725/2964 1910/10731/2964 2149/10732/2964 2148/10726/2964
f 2013/10733/2965 2012/10734/2965 2251/10735/2965 2252/10736/2965
f 1910/10731/2966 1911/10737/2966 2150/10738/2966 2149/10732/2966
f 2014/10739/2967 2013/10733/2967 2252/10736/2967 2253/10740/2967
f 1911/10737/2968 1912/10741/2968 2151/10742/2968 2150/10738/2968
f 2015/10743/2969 2014/10744/2969 2253/10745/2969 2254/10746/2969
f 1912/10707/2970 1913/10747/2970 2152/10748/2970 2151/10749/2970
f 2016/10427/2971 2015/10743/2971 2254/10746/2971 2255/10750/2971
f 1913/10751/2972 1914/10752/2972 2153/10753/2972 2152/10754/2972
f 2017/10750/2973 2016/10755/2973 2255/10756/2973 2256/10757/2973
f 1914/10752/2974 1915/10758/2974 2154/10759/2974 2153/10753/2974
f 2018/10760/2975 2017/10761/2975 2256/10762/2975 2257/10763/2975
f 1915/10758/2976 1916/10764/2976 2155/10765/2976 2154/10759/2976
f 2019/10766/2977 2018/10767/2977 2257/10768/2977 2258/10769/2977
f 1916/10764/2978 1917/10770/2978 2156/10771/2978 2155/10765/2978
f 2020/10772/2979 2019/10766/2979 2258/10769/2979 2259/10773/2979
f 1917/10774/2980 1918/10775/2980 2157/10776/2980 2156/10777/2980
f 2021/10778/2981 2020/10772/2981 2259/10773/2981 2260/10779/2981
f 1918/10775/2982 1919/10780/2982 2158/10781/2982 2157/10776/2982
f 2022/10782/2983 2021/10778/2983 2260/10779/2983 2261/10783/2983
f 1919/10780/2984 1920/10784/2984 2159/10785/2984 2158/10781/2984
f 2023/10786/2985 2022/10782/2985 2261/10783/2985 2262/10787/2985
f 1920/10784/2986 1921/10788/2986 2160/10789/2986 2159/10785/2986
f 1817/10790/2987 1816/10791/2987 2055/10792/2987 2056/10793/2987
f 2024/10794/2988 2023/10795/2988 2262/10796/2988 2263/10797/2988
f 1921/10788/2989 1922/10798/2989 2161/10799/2989 2160/10789/2989
f 1818/10800/2990 1817/10790/2990 2056/10793/2990 2057/10801/2990
f 2025/10802/2991 2024/10794/2991 2263/10797/2991 2264/10803/2991
f 1922/10798/2992 1923/10804/2992 2162/10805/2992 2161/10799/2992
f 1819/10806/2993 1818/10800/2993 2057/10801/2993 2058/10807/2993
f 2026/10808/2994 2025/10802/2994 2264/10803/2994 2265/10809/2994
f 1923/10804/2995 1924/10430/2995 2163/10810/2995 2162/10805/2995
f 1820/10811/2996 1819/10806/2996 2058/10807/2996 2059/10812/2996
f 2027/10813/2997 2026/10808/2997 2265/10809/2997 2266/10814/2997
f 1924/10815/2998 1925/10816/2998 2164/10817/2998 2163/10818/2998
f 1821/10819/2999 1820/10811/2999 2059/10812/2999 2060/10820/2999
f 2028/10821/3000 2027/10822/3001 2266/10823/3001 2267/10824/3000
f 1925/10816/3002 1926/10825/3002 2165/10826/3002 2164/10817/3002
f 1822/10827/3003 1821/10819/3003 2060/10820/3003 2061/10828/3003
f 2029/10829/3004 2028/10821/3000 2267/10824/3000 2268/10830/3004
f 1926/10831/3005 1927/10832/3005 2166/10833/3005 2165/10834/3005
f 1823/10835/3006 1822/10836/3006 2061/10837/3006 2062/10838/3006
f 2030/10839/3007 2029/10829/3007 2268/10830/3007 2269/10840/3007
f 1927/10832/3008 1928/10841/3008 2167/10842/3008 2166/10833/3008
f 1824/10843/3009 1823/10835/3009 2062/10838/3009 2063/10844/3009
f 2031/10845/3010 2030/10846/3010 2269/10847/3010 2270/10848/3010
f 1928/10841/3011 1929/10849/3011 2168/10850/3011 2167/10842/3011
f 1825/10851/3012 1824/10843/3012 2063/10844/3012 2064/10852/3012
f 2032/10853/3013 2031/10845/3013 2270/10848/3013 2271/10854/3013
f 1929/10855/3014 1930/10856/3014 2169/10857/3014 2168/10858/3014
f 1826/10859/3015 1825/10860/3015 2064/10861/3015 2065/10862/3015
f 2033/10863/3016 2032/10864/3016 2271/10865/3016 2272/10866/3016
f 1930/10867/3017 1931/10868/3017 2170/10869/3017 2169/10456/3017
f 1827/10870/3018 1826/10859/3018 2065/10862/3018 2066/10871/3018
f 2034/10872/3019 2033/10863/3019 2272/10866/3019 2273/10873/3019
f 1931/10868/3020 1932/10874/3020 2171/10875/3020 2170/10869/3020
f 1828/10876/3021 1827/10870/3021 2066/10871/3021 2067/10877/3021
f 2035/10878/3022 2034/10872/3022 2273/10873/3022 2274/10879/3022
f 1932/10874/3023 1933/10880/3023 2172/10881/3023 2171/10875/3023
f 1829/10882/3024 1828/10876/3024 2067/10877/3024 2068/10883/3024
f 2036/10884/3025 2035/10878/3026 2274/10879/3026 2275/10885/3025
f 1933/10886/3027 1934/10887/3027 2173/10888/3027 2172/10889/3027
f 1830/10890/3028 1829/10882/3028 2068/10883/3028 2069/10891/3028
f 2037/10892/3029 2036/10884/3025 2275/10885/3025 2276/10893/3029
f 1934/10887/3030 1935/10894/3030 2174/10895/3030 2173/10888/3030
f 1831/10896/3031 1830/10897/3031 2069/10898/3031 2070/10899/3031
f 2038/10900/3032 2037/10892/3032 2276/10893/3032 2277/10901/3032
f 1935/10894/3033 1936/10902/3033 2175/10903/3033 2174/10895/3033
f 1832/10904/3034 1831/10896/3034 2070/10899/3034 2071/10905/3034
f 2039/10906/3035 2038/10900/3035 2277/10901/3035 2278/10907/3035
f 1936/10908/3036 1937/10909/3036 2176/10910/3036 2175/10911/3036
f 1833/10912/3037 1832/10904/3037 2071/10905/3037 2072/10913/3037
f 2011/10914/3038 2039/10906/3038 2278/10907/3038 2250/10915/3038
f 1937/10909/3039 1938/10916/3039 2177/10917/3039 2176/10910/3039
f 1816/10791/3040 1833/10918/3040 2072/10919/3040 2055/10792/3040
f 2041/10920/3041 2040/10921/3041 2279/10902/3041 2280/10922/3041
f 1938/10916/3042 1939/10923/3042 2178/10924/3042 2177/10917/3042
f 1835/10925/3043 1834/10926/3043 2073/10927/3043 2074/10928/3043
f 2042/10929/3044 2041/10930/3044 2280/10854/3044 2281/10931/3044
f 1939/10923/3045 1940/10932/3045 2179/10933/3045 2178/10924/3045
f 1836/10934/3046 1835/10935/3046 2074/10936/3046 2075/10937/3046
f 2043/10938/3047 2042/10651/3047 2281/10939/3047 2282/10940/3047
f 1940/10932/3048 1941/10941/3048 2180/10942/3048 2179/10933/3048
f 1837/10943/3049 1836/10934/3049 2075/10937/3049 2076/10944/3049
f 2044/10945/3050 2043/10946/3050 2282/10947/3050 2283/10948/3050
f 1941/10941/3051 1942/10949/3051 2181/10950/3051 2180/10942/3051
f 1838/10858/3052 1837/10951/3052 2076/10952/3052 2077/10953/3052
f 2045/10954/3053 2044/10945/3053 2283/10948/3053 2284/10955/3053
f 1942/10949/3054 1943/10956/3055 2182/10957/3055 2181/10950/3054
f 1839/10958/3056 1838/10959/3056 2077/10960/3056 2078/10961/3056
f 2046/10962/3057 2045/10954/3057 2284/10955/3057 2285/10963/3057
f 1943/10956/3055 1944/10964/3058 2183/10965/3058 2182/10957/3055
f 1840/10966/3059 1839/10958/3059 2078/10961/3059 2079/10967/3059
f 2047/10968/3060 2046/10962/3060 2285/10963/3060 2286/10969/3060
f 1944/10964/3061 1945/10970/3061 2184/10971/3061 2183/10965/3061
f 1841/10972/3062 1840/10966/3062 2079/10967/3062 2080/10973/3062
f 2048/10974/3063 2047/10968/3063 2286/10969/3063 2287/10975/3063
f 1945/10970/3064 1946/10976/3064 2185/10977/3064 2184/10971/3064
f 1834/10978/3065 1841/10972/3065 2080/10973/3065 2073/10979/3065
f 2049/10373/3066 2048/10974/3066 2287/10975/3066 2288/10374/3066
f 1946/10976/3067 1894/10980/3067 2133/10981/3067 2185/10977/3067
f 1843/10381/3068 1842/10982/3068 2081/10983/3068 2082/10382/3068
